
=== ENVIRONMENT [leg gpu_f64] ===
  hostname             ccalin016.flatironinstitute.org
  jax_backend          gpu
  jax_devices          ['cuda:0']
  jax_device_kinds     ['NVIDIA RTX A6000']
  jax_enable_x64       True
  jax_default_matmul_precision None
  dtype                float64
  fft_backend_hint     cufft
  cpu_model            Intel(R) Xeon(R) Gold 6244 CPU @ 3.60GHz
  cpu_affinity_count   32
  nvidia_smi           NVIDIA RTX A6000, 595.91.07, 49140 MiB, 8.6, 2100 MHz
  configs              [[2, 205, 2], [2, 410, 2], [2, 1024, 2], [2, 2048, 4], [3, 1024, 8], [2, 4096, 4]]
  families             ['aligo02', 'aligo2', 'aligo20', 'expcos', 'white', 'gw150914']
  threads              {'OMP_NUM_THREADS': '1', 'MKL_NUM_THREADS': None, 'OPENBLAS_NUM_THREADS': None, 'NPROC': None, 'XLA_FLAGS': None, 'JAX_PLATFORMS': 'cuda'}
  xla_cpu_pool         0
  matmul               true float32/float64 dots
  policies             gs_coeffs=pr spectra_from=f64 logdetC_source=longdouble
  ringdown             /mnt/home/misi/src/ringdown (v1.1.0-42-g0246591)
  gpu_state            0 %, 210 MHz, 2100 MHz, 41, 44.68 W, 532 MiB

------------------------------------------------------------------------------
=== LEG: cpu_f64_omp8 ===
  $ /mnt/home/misi/src/ringdown/.venv/bin/python /mnt/home/misi/src/ringdown/benchmarks/gs/bench_gs.py --no-sub --out /mnt/home/misi/src/ringdown/benchmarks/gs/results/local.cpu_f64_omp8.json --parent-pid 2744913 --platform cpu --x64 1 --omp 8 --xla-threads 8 --leg cpu_f64_omp8 --sections env,reference,correctness,devtime,compile,f32acc,nuts --inputs /mnt/home/misi/src/ringdown/benchmarks/gs/inputs --ref /mnt/home/misi/src/ringdown/benchmarks/gs/results/local.ref.npz --nfft both --timing-families aligo02,expcos --nuts-variants main,main_hoisted,gs_half,gemm_linv --nuts-n 300 --nuts-seeds 0,1 --cpu-omp 8 --gs-coeffs pr --spectra-from f64 --ref-logdet cholesky --tag local-a6000-run2
  | 
  | === ENVIRONMENT [leg cpu_f64_omp8] ===
  |   hostname             ccalin016.flatironinstitute.org
  |   jax_backend          cpu
  |   jax_devices          ['cpu:0']
  |   jax_device_kinds     ['cpu']
  |   jax_enable_x64       True
  |   jax_default_matmul_precision None
  |   dtype                float64
  |   fft_backend_hint     ducc
  |   cpu_model            Intel(R) Xeon(R) Gold 6244 CPU @ 3.60GHz
  |   cpu_affinity_count   32
  |   nvidia_smi           NVIDIA RTX A6000, 595.91.07, 49140 MiB, 8.6, 2100 MHz
  |   configs              [[2, 205, 2], [2, 410, 2], [2, 1024, 2], [2, 2048, 4], [3, 1024, 8], [2, 4096, 4]]
  |   families             ['aligo02', 'aligo2', 'aligo20', 'expcos', 'white', 'gw150914']
  |   threads              {'OMP_NUM_THREADS': '8', 'MKL_NUM_THREADS': '8', 'OPENBLAS_NUM_THREADS': '8', 'NPROC': '8', 'XLA_FLAGS': None, 'JAX_PLATFORMS': 'cpu'}
  |   xla_cpu_pool         8
  |   matmul               true float32/float64 dots
  |   policies             gs_coeffs=pr spectra_from=f64 logdetC_source=longdouble
  |   ringdown             /mnt/home/misi/src/ringdown (v1.1.0-42-g0246591)
  | 
  | === EXTENDED-PRECISION REFERENCE [leg cpu_f64_omp8] -> /mnt/home/misi/src/ringdown/benchmarks/gs/results/local.ref.npz ===
  |   2,205,2      aligo02   cond=5.73e+09  n_pts=30  refU(pt0)=-2586.281419  logdet_ld-exact=3.60e-10  ld_chol-ld_lev=3.6e-10  13.8s (logdet 0.0s)
  |   2,205,2      aligo2    cond=3.85e+06  n_pts=30  refU(pt0)=-1204.026054  logdet_ld-exact=0.00e+00  ld_chol-ld_lev=3.4e-14  8.5s (logdet 0.0s)
  |   2,205,2      aligo20   cond=5.59e+02  n_pts=30  refU(pt0)=82.495682  logdet_ld-exact=0.00e+00  ld_chol-ld_lev=1.4e-17  8.6s (logdet 0.0s)
  |   2,205,2      expcos    cond=7.34e+02  n_pts=30  refU(pt0)=-67.649836  logdet_ld-exact=0.00e+00  ld_chol-ld_lev=5.6e-17  8.3s (logdet 0.0s)
  |   2,205,2      white     cond=1.00e+00  n_pts=30  refU(pt0)=296.466342  logdet_ld-exact=0.00e+00  ld_chol-ld_lev=0.0e+00  8.2s (logdet 0.0s)
  |   2,205,2      gw150914  cond=1.83e+06  n_pts=30  refU(pt0)=-1221.696070  logdet_ld-exact=2.27e-13  ld_chol-ld_lev=3.5e-13  8.5s (logdet 0.0s)
  |   2,410,2      aligo02   cond=1.15e+10  n_pts=30  refU(pt0)=-5297.244994  logdet_ld-exact=7.36e-10  ld_chol-ld_lev=7.4e-10  10.9s (logdet 0.2s)
  |   2,410,2      aligo2    cond=6.25e+06  n_pts=30  refU(pt0)=-2518.080517  logdet_ld-exact=0.00e+00  ld_chol-ld_lev=3.2e-14  10.2s (logdet 0.2s)
  |   2,410,2      aligo20   cond=5.60e+02  n_pts=30  refU(pt0)=64.397859  logdet_ld-exact=0.00e+00  ld_chol-ld_lev=2.5e-16  9.7s (logdet 0.2s)
  |   2,410,2      expcos    cond=7.68e+02  n_pts=30  refU(pt0)=-304.536391  logdet_ld-exact=0.00e+00  ld_chol-ld_lev=1.1e-16  9.6s (logdet 0.2s)
  |   2,410,2      white     cond=1.00e+00  n_pts=30  refU(pt0)=492.681341  logdet_ld-exact=0.00e+00  ld_chol-ld_lev=0.0e+00  10.4s (logdet 0.2s)
  |   2,410,2      gw150914  cond=3.71e+06  n_pts=30  refU(pt0)=-2704.313887  logdet_ld-exact=2.73e-12  ld_chol-ld_lev=2.7e-12  9.6s (logdet 0.2s)
  |   2,1024,2     aligo02   cond=2.84e+10  n_pts=30  refU(pt0)=-13415.107126  logdet_ld-exact=1.87e-09  ld_chol-ld_lev=1.9e-09  19.9s (logdet 2.4s)
  |   2,1024,2     aligo2    cond=7.88e+06  n_pts=30  refU(pt0)=-6450.996539  logdet_ld-exact=0.00e+00  ld_chol-ld_lev=1.9e-13  19.8s (logdet 2.5s)
  |   2,1024,2     aligo20   cond=5.60e+02  n_pts=30  refU(pt0)=24.266527  logdet_ld-exact=0.00e+00  ld_chol-ld_lev=1.4e-15  19.0s (logdet 2.4s)
  |   2,1024,2     expcos    cond=7.81e+02  n_pts=30  refU(pt0)=-961.209030  logdet_ld-exact=0.00e+00  ld_chol-ld_lev=1.1e-15  19.1s (logdet 2.4s)
  |   2,1024,2     white     cond=1.00e+00  n_pts=30  refU(pt0)=1130.888833  logdet_ld-exact=0.00e+00  ld_chol-ld_lev=0.0e+00  19.1s (logdet 2.5s)
  |   2,1024,2     gw150914  cond=5.40e+08  n_pts=30  refU(pt0)=-7544.557010  logdet_ld-exact=2.00e-11  ld_chol-ld_lev=2.0e-11  19.5s (logdet 2.5s)
  |   2,2048,4     aligo02   cond=5.57e+10  n_pts=30  refU(pt0)=-26998.626314  logdet_ld-exact=3.77e-09  ld_chol-ld_lev=3.8e-09  144.2s (logdet 20.4s)
  |   2,2048,4     aligo2    cond=7.93e+06  n_pts=30  refU(pt0)=-13050.516428  logdet_ld-exact=0.00e+00  ld_chol-ld_lev=5.1e-13  140.9s (logdet 20.0s)
  |   2,2048,4     aligo20   cond=5.60e+02  n_pts=30  refU(pt0)=-85.917243  logdet_ld-exact=0.00e+00  ld_chol-ld_lev=3.3e-15  141.3s (logdet 19.8s)
  |   2,2048,4     expcos    cond=7.83e+02  n_pts=30  refU(pt0)=-2105.776733  logdet_ld-exact=0.00e+00  ld_chol-ld_lev=4.6e-14  140.7s (logdet 19.6s)
  |   2,2048,4     white     cond=1.00e+00  n_pts=30  refU(pt0)=2156.146664  logdet_ld-exact=0.00e+00  ld_chol-ld_lev=0.0e+00  143.8s (logdet 19.8s)
  |   2,2048,4     gw150914  cond=3.52e+11  n_pts=30  refU(pt0)=-14580.067562  logdet_ld-exact=1.96e-08  ld_chol-ld_lev=2.0e-08  142.6s (logdet 19.8s)
  |   3,1024,8     aligo02   cond=2.84e+10  n_pts=30  refU(pt0)=-19584.737738  logdet_ld-exact=1.87e-09  ld_chol-ld_lev=1.9e-09  45.0s (logdet 3.6s)
  |   3,1024,8     aligo2    cond=7.88e+06  n_pts=20  refU(pt0)=-9611.318453  logdet_ld-exact=9.09e-13  ld_chol-ld_lev=3.0e-13  30.6s (logdet 3.7s)
  |   3,1024,8     aligo20   cond=5.60e+02  n_pts=30  refU(pt0)=46.259689  logdet_ld-exact=0.00e+00  ld_chol-ld_lev=1.4e-15  39.3s (logdet 3.6s)
  |   3,1024,8     expcos    cond=7.81e+02  n_pts=30  refU(pt0)=-1499.227347  logdet_ld-exact=0.00e+00  ld_chol-ld_lev=1.1e-15  40.2s (logdet 3.7s)
  |   3,1024,8     white     cond=1.00e+00  n_pts=30  refU(pt0)=1742.234363  logdet_ld-exact=0.00e+00  ld_chol-ld_lev=0.0e+00  39.8s (logdet 3.6s)
  |   3,1024,8     gw150914  cond=5.40e+08  n_pts=30  refU(pt0)=-12000.585116  logdet_ld-exact=2.00e-11  ld_chol-ld_lev=1.9e-11  39.2s (logdet 3.6s)
  |   2,4096,4     aligo02   cond=8.20e+10  n_pts=20  refU(pt0)=-54472.196872  logdet_ld-exact=5.76e-09  ld_chol-ld_lev=5.8e-09  466.4s (logdet 150.5s)
  |   2,4096,4     aligo2    cond=7.93e+06  n_pts=20  refU(pt0)=-26156.737522  logdet_ld-exact=3.64e-12  ld_chol-ld_lev=3.1e-12  467.3s (logdet 152.0s)
  |   2,4096,4     aligo20   cond=5.60e+02  n_pts=20  refU(pt0)=-265.239364  logdet_ld-exact=0.00e+00  ld_chol-ld_lev=7.1e-15  465.7s (logdet 151.0s)
  |   2,4096,4     expcos    cond=7.84e+02  n_pts=20  refU(pt0)=-4310.948988  logdet_ld-exact=0.00e+00  ld_chol-ld_lev=3.0e-13  465.4s (logdet 150.5s)
  |   2,4096,4     white     cond=1.00e+00  n_pts=20  refU(pt0)=4241.842876  logdet_ld-exact=0.00e+00  ld_chol-ld_lev=0.0e+00  468.2s (logdet 151.7s)
  |   2,4096,4     gw150914  cond=1.46e+12  n_pts=30  refU(pt0)=-33310.887083  logdet_ld-exact=1.20e-07  ld_chol-ld_lev=1.2e-07  620.8s (logdet 150.2s)
  |   -> /mnt/home/misi/src/ringdown/benchmarks/gs/results/local.ref.npz (56101 arrays)
  | 
  | === CORRECTNESS [leg cpu_f64_omp8]: likelihood part U_var - U_floor ===
  |     gate 1e-11 (relative potential and CLOUD-normalized gradient) vs 'main' on white/expcos;
  |     vs reference: concerning > 1e-08, fail > 1e-06 (cloud-normalized max rel. gradient error; per-point numbers kept as *_perpoint)
  |     table cells: vs main / vs ref, both cloud-normalized
  |   2,205,2      aligo02   cond=5.7e+09  main=0.0e+00/1.5e-08[concerning]  main_hoisted=2.2e-13/1.5e-08[concerning]  gemm_linv=2.8e-08/1.4e-08[concerning]  gemm_cinv=2.8e-08/1.4e-08[concerning]  gs_pr@pow2=3.4e-08/2.4e-08[concerning]  gs_pr@fast=3.4e-08/2.4e-08[concerning]  gs_pr_ascoded@pow2=3.4e-08/2.4e-08[concerning]  gs_pr_ascoded@fast=3.4e-08/2.4e-08[concerning]  gs_full@pow2=3.4e-08/2.4e-08[concerning]  gs_full@fast=3.4e-08/2.4e-08[concerning]  gs_half@pow2=3.4e-08/2.4e-08[concerning]  gs_half@fast=3.4e-08/2.4e-08[concerning]
  |                          same executable with refined coefficients, vs ref (cloud): gs_pr@pow2:1.8e-11  gs_pr@fast:1.8e-11  gs_full@pow2:1.8e-11  gs_full@fast:1.8e-11  gs_half@pow2:1.8e-11  gs_half@fast:1.8e-11
  |                          by kind [max over non-main variants, cloud]: normal(n=20): main=1.5e-08 ref=1.5e-08  warmup(n=10): main=3.4e-08 ref=2.4e-08
  |   2,205,2      aligo2    cond=3.8e+06  main=0.0e+00/1.3e-11[ok]  main_hoisted=3.4e-14/1.3e-11[ok]  gemm_linv=1.4e-11/3.7e-12[ok]  gemm_cinv=1.4e-11/3.7e-12[ok]  gs_pr@pow2=9.7e-12/7.6e-12[ok]  gs_pr@fast=9.7e-12/7.6e-12[ok]  gs_pr_ascoded@pow2=9.7e-12/7.6e-12[ok]  gs_pr_ascoded@fast=9.7e-12/7.6e-12[ok]  gs_full@pow2=9.7e-12/7.6e-12[ok]  gs_full@fast=9.7e-12/7.6e-12[ok]  gs_half@pow2=9.7e-12/7.6e-12[ok]  gs_half@fast=9.7e-12/7.6e-12[ok]
  |                          same executable with refined coefficients, vs ref (cloud): gs_pr@pow2:8.0e-14  gs_pr@fast:8.6e-14  gs_full@pow2:8.1e-14  gs_full@fast:8.0e-14  gs_half@pow2:1.1e-13  gs_half@fast:1.1e-13
  |                          by kind [max over non-main variants, cloud]: normal(n=20): main=9.7e-12 ref=7.6e-12  warmup(n=10): main=1.4e-11 ref=1.3e-11
  |   2,205,2      aligo20   cond=5.6e+02  main=0.0e+00/9.2e-14[ok]  main_hoisted=1.3e-14/7.9e-14[ok]  gemm_linv=2.8e-14/6.4e-14[ok]  gemm_cinv=4.4e-14/6.9e-14[ok]  gs_pr@pow2=6.2e-14/7.6e-14[ok]  gs_pr@fast=5.8e-14/7.5e-14[ok]  gs_pr_ascoded@pow2=6.2e-14/7.6e-14[ok]  gs_pr_ascoded@fast=5.8e-14/7.5e-14[ok]  gs_full@pow2=6.3e-14/7.2e-14[ok]  gs_full@fast=6.7e-14/7.4e-14[ok]  gs_half@pow2=3.4e-14/8.5e-14[ok]  gs_half@fast=3.9e-14/8.3e-14[ok]
  |                          same executable with refined coefficients, vs ref (cloud): gs_pr@pow2:7.4e-14  gs_pr@fast:6.5e-14  gs_full@pow2:6.6e-14  gs_full@fast:6.7e-14  gs_half@pow2:6.9e-14  gs_half@fast:7.2e-14
  |                          by kind [max over non-main variants, cloud]: normal(n=20): main=1.7e-14 ref=1.2e-14  warmup(n=10): main=6.7e-14 ref=8.5e-14
  |   2,205,2      expcos    cond=7.3e+02  main=0.0e+00/2.1e-12[ok]  main_hoisted=2.2e-14/2.1e-12[OK]  gemm_linv=4.9e-14/2.1e-12[OK]  gemm_cinv=4.8e-14/2.1e-12[OK]  gs_pr@pow2=5.4e-14/2.1e-12[OK]  gs_pr@fast=5.0e-14/2.1e-12[OK]  gs_pr_ascoded@pow2=5.4e-14/2.1e-12[OK]  gs_pr_ascoded@fast=5.0e-14/2.1e-12[OK]  gs_full@pow2=4.9e-14/2.1e-12[OK]  gs_full@fast=5.4e-14/2.1e-12[OK]  gs_half@pow2=6.5e-14/2.1e-12[OK]  gs_half@fast=6.6e-14/2.1e-12[OK]
  |                          same executable with refined coefficients, vs ref (cloud): gs_pr@pow2:2.1e-12  gs_pr@fast:2.1e-12  gs_full@pow2:2.1e-12  gs_full@fast:2.1e-12  gs_half@pow2:2.1e-12  gs_half@fast:2.1e-12
  |                          by kind [max over non-main variants, cloud]: normal(n=20): main=2.6e-14 ref=1.8e-14  warmup(n=10): main=6.6e-14 ref=2.1e-12
  |   2,205,2      white     cond=1.0e+00  main=0.0e+00/4.4e-14[ok]  main_hoisted=0.0e+00/4.4e-14[OK]  gemm_linv=1.3e-14/3.6e-14[OK]  gemm_cinv=1.2e-14/3.7e-14[OK]  gs_pr@pow2=1.4e-14/3.6e-14[OK]  gs_pr@fast=1.8e-14/4.4e-14[OK]  gs_pr_ascoded@pow2=1.4e-14/3.6e-14[OK]  gs_pr_ascoded@fast=1.8e-14/4.4e-14[OK]  gs_full@pow2=1.0e-14/3.6e-14[OK]  gs_full@fast=1.8e-14/3.3e-14[OK]  gs_half@pow2=1.5e-14/3.7e-14[OK]  gs_half@fast=1.3e-14/3.8e-14[OK]
  |                          same executable with refined coefficients, vs ref (cloud): gs_pr@pow2:3.6e-14  gs_pr@fast:4.4e-14  gs_full@pow2:3.6e-14  gs_full@fast:3.3e-14  gs_half@pow2:3.7e-14  gs_half@fast:3.8e-14
  |                          by kind [max over non-main variants, cloud]: normal(n=20): main=7.0e-15 ref=1.2e-14  warmup(n=10): main=1.8e-14 ref=4.4e-14
  |   2,205,2      gw150914  cond=1.8e+06  main=0.0e+00/1.0e-11[ok]  main_hoisted=4.3e-14/1.0e-11[ok]  gemm_linv=2.0e-11/1.2e-11[ok]  gemm_cinv=2.0e-11/1.2e-11[ok]  gs_pr@pow2=9.7e-12/6.3e-12[ok]  gs_pr@fast=9.7e-12/6.3e-12[ok]  gs_pr_ascoded@pow2=9.7e-12/6.3e-12[ok]  gs_pr_ascoded@fast=9.7e-12/6.3e-12[ok]  gs_full@pow2=9.7e-12/6.3e-12[ok]  gs_full@fast=9.7e-12/6.3e-12[ok]  gs_half@pow2=9.7e-12/6.3e-12[ok]  gs_half@fast=9.7e-12/6.3e-12[ok]
  |                          same executable with refined coefficients, vs ref (cloud): gs_pr@pow2:7.6e-14  gs_pr@fast:7.0e-14  gs_full@pow2:7.0e-14  gs_full@fast:8.8e-14  gs_half@pow2:7.2e-14  gs_half@fast:7.4e-14
  |                          by kind [max over non-main variants, cloud]: normal(n=20): main=7.9e-12 ref=5.6e-12  warmup(n=10): main=2.0e-11 ref=1.2e-11
  |   2,410,2      aligo02   cond=1.1e+10  main=0.0e+00/1.2e-08[concerning]  main_hoisted=1.4e-13/1.2e-08[concerning]  gemm_linv=1.2e-08/1.6e-08[concerning]  gemm_cinv=1.2e-08/1.6e-08[concerning]  gs_pr@pow2=3.7e-08/2.7e-08[concerning]  gs_pr@fast=3.7e-08/2.7e-08[concerning]  gs_pr_ascoded@pow2=3.7e-08/2.7e-08[concerning]  gs_pr_ascoded@fast=3.7e-08/2.7e-08[concerning]  gs_full@pow2=3.7e-08/2.7e-08[concerning]  gs_full@fast=3.7e-08/2.7e-08[concerning]  gs_half@pow2=3.7e-08/2.7e-08[concerning]  gs_half@fast=3.7e-08/2.7e-08[concerning]
  |                          same executable with refined coefficients, vs ref (cloud): gs_pr@pow2:2.2e-11  gs_pr@fast:2.2e-11  gs_full@pow2:2.2e-11  gs_full@fast:2.2e-11  gs_half@pow2:2.2e-11  gs_half@fast:2.2e-11
  |                          by kind [max over non-main variants, cloud]: normal(n=20): main=1.3e-08 ref=1.1e-08  warmup(n=10): main=3.7e-08 ref=2.7e-08
  |   2,410,2      aligo2    cond=6.2e+06  main=0.0e+00/5.1e-12[ok]  main_hoisted=5.4e-14/5.1e-12[ok]  gemm_linv=6.5e-12/4.4e-12[ok]  gemm_cinv=6.5e-12/4.4e-12[ok]  gs_pr@pow2=9.1e-12/8.4e-12[ok]  gs_pr@fast=9.1e-12/8.4e-12[ok]  gs_pr_ascoded@pow2=9.1e-12/8.4e-12[ok]  gs_pr_ascoded@fast=9.1e-12/8.4e-12[ok]  gs_full@pow2=9.1e-12/8.4e-12[ok]  gs_full@fast=9.1e-12/8.4e-12[ok]  gs_half@pow2=9.1e-12/8.4e-12[ok]  gs_half@fast=9.1e-12/8.4e-12[ok]
  |                          same executable with refined coefficients, vs ref (cloud): gs_pr@pow2:8.1e-14  gs_pr@fast:7.7e-14  gs_full@pow2:8.8e-14  gs_full@fast:7.0e-14  gs_half@pow2:6.8e-14  gs_half@fast:6.1e-14
  |                          by kind [max over non-main variants, cloud]: normal(n=20): main=9.1e-12 ref=6.1e-12  warmup(n=10): main=6.8e-12 ref=8.4e-12
  |   2,410,2      aligo20   cond=5.6e+02  main=0.0e+00/2.7e-13[ok]  main_hoisted=2.3e-14/2.7e-13[ok]  gemm_linv=3.1e-14/2.5e-13[ok]  gemm_cinv=5.5e-14/2.2e-13[ok]  gs_pr@pow2=6.8e-14/2.2e-13[ok]  gs_pr@fast=6.8e-14/2.2e-13[ok]  gs_pr_ascoded@pow2=6.8e-14/2.2e-13[ok]  gs_pr_ascoded@fast=6.8e-14/2.2e-13[ok]  gs_full@pow2=8.0e-14/2.3e-13[ok]  gs_full@fast=6.3e-14/2.2e-13[ok]  gs_half@pow2=1.0e-13/2.2e-13[ok]  gs_half@fast=9.2e-14/2.3e-13[ok]
  |                          same executable with refined coefficients, vs ref (cloud): gs_pr@pow2:2.2e-13  gs_pr@fast:2.1e-13  gs_full@pow2:2.1e-13  gs_full@fast:2.1e-13  gs_half@pow2:2.3e-13  gs_half@fast:2.4e-13
  |                          by kind [max over non-main variants, cloud]: normal(n=20): main=2.3e-14 ref=2.1e-14  warmup(n=10): main=1.0e-13 ref=2.7e-13
  |   2,410,2      expcos    cond=7.7e+02  main=0.0e+00/4.0e-12[ok]  main_hoisted=1.0e-14/4.0e-12[OK]  gemm_linv=6.3e-14/4.0e-12[OK]  gemm_cinv=3.8e-14/4.0e-12[OK]  gs_pr@pow2=3.0e-14/4.0e-12[OK]  gs_pr@fast=3.5e-14/4.0e-12[OK]  gs_pr_ascoded@pow2=3.0e-14/4.0e-12[OK]  gs_pr_ascoded@fast=3.5e-14/4.0e-12[OK]  gs_full@pow2=3.6e-14/4.0e-12[OK]  gs_full@fast=3.8e-14/4.0e-12[OK]  gs_half@pow2=4.5e-14/4.0e-12[OK]  gs_half@fast=4.9e-14/4.0e-12[OK]
  |                          same executable with refined coefficients, vs ref (cloud): gs_pr@pow2:4.0e-12  gs_pr@fast:4.0e-12  gs_full@pow2:4.0e-12  gs_full@fast:4.0e-12  gs_half@pow2:4.0e-12  gs_half@fast:4.0e-12
  |                          by kind [max over non-main variants, cloud]: normal(n=20): main=1.6e-14 ref=1.3e-14  warmup(n=10): main=6.3e-14 ref=4.0e-12
  |   2,410,2      white     cond=1.0e+00  main=0.0e+00/5.9e-14[ok]  main_hoisted=0.0e+00/5.9e-14[OK]  gemm_linv=2.0e-14/5.6e-14[OK]  gemm_cinv=1.9e-14/5.6e-14[OK]  gs_pr@pow2=1.7e-14/5.8e-14[OK]  gs_pr@fast=1.5e-14/6.0e-14[OK]  gs_pr_ascoded@pow2=1.7e-14/5.8e-14[OK]  gs_pr_ascoded@fast=1.5e-14/6.0e-14[OK]  gs_full@pow2=1.8e-14/6.2e-14[OK]  gs_full@fast=1.5e-14/5.8e-14[OK]  gs_half@pow2=3.3e-14/5.9e-14[OK]  gs_half@fast=3.4e-14/6.2e-14[OK]
  |                          same executable with refined coefficients, vs ref (cloud): gs_pr@pow2:5.8e-14  gs_pr@fast:6.0e-14  gs_full@pow2:6.2e-14  gs_full@fast:5.8e-14  gs_half@pow2:5.9e-14  gs_half@fast:6.2e-14
  |                          by kind [max over non-main variants, cloud]: normal(n=20): main=9.4e-15 ref=1.2e-14  warmup(n=10): main=3.4e-14 ref=6.2e-14
  |   2,410,2      gw150914  cond=3.7e+06  main=0.0e+00/1.3e-11[ok]  main_hoisted=1.2e-13/1.3e-11[ok]  gemm_linv=2.2e-11/1.1e-11[ok]  gemm_cinv=2.2e-11/1.1e-11[ok]  gs_pr@pow2=3.2e-11/3.2e-11[ok]  gs_pr@fast=3.2e-11/3.2e-11[ok]  gs_pr_ascoded@pow2=3.2e-11/3.2e-11[ok]  gs_pr_ascoded@fast=3.2e-11/3.2e-11[ok]  gs_full@pow2=3.2e-11/3.2e-11[ok]  gs_full@fast=3.2e-11/3.2e-11[ok]  gs_half@pow2=3.2e-11/3.2e-11[ok]  gs_half@fast=3.2e-11/3.2e-11[ok]
  |                          same executable with refined coefficients, vs ref (cloud): gs_pr@pow2:8.4e-14  gs_pr@fast:7.6e-14  gs_full@pow2:7.5e-14  gs_full@fast:8.2e-14  gs_half@pow2:6.5e-14  gs_half@fast:7.5e-14
  |                          by kind [max over non-main variants, cloud]: normal(n=20): main=3.2e-11 ref=2.6e-11  warmup(n=10): main=2.9e-11 ref=3.2e-11
  |   2,1024,2     aligo02   cond=2.8e+10  main=0.0e+00/2.3e-08[concerning]  main_hoisted=3.1e-13/2.3e-08[concerning]  gemm_linv=1.6e-08/7.0e-09[ok]  gemm_cinv=1.6e-08/7.0e-09[ok]  gs_pr@pow2=4.0e-08/1.6e-08[concerning]  gs_pr@fast=4.0e-08/1.6e-08[concerning]  gs_pr_ascoded@pow2=4.0e-08/1.6e-08[concerning]  gs_pr_ascoded@fast=4.0e-08/1.6e-08[concerning]  gs_full@pow2=4.0e-08/1.6e-08[concerning]  gs_full@fast=4.0e-08/1.6e-08[concerning]  gs_half@pow2=4.0e-08/1.6e-08[concerning]  gs_half@fast=4.0e-08/1.6e-08[concerning]
  |                          same executable with refined coefficients, vs ref (cloud): gs_pr@pow2:1.5e-11  gs_pr@fast:1.5e-11  gs_full@pow2:1.5e-11  gs_full@fast:1.5e-11  gs_half@pow2:1.5e-11  gs_half@fast:1.5e-11
  |                          by kind [max over non-main variants, cloud]: normal(n=20): main=1.0e-08 ref=6.9e-09  warmup(n=10): main=4.0e-08 ref=2.3e-08
  |   2,1024,2     aligo2    cond=7.9e+06  main=0.0e+00/1.6e-11[ok]  main_hoisted=7.6e-14/1.6e-11[ok]  gemm_linv=1.2e-11/7.0e-12[ok]  gemm_cinv=1.2e-11/6.9e-12[ok]  gs_pr@pow2=1.5e-11/7.8e-12[ok]  gs_pr@fast=1.5e-11/7.8e-12[ok]  gs_pr_ascoded@pow2=1.5e-11/7.8e-12[ok]  gs_pr_ascoded@fast=1.5e-11/7.8e-12[ok]  gs_full@pow2=1.5e-11/7.8e-12[ok]  gs_full@fast=1.5e-11/7.8e-12[ok]  gs_half@pow2=1.5e-11/7.8e-12[ok]  gs_half@fast=1.5e-11/7.8e-12[ok]
  |                          same executable with refined coefficients, vs ref (cloud): gs_pr@pow2:9.4e-14  gs_pr@fast:9.4e-14  gs_full@pow2:8.4e-14  gs_full@fast:8.4e-14  gs_half@pow2:1.2e-13  gs_half@fast:1.2e-13
  |                          by kind [max over non-main variants, cloud]: normal(n=20): main=9.8e-12 ref=7.8e-12  warmup(n=10): main=1.5e-11 ref=1.6e-11
  |   2,1024,2     aligo20   cond=5.6e+02  main=0.0e+00/1.3e-13[ok]  main_hoisted=1.4e-14/1.2e-13[ok]  gemm_linv=5.3e-14/1.2e-13[ok]  gemm_cinv=9.6e-14/7.7e-14[ok]  gs_pr@pow2=1.0e-13/7.6e-14[ok]  gs_pr@fast=1.0e-13/7.6e-14[ok]  gs_pr_ascoded@pow2=1.0e-13/7.6e-14[ok]  gs_pr_ascoded@fast=1.0e-13/7.6e-14[ok]  gs_full@pow2=9.6e-14/7.3e-14[ok]  gs_full@fast=9.6e-14/7.3e-14[ok]  gs_half@pow2=6.2e-14/8.0e-14[ok]  gs_half@fast=6.2e-14/8.0e-14[ok]
  |                          same executable with refined coefficients, vs ref (cloud): gs_pr@pow2:8.9e-14  gs_pr@fast:8.9e-14  gs_full@pow2:8.6e-14  gs_full@fast:8.6e-14  gs_half@pow2:7.6e-14  gs_half@fast:7.6e-14
  |                          by kind [max over non-main variants, cloud]: normal(n=20): main=2.7e-14 ref=2.1e-14  warmup(n=10): main=1.0e-13 ref=1.2e-13
  |   2,1024,2     expcos    cond=7.8e+02  main=0.0e+00/1.5e-12[ok]  main_hoisted=1.3e-14/1.5e-12[OK]  gemm_linv=6.3e-14/1.5e-12[OK]  gemm_cinv=8.7e-14/1.5e-12[OK]  gs_pr@pow2=9.2e-14/1.5e-12[OK]  gs_pr@fast=9.2e-14/1.5e-12[OK]  gs_pr_ascoded@pow2=9.2e-14/1.5e-12[OK]  gs_pr_ascoded@fast=9.2e-14/1.5e-12[OK]  gs_full@pow2=9.1e-14/1.5e-12[OK]  gs_full@fast=9.1e-14/1.5e-12[OK]  gs_half@pow2=8.5e-14/1.5e-12[OK]  gs_half@fast=8.5e-14/1.5e-12[OK]
  |                          same executable with refined coefficients, vs ref (cloud): gs_pr@pow2:1.5e-12  gs_pr@fast:1.5e-12  gs_full@pow2:1.5e-12  gs_full@fast:1.5e-12  gs_half@pow2:1.5e-12  gs_half@fast:1.5e-12
  |                          by kind [max over non-main variants, cloud]: normal(n=20): main=1.7e-14 ref=1.3e-14  warmup(n=10): main=9.2e-14 ref=1.5e-12
  |   2,1024,2     white     cond=1.0e+00  main=0.0e+00/2.6e-14[ok]  main_hoisted=0.0e+00/2.6e-14[OK]  gemm_linv=2.9e-14/1.8e-14[OK]  gemm_cinv=2.9e-14/2.1e-14[OK]  gs_pr@pow2=3.0e-14/1.9e-14[OK]  gs_pr@fast=3.0e-14/1.9e-14[OK]  gs_pr_ascoded@pow2=3.0e-14/1.9e-14[OK]  gs_pr_ascoded@fast=3.0e-14/1.9e-14[OK]  gs_full@pow2=2.6e-14/2.0e-14[OK]  gs_full@fast=2.6e-14/2.0e-14[OK]  gs_half@pow2=3.3e-14/2.7e-14[OK]  gs_half@fast=3.3e-14/2.7e-14[OK]
  |                          same executable with refined coefficients, vs ref (cloud): gs_pr@pow2:1.9e-14  gs_pr@fast:1.9e-14  gs_full@pow2:2.0e-14  gs_full@fast:2.0e-14  gs_half@pow2:2.7e-14  gs_half@fast:2.7e-14
  |                          by kind [max over non-main variants, cloud]: normal(n=20): main=1.3e-14 ref=9.1e-15  warmup(n=10): main=3.3e-14 ref=2.7e-14
  |   2,1024,2     gw150914  cond=5.4e+08  main=0.0e+00/4.9e-11[ok]  main_hoisted=9.3e-14/4.9e-11[ok]  gemm_linv=2.5e-11/3.6e-11[ok]  gemm_cinv=2.5e-11/3.6e-11[ok]  gs_pr@pow2=1.8e-09/1.8e-09[ok]  gs_pr@fast=1.8e-09/1.8e-09[ok]  gs_pr_ascoded@pow2=1.8e-09/1.8e-09[ok]  gs_pr_ascoded@fast=1.8e-09/1.8e-09[ok]  gs_full@pow2=1.8e-09/1.8e-09[ok]  gs_full@fast=1.8e-09/1.8e-09[ok]  gs_half@pow2=1.8e-09/1.8e-09[ok]  gs_half@fast=1.8e-09/1.8e-09[ok]
  |                          same executable with refined coefficients, vs ref (cloud): gs_pr@pow2:4.0e-13  gs_pr@fast:4.0e-13  gs_full@pow2:4.1e-13  gs_full@fast:4.1e-13  gs_half@pow2:4.1e-13  gs_half@fast:4.1e-13
  |                          by kind [max over non-main variants, cloud]: normal(n=20): main=1.8e-09 ref=1.8e-09  warmup(n=10): main=8.3e-10 ref=8.3e-10
  |   2,2048,4     aligo02   cond=5.6e+10  main=0.0e+00/6.6e-08[concerning]  main_hoisted=1.0e-12/6.6e-08[concerning]  gemm_linv=7.0e-08/1.1e-08[concerning]  gemm_cinv=7.0e-08/1.1e-08[concerning]  gs_pr@pow2=7.3e-08/2.6e-08[concerning]  gs_pr@fast=7.3e-08/2.6e-08[concerning]  gs_pr_ascoded@pow2=7.3e-08/2.6e-08[concerning]  gs_pr_ascoded@fast=7.3e-08/2.6e-08[concerning]  gs_full@pow2=7.3e-08/2.6e-08[concerning]  gs_full@fast=7.3e-08/2.6e-08[concerning]  gs_half@pow2=7.3e-08/2.6e-08[concerning]  gs_half@fast=7.3e-08/2.6e-08[concerning]
  |                          same executable with refined coefficients, vs ref (cloud): gs_pr@pow2:6.2e-11  gs_pr@fast:6.2e-11  gs_full@pow2:6.2e-11  gs_full@fast:6.2e-11  gs_half@pow2:6.2e-11  gs_half@fast:6.2e-11
  |                          by kind [max over non-main variants, cloud]: normal(n=20): main=3.9e-08 ref=2.6e-08  warmup(n=10): main=7.3e-08 ref=6.6e-08
  |   2,2048,4     aligo2    cond=7.9e+06  main=0.0e+00/8.9e-12[ok]  main_hoisted=1.6e-13/8.9e-12[ok]  gemm_linv=8.2e-12/5.3e-12[ok]  gemm_cinv=8.2e-12/5.3e-12[ok]  gs_pr@pow2=1.0e-11/9.5e-12[ok]  gs_pr@fast=1.0e-11/9.5e-12[ok]  gs_pr_ascoded@pow2=1.0e-11/9.5e-12[ok]  gs_pr_ascoded@fast=1.0e-11/9.5e-12[ok]  gs_full@pow2=1.0e-11/9.4e-12[ok]  gs_full@fast=1.0e-11/9.4e-12[ok]  gs_half@pow2=1.0e-11/9.3e-12[ok]  gs_half@fast=1.0e-11/9.3e-12[ok]
  |                          same executable with refined coefficients, vs ref (cloud): gs_pr@pow2:7.6e-13  gs_pr@fast:7.6e-13  gs_full@pow2:7.1e-13  gs_full@fast:7.1e-13  gs_half@pow2:6.7e-13  gs_half@fast:6.7e-13
  |                          by kind [max over non-main variants, cloud]: normal(n=20): main=1.0e-11 ref=5.8e-12  warmup(n=10): main=7.8e-12 ref=9.5e-12
  |   2,2048,4     aligo20   cond=5.6e+02  main=0.0e+00/9.3e-13[ok]  main_hoisted=1.2e-13/8.8e-13[ok]  gemm_linv=1.6e-13/8.8e-13[ok]  gemm_cinv=1.9e-13/9.3e-13[ok]  gs_pr@pow2=2.1e-13/9.1e-13[ok]  gs_pr@fast=2.1e-13/9.1e-13[ok]  gs_pr_ascoded@pow2=2.1e-13/9.1e-13[ok]  gs_pr_ascoded@fast=2.1e-13/9.1e-13[ok]  gs_full@pow2=1.7e-13/9.1e-13[ok]  gs_full@fast=1.7e-13/9.1e-13[ok]  gs_half@pow2=2.3e-13/9.1e-13[ok]  gs_half@fast=2.3e-13/9.1e-13[ok]
  |                          same executable with refined coefficients, vs ref (cloud): gs_pr@pow2:8.2e-13  gs_pr@fast:8.2e-13  gs_full@pow2:8.4e-13  gs_full@fast:8.4e-13  gs_half@pow2:8.6e-13  gs_half@fast:8.6e-13
  |                          by kind [max over non-main variants, cloud]: normal(n=20): main=2.2e-14 ref=1.6e-14  warmup(n=10): main=2.3e-13 ref=9.3e-13
  |   2,2048,4     expcos    cond=7.8e+02  main=0.0e+00/1.1e-11[ok]  main_hoisted=6.8e-14/1.1e-11[OK]  gemm_linv=6.8e-14/1.1e-11[OK]  gemm_cinv=5.4e-14/1.1e-11[OK]  gs_pr@pow2=7.9e-14/1.1e-11[OK]  gs_pr@fast=7.9e-14/1.1e-11[OK]  gs_pr_ascoded@pow2=7.9e-14/1.1e-11[OK]  gs_pr_ascoded@fast=7.9e-14/1.1e-11[OK]  gs_full@pow2=9.0e-14/1.1e-11[OK]  gs_full@fast=9.0e-14/1.1e-11[OK]  gs_half@pow2=9.0e-14/1.1e-11[OK]  gs_half@fast=9.0e-14/1.1e-11[OK]
  |                          same executable with refined coefficients, vs ref (cloud): gs_pr@pow2:1.1e-11  gs_pr@fast:1.1e-11  gs_full@pow2:1.1e-11  gs_full@fast:1.1e-11  gs_half@pow2:1.1e-11  gs_half@fast:1.1e-11
  |                          by kind [max over non-main variants, cloud]: normal(n=20): main=1.8e-14 ref=1.7e-14  warmup(n=10): main=9.0e-14 ref=1.1e-11
  |   2,2048,4     white     cond=1.0e+00  main=0.0e+00/8.0e-13[ok]  main_hoisted=0.0e+00/8.0e-13[OK]  gemm_linv=1.1e-13/9.1e-13[OK]  gemm_cinv=1.0e-13/8.5e-13[OK]  gs_pr@pow2=1.0e-13/8.5e-13[OK]  gs_pr@fast=1.0e-13/8.5e-13[OK]  gs_pr_ascoded@pow2=1.0e-13/8.5e-13[OK]  gs_pr_ascoded@fast=1.0e-13/8.5e-13[OK]  gs_full@pow2=1.0e-13/8.0e-13[OK]  gs_full@fast=1.0e-13/8.0e-13[OK]  gs_half@pow2=1.0e-13/8.5e-13[OK]  gs_half@fast=1.0e-13/8.5e-13[OK]
  |                          same executable with refined coefficients, vs ref (cloud): gs_pr@pow2:8.5e-13  gs_pr@fast:8.5e-13  gs_full@pow2:8.0e-13  gs_full@fast:8.0e-13  gs_half@pow2:8.5e-13  gs_half@fast:8.5e-13
  |                          by kind [max over non-main variants, cloud]: normal(n=20): main=1.3e-14 ref=1.6e-14  warmup(n=10): main=1.1e-13 ref=9.1e-13
  |   2,2048,4     gw150914  cond=3.5e+11  main=0.0e+00/9.8e-09[ok]  main_hoisted=1.3e-12/9.8e-09[ok]  gemm_linv=1.2e-08/2.3e-09[ok]  gemm_cinv=1.2e-08/2.3e-09[ok]  gs_pr@pow2=3.9e-08/4.9e-08[concerning]  gs_pr@fast=3.9e-08/4.9e-08[concerning]  gs_pr_ascoded@pow2=3.9e-08/4.9e-08[concerning]  gs_pr_ascoded@fast=3.9e-08/4.9e-08[concerning]  gs_full@pow2=3.9e-08/4.9e-08[concerning]  gs_full@fast=3.9e-08/4.9e-08[concerning]  gs_half@pow2=3.9e-08/4.9e-08[concerning]  gs_half@fast=3.9e-08/4.9e-08[concerning]
  |                          same executable with refined coefficients, vs ref (cloud): gs_pr@pow2:8.8e-11  gs_pr@fast:8.8e-11  gs_full@pow2:8.8e-11  gs_full@fast:8.8e-11  gs_half@pow2:8.8e-11  gs_half@fast:8.8e-11
  |                          by kind [max over non-main variants, cloud]: normal(n=20): main=3.9e-08 ref=4.9e-08  warmup(n=10): main=1.7e-08 ref=2.2e-08
  |   3,1024,8     aligo02   cond=2.8e+10  main=0.0e+00/2.1e-08[concerning]  main_hoisted=2.7e-13/2.1e-08[concerning]  gemm_linv=1.7e-08/6.5e-09[ok]  gemm_cinv=1.7e-08/6.5e-09[ok]  gs_pr@pow2=4.2e-08/2.1e-08[concerning]  gs_pr@fast=4.2e-08/2.1e-08[concerning]  gs_pr_ascoded@pow2=4.2e-08/2.1e-08[concerning]  gs_pr_ascoded@fast=4.2e-08/2.1e-08[concerning]  gs_full@pow2=4.2e-08/2.1e-08[concerning]  gs_full@fast=4.2e-08/2.1e-08[concerning]  gs_half@pow2=4.2e-08/2.1e-08[concerning]  gs_half@fast=4.2e-08/2.1e-08[concerning]
  |                          same executable with refined coefficients, vs ref (cloud): gs_pr@pow2:2.0e-11  gs_pr@fast:2.0e-11  gs_full@pow2:2.0e-11  gs_full@fast:2.0e-11  gs_half@pow2:2.0e-11  gs_half@fast:2.0e-11
  |                          by kind [max over non-main variants, cloud]: normal(n=20): main=7.4e-09 ref=6.5e-09  warmup(n=10): main=4.2e-08 ref=2.1e-08
  |   3,1024,8     aligo2    cond=7.9e+06  main=0.0e+00/8.1e-12[ok]  main_hoisted=4.2e-14/8.1e-12[ok]  gemm_linv=9.4e-12/1.6e-12[ok]  gemm_cinv=9.4e-12/1.6e-12[ok]  gs_pr@pow2=6.7e-12/2.3e-12[ok]  gs_pr@fast=6.7e-12/2.3e-12[ok]  gs_pr_ascoded@pow2=6.7e-12/2.3e-12[ok]  gs_pr_ascoded@fast=6.7e-12/2.3e-12[ok]  gs_full@pow2=6.7e-12/2.3e-12[ok]  gs_full@fast=6.7e-12/2.3e-12[ok]  gs_half@pow2=6.7e-12/2.3e-12[ok]  gs_half@fast=6.7e-12/2.3e-12[ok]
  |                          same executable with refined coefficients, vs ref (cloud): gs_pr@pow2:1.5e-14  gs_pr@fast:1.5e-14  gs_full@pow2:1.5e-14  gs_full@fast:1.5e-14  gs_half@pow2:1.4e-14  gs_half@fast:1.4e-14
  |   3,1024,8     aligo20   cond=5.6e+02  main=0.0e+00/8.6e-12[ok]  main_hoisted=2.5e-13/8.6e-12[ok]  gemm_linv=9.8e-14/8.6e-12[ok]  gemm_cinv=2.0e-13/8.6e-12[ok]  gs_pr@pow2=2.5e-13/8.6e-12[ok]  gs_pr@fast=2.5e-13/8.6e-12[ok]  gs_pr_ascoded@pow2=2.5e-13/8.6e-12[ok]  gs_pr_ascoded@fast=2.5e-13/8.6e-12[ok]  gs_full@pow2=2.5e-13/8.6e-12[ok]  gs_full@fast=2.5e-13/8.6e-12[ok]  gs_half@pow2=2.5e-13/8.6e-12[ok]  gs_half@fast=2.5e-13/8.6e-12[ok]
  |                          same executable with refined coefficients, vs ref (cloud): gs_pr@pow2:8.6e-12  gs_pr@fast:8.6e-12  gs_full@pow2:8.6e-12  gs_full@fast:8.6e-12  gs_half@pow2:8.6e-12  gs_half@fast:8.6e-12
  |                          by kind [max over non-main variants, cloud]: normal(n=20): main=3.8e-14 ref=2.4e-14  warmup(n=10): main=2.5e-13 ref=8.6e-12
  |   3,1024,8     expcos    cond=7.8e+02  main=0.0e+00/6.9e-11[ok]  main_hoisted=1.4e-13/6.9e-11[OK]  gemm_linv=2.0e-13/6.9e-11[OK]  gemm_cinv=1.2e-13/6.9e-11[OK]  gs_pr@pow2=1.4e-13/6.9e-11[OK]  gs_pr@fast=1.4e-13/6.9e-11[OK]  gs_pr_ascoded@pow2=1.4e-13/6.9e-11[OK]  gs_pr_ascoded@fast=1.4e-13/6.9e-11[OK]  gs_full@pow2=2.0e-13/6.9e-11[OK]  gs_full@fast=2.0e-13/6.9e-11[OK]  gs_half@pow2=1.2e-13/6.9e-11[OK]  gs_half@fast=1.2e-13/6.9e-11[OK]
  |                          same executable with refined coefficients, vs ref (cloud): gs_pr@pow2:6.9e-11  gs_pr@fast:6.9e-11  gs_full@pow2:6.9e-11  gs_full@fast:6.9e-11  gs_half@pow2:6.9e-11  gs_half@fast:6.9e-11
  |                          by kind [max over non-main variants, cloud]: normal(n=20): main=1.8e-14 ref=1.8e-14  warmup(n=10): main=2.0e-13 ref=6.9e-11
  |   3,1024,8     white     cond=1.0e+00  main=0.0e+00/3.7e-11[ok]  main_hoisted=0.0e+00/3.7e-11[OK]  gemm_linv=9.7e-14/3.7e-11[OK]  gemm_cinv=1.0e-13/3.7e-11[OK]  gs_pr@pow2=1.3e-13/3.7e-11[OK]  gs_pr@fast=1.3e-13/3.7e-11[OK]  gs_pr_ascoded@pow2=1.3e-13/3.7e-11[OK]  gs_pr_ascoded@fast=1.3e-13/3.7e-11[OK]  gs_full@pow2=1.5e-13/3.7e-11[OK]  gs_full@fast=1.5e-13/3.7e-11[OK]  gs_half@pow2=6.3e-14/3.7e-11[OK]  gs_half@fast=6.3e-14/3.7e-11[OK]
  |                          same executable with refined coefficients, vs ref (cloud): gs_pr@pow2:3.7e-11  gs_pr@fast:3.7e-11  gs_full@pow2:3.7e-11  gs_full@fast:3.7e-11  gs_half@pow2:3.7e-11  gs_half@fast:3.7e-11
  |                          by kind [max over non-main variants, cloud]: normal(n=20): main=1.6e-14 ref=2.1e-14  warmup(n=10): main=1.5e-13 ref=3.7e-11
  |   3,1024,8     gw150914  cond=5.4e+08  main=0.0e+00/1.4e-11[ok]  main_hoisted=1.2e-13/1.4e-11[ok]  gemm_linv=1.6e-11/1.2e-11[ok]  gemm_cinv=1.6e-11/1.2e-11[ok]  gs_pr@pow2=2.6e-11/1.7e-11[ok]  gs_pr@fast=2.6e-11/1.7e-11[ok]  gs_pr_ascoded@pow2=2.6e-11/1.7e-11[ok]  gs_pr_ascoded@fast=2.6e-11/1.7e-11[ok]  gs_full@pow2=2.6e-11/1.7e-11[ok]  gs_full@fast=2.6e-11/1.7e-11[ok]  gs_half@pow2=2.6e-11/1.7e-11[ok]  gs_half@fast=2.6e-11/1.7e-11[ok]
  |                          same executable with refined coefficients, vs ref (cloud): gs_pr@pow2:1.2e-11  gs_pr@fast:1.2e-11  gs_full@pow2:1.2e-11  gs_full@fast:1.2e-11  gs_half@pow2:1.2e-11  gs_half@fast:1.2e-11
  |                          by kind [max over non-main variants, cloud]: normal(n=20): main=2.6e-11 ref=1.7e-11  warmup(n=10): main=1.0e-11 ref=1.4e-11
  |   2,4096,4     aligo02   cond=8.2e+10  main=0.0e+00/3.1e-08[concerning]  main_hoisted=1.3e-12/3.1e-08[concerning]  gemm_linv=3.4e-08/8.1e-09[ok]  gemm_cinv=3.4e-08/8.1e-09[ok]  gs_pr@pow2=3.6e-08/1.6e-08[concerning]  gs_pr@fast=3.6e-08/1.6e-08[concerning]  gs_pr_ascoded@pow2=3.6e-08/1.6e-08[concerning]  gs_pr_ascoded@fast=3.6e-08/1.6e-08[concerning]  gs_full@pow2=3.6e-08/1.6e-08[concerning]  gs_full@fast=3.6e-08/1.6e-08[concerning]  gs_half@pow2=3.6e-08/1.6e-08[concerning]  gs_half@fast=3.6e-08/1.6e-08[concerning]
  |                          same executable with refined coefficients, vs ref (cloud): gs_pr@pow2:1.1e-11  gs_pr@fast:1.1e-11  gs_full@pow2:1.1e-11  gs_full@fast:1.1e-11  gs_half@pow2:1.1e-11  gs_half@fast:1.1e-11
  |   2,4096,4     aligo2    cond=7.9e+06  main=0.0e+00/4.9e-12[ok]  main_hoisted=5.7e-14/4.9e-12[ok]  gemm_linv=5.9e-12/2.4e-12[ok]  gemm_cinv=5.9e-12/2.4e-12[ok]  gs_pr@pow2=1.5e-11/1.7e-11[ok]  gs_pr@fast=1.5e-11/1.7e-11[ok]  gs_pr_ascoded@pow2=1.5e-11/1.7e-11[ok]  gs_pr_ascoded@fast=1.5e-11/1.7e-11[ok]  gs_full@pow2=1.5e-11/1.7e-11[ok]  gs_full@fast=1.5e-11/1.7e-11[ok]  gs_half@pow2=1.5e-11/1.7e-11[ok]  gs_half@fast=1.5e-11/1.7e-11[ok]
  |                          same executable with refined coefficients, vs ref (cloud): gs_pr@pow2:1.2e-14  gs_pr@fast:1.2e-14  gs_full@pow2:1.2e-14  gs_full@fast:1.2e-14  gs_half@pow2:1.4e-14  gs_half@fast:1.4e-14
  |   2,4096,4     aligo20   cond=5.6e+02  main=0.0e+00/3.7e-14[ok]  main_hoisted=5.7e-15/3.6e-14[ok]  gemm_linv=3.5e-14/1.1e-14[ok]  gemm_cinv=3.8e-14/9.2e-15[ok]  gs_pr@pow2=3.4e-14/9.4e-15[ok]  gs_pr@fast=3.4e-14/9.4e-15[ok]  gs_pr_ascoded@pow2=3.4e-14/9.4e-15[ok]  gs_pr_ascoded@fast=3.4e-14/9.4e-15[ok]  gs_full@pow2=3.5e-14/1.1e-14[ok]  gs_full@fast=3.5e-14/1.1e-14[ok]  gs_half@pow2=4.0e-14/7.5e-15[ok]  gs_half@fast=4.0e-14/7.5e-15[ok]
  |                          same executable with refined coefficients, vs ref (cloud): gs_pr@pow2:8.8e-15  gs_pr@fast:8.8e-15  gs_full@pow2:7.8e-15  gs_full@fast:7.8e-15  gs_half@pow2:6.1e-15  gs_half@fast:6.1e-15
  |   2,4096,4     expcos    cond=7.8e+02  main=0.0e+00/2.0e-14[ok]  main_hoisted=1.0e-14/1.9e-14[OK]  gemm_linv=1.5e-14/1.6e-14[OK]  gemm_cinv=2.2e-14/1.0e-14[OK]  gs_pr@pow2=3.1e-14/2.9e-14[OK]  gs_pr@fast=3.1e-14/2.9e-14[OK]  gs_pr_ascoded@pow2=3.1e-14/2.9e-14[OK]  gs_pr_ascoded@fast=3.1e-14/2.9e-14[OK]  gs_full@pow2=3.2e-14/3.4e-14[OK]  gs_full@fast=3.2e-14/3.4e-14[OK]  gs_half@pow2=3.4e-14/3.0e-14[OK]  gs_half@fast=3.4e-14/3.0e-14[OK]
  |                          same executable with refined coefficients, vs ref (cloud): gs_pr@pow2:1.2e-14  gs_pr@fast:1.2e-14  gs_full@pow2:1.1e-14  gs_full@fast:1.1e-14  gs_half@pow2:1.3e-14  gs_half@fast:1.3e-14
  |   2,4096,4     white     cond=1.0e+00  main=0.0e+00/1.3e-14[ok]  main_hoisted=0.0e+00/1.3e-14[OK]  gemm_linv=1.5e-14/1.6e-14[OK]  gemm_cinv=1.4e-14/1.6e-14[OK]  gs_pr@pow2=1.2e-14/1.5e-14[OK]  gs_pr@fast=1.2e-14/1.5e-14[OK]  gs_pr_ascoded@pow2=1.2e-14/1.5e-14[OK]  gs_pr_ascoded@fast=1.2e-14/1.5e-14[OK]  gs_full@pow2=2.0e-14/1.8e-14[OK]  gs_full@fast=2.0e-14/1.8e-14[OK]  gs_half@pow2=1.8e-14/1.6e-14[OK]  gs_half@fast=1.8e-14/1.6e-14[OK]
  |                          same executable with refined coefficients, vs ref (cloud): gs_pr@pow2:1.5e-14  gs_pr@fast:1.5e-14  gs_full@pow2:1.8e-14  gs_full@fast:1.8e-14  gs_half@pow2:1.6e-14  gs_half@fast:1.6e-14
  |   2,4096,4     gw150914  cond=1.5e+12  main=0.0e+00/2.4e-07[concerning]  main_hoisted=3.2e-12/2.4e-07[concerning]  gemm_linv=4.9e-07/6.4e-07[concerning]  gemm_cinv=4.9e-07/6.4e-07[concerning]  gs_pr@pow2=1.2e-05/1.2e-05[fail]  gs_pr@fast=1.2e-05/1.2e-05[fail]  gs_pr_ascoded@pow2=1.2e-05/1.2e-05[fail]  gs_pr_ascoded@fast=1.2e-05/1.2e-05[fail]  gs_full@pow2=1.2e-05/1.2e-05[fail]  gs_full@fast=1.2e-05/1.2e-05[fail]  gs_half@pow2=1.2e-05/1.2e-05[fail]  gs_half@fast=1.2e-05/1.2e-05[fail]
  |                          same executable with refined coefficients, vs ref (cloud): gs_pr@pow2:1.4e-08  gs_pr@fast:1.4e-08  gs_full@pow2:1.4e-08  gs_full@fast:1.4e-08  gs_half@pow2:1.4e-08  gs_half@fast:1.4e-08
  |                          by kind [max over non-main variants, cloud]: normal(n=20): main=1.2e-05 ref=1.2e-05  warmup(n=10): main=9.8e-06 ref=1.0e-05
  | 
  | === PER-GRADIENT DEVICE TIME (us/grad) [leg cpu_f64_omp8] ===
  |     slope method over two fori_loop counts, medians of 5; per-cell budget 25 s; constants are jit ARGUMENTS
  |     threads: {'OMP_NUM_THREADS': '8', 'NPROC': '8', 'xla_cpu_pool_threads': 8}
  |   --- (n_det=2, N=205, n_modes=2) k=8  family aligo02  cond=5.7e+09 ---
  |     main                        452.0 us [376..512]    1.00x main  R=[123, 369] rep=5  trsm=10 potrf=1 trsm_big=6 dot=13  hoisted:{'trsm': {'grad': 10, 'loop_body': 8}, 'trsm_big': {'grad': 6, 'loop_body': 4}}
  |     main_hoisted                461.4 us [458..463]    0.98x main  R=[135, 405] rep=5  trsm=8 potrf=1 trsm_big=4 dot=13
  |     gemm_linv                   365.9 us [361..373]    1.24x main  R=[141, 423] rep=5  trsm=4 potrf=1 dot=17
  |     gemm_cinv                   351.5 us [344..358]    1.29x main  R=[144, 432] rep=5  trsm=4 potrf=1 dot=17
  |     gs_pr@pow2                  607.6 us [605..611]    0.74x main  R=[70, 210] rep=5  trsm=4 potrf=1 dot=13 fft=30
  |     gs_pr@fast                  531.5 us [528..535]    0.85x main  R=[75, 225] rep=5  trsm=4 potrf=1 dot=13 fft=30
  |     gs_pr_ascoded@pow2          572.9 us [564..586]    0.79x main  R=[85, 255] rep=5  trsm=4 potrf=1 dot=13 fft=34  hoisted:{'fft': {'grad': 34, 'loop_body': 30}}
  |     gs_pr_ascoded@fast          511.4 us [446..527]    0.88x main  R=[71, 213] rep=5  trsm=4 potrf=1 dot=13 fft=34  hoisted:{'fft': {'grad': 34, 'loop_body': 30}}
  |     gs_full@pow2                516.7 us [510..524]    0.87x main  R=[76, 228] rep=5  trsm=4 potrf=1 dot=13 fft=16
  |     gs_full@fast                462.1 us [459..553]    0.98x main  R=[87, 261] rep=5  trsm=4 potrf=1 dot=13 fft=16
  |     gs_half@pow2                336.7 us [335..341]    1.34x main  R=[114, 342] rep=5  trsm=4 potrf=1 dot=19 fft=8
  |     gs_half@fast                310.6 us [310..318]    1.46x main  R=[130, 390] rep=5  trsm=4 potrf=1 dot=19 fft=8
  |     floor                        61.3 us [61..62]    7.37x main  R=[400, 1200] rep=5  dot=4
  |   --- (n_det=2, N=205, n_modes=2) k=8  family expcos  cond=7.3e+02 ---
  |     main                        458.3 us [413..464]    1.00x main  R=[149, 447] rep=5  
  |     main_hoisted                495.3 us [486..521]    0.93x main  R=[111, 333] rep=5  
  |     gemm_linv                   347.1 us [343..350]    1.32x main  R=[148, 444] rep=5  
  |     gemm_cinv                   334.5 us [328..347]    1.37x main  R=[141, 423] rep=5  
  |     gs_pr@pow2                  604.2 us [594..610]    0.76x main  R=[105, 315] rep=5  
  |     gs_pr@fast                  533.2 us [531..638]    0.86x main  R=[86, 258] rep=5  
  |     gs_pr_ascoded@pow2          581.0 us [575..584]    0.79x main  R=[63, 189] rep=5  
  |     gs_pr_ascoded@fast          511.0 us [504..521]    0.90x main  R=[111, 333] rep=5  
  |     gs_full@pow2                521.7 us [517..534]    0.88x main  R=[88, 264] rep=5  
  |     gs_full@fast                454.6 us [452..466]    1.01x main  R=[251, 753] rep=5  
  |     gs_half@pow2                335.8 us [332..340]    1.36x main  R=[156, 468] rep=5  
  |     gs_half@fast                308.3 us [305..311]    1.49x main  R=[303, 909] rep=5  
  |     floor                        62.6 us [60..64]    7.32x main  R=[400, 1200] rep=5  
  |   --- (n_det=2, N=410, n_modes=2) k=8  family aligo02  cond=1.1e+10 ---
  |     main                       1705.9 us [1522..1879]    1.00x main  R=[55, 165] rep=5  trsm=10 potrf=1 trsm_big=6 dot=13  hoisted:{'trsm': {'grad': 10, 'loop_body': 8}, 'trsm_big': {'grad': 6, 'loop_body': 4}}
  |     main_hoisted               1634.4 us [1555..1824]    1.04x main  R=[54, 162] rep=5  trsm=8 potrf=1 trsm_big=4 dot=13
  |     gemm_linv                  2199.6 us [2125..2418]    0.78x main  R=[64, 192] rep=5  trsm=4 potrf=1 dot=17
  |     gemm_cinv                  1975.2 us [1905..2005]    0.86x main  R=[67, 201] rep=5  trsm=4 potrf=1 dot=17
  |     gs_pr@pow2                 1308.5 us [1288..1316]    1.30x main  R=[44, 132] rep=5  trsm=4 potrf=1 dot=13 fft=30
  |     gs_pr@fast                 1119.2 us [1027..1137]    1.52x main  R=[60, 180] rep=5  trsm=4 potrf=1 dot=13 fft=30
  |     gs_pr_ascoded@pow2         1274.8 us [1265..1287]    1.34x main  R=[42, 126] rep=5  trsm=4 potrf=1 dot=13 fft=34  hoisted:{'fft': {'grad': 34, 'loop_body': 30}}
  |     gs_pr_ascoded@fast         1100.1 us [1094..1113]    1.55x main  R=[68, 204] rep=5  trsm=4 potrf=1 dot=13 fft=34  hoisted:{'fft': {'grad': 34, 'loop_body': 30}}
  |     gs_full@pow2               1174.2 us [1168..1178]    1.45x main  R=[55, 165] rep=5  trsm=4 potrf=1 dot=13 fft=16
  |     gs_full@fast               1003.3 us [822..1018]    1.70x main  R=[48, 144] rep=5  trsm=4 potrf=1 dot=13 fft=16
  |     gs_half@pow2                733.4 us [726..738]    2.33x main  R=[81, 243] rep=5  trsm=4 potrf=1 dot=19 fft=8
  |     gs_half@fast                656.9 us [643..661]    2.60x main  R=[92, 276] rep=5  trsm=4 potrf=1 dot=19 fft=8
  |     floor                       138.8 us [137..143]   12.29x main  R=[373, 1119] rep=5  dot=4
  |   --- (n_det=2, N=410, n_modes=2) k=8  family expcos  cond=7.7e+02 ---
  |     main                       1695.1 us [1623..1772]    1.00x main  R=[60, 180] rep=5  
  |     main_hoisted               1675.8 us [1564..1752]    1.01x main  R=[52, 156] rep=5  
  |     gemm_linv                  2259.1 us [2115..2353]    0.75x main  R=[59, 177] rep=5  
  |     gemm_cinv                  1993.6 us [1966..2054]    0.85x main  R=[71, 213] rep=5  
  |     gs_pr@pow2                 1328.8 us [1322..1334]    1.28x main  R=[47, 141] rep=5  
  |     gs_pr@fast                 1131.1 us [1090..1142]    1.50x main  R=[49, 147] rep=5  
  |     gs_pr_ascoded@pow2         1267.4 us [1256..1280]    1.34x main  R=[34, 102] rep=5  
  |     gs_pr_ascoded@fast         1098.2 us [1086..1115]    1.54x main  R=[41, 123] rep=5  
  |     gs_full@pow2               1177.3 us [1168..1368]    1.44x main  R=[49, 147] rep=5  
  |     gs_full@fast                999.2 us [989..1002]    1.70x main  R=[49, 147] rep=5  
  |     gs_half@pow2                731.1 us [725..735]    2.32x main  R=[83, 249] rep=5  
  |     gs_half@fast                655.5 us [651..665]    2.59x main  R=[92, 276] rep=5  
  |     floor                       138.2 us [137..139]   12.26x main  R=[289, 867] rep=5  
  |   --- (n_det=2, N=1024, n_modes=2) k=8  family aligo02  cond=2.8e+10 ---
  |     main                      11376.5 us [10614..12023]    1.00x main  R=[12, 36] rep=5  trsm=10 potrf=1 trsm_big=6 dot=13  hoisted:{'trsm': {'grad': 10, 'loop_body': 8}, 'trsm_big': {'grad': 6, 'loop_body': 4}}
  |     main_hoisted              12386.6 us [11437..12832]    0.92x main  R=[10, 30] rep=5  trsm=8 potrf=1 trsm_big=4 dot=13
  |     gemm_linv                  6898.5 us [6344..7222]    1.65x main  R=[17, 51] rep=5  trsm=4 potrf=1 dot=17
  |     gemm_cinv                  6132.8 us [5613..6730]    1.86x main  R=[19, 57] rep=5  trsm=4 potrf=1 dot=17
  |     gs_pr@pow2                 2793.9 us [2760..2829]    4.07x main  R=[44, 132] rep=5  trsm=4 potrf=1 dot=13 fft=30
  |     gs_pr@fast                 2757.6 us [2734..2776]    4.13x main  R=[45, 135] rep=5  trsm=4 potrf=1 dot=13 fft=30
  |     gs_pr_ascoded@pow2         2783.6 us [2728..2806]    4.09x main  R=[18, 54] rep=5  trsm=4 potrf=1 dot=13 fft=34  hoisted:{'fft': {'grad': 34, 'loop_body': 30}}
  |     gs_pr_ascoded@fast         2735.3 us [2714..2814]    4.16x main  R=[17, 51] rep=5  trsm=4 potrf=1 dot=13 fft=34  hoisted:{'fft': {'grad': 34, 'loop_body': 30}}
  |     gs_full@pow2               6993.4 us [6882..7580]    1.63x main  R=[19, 57] rep=5  trsm=4 potrf=1 dot=13 fft=16
  |     gs_full@fast               7142.4 us [6554..7318]    1.59x main  R=[21, 63] rep=5  trsm=4 potrf=1 dot=13 fft=16
  |     gs_half@pow2               5007.8 us [4860..5054]    2.27x main  R=[28, 84] rep=5  trsm=4 potrf=1 dot=19 fft=8
  |     gs_half@fast               4793.7 us [4672..4823]    2.37x main  R=[28, 84] rep=5  trsm=4 potrf=1 dot=19 fft=8
  |     floor                       274.6 us [268..279]   41.44x main  R=[121, 363] rep=5  dot=4
  |   --- (n_det=2, N=1024, n_modes=2) k=8  family expcos  cond=7.8e+02 ---
  |     main                      12514.3 us [10328..13404]    1.00x main  R=[12, 36] rep=5  
  |     main_hoisted              12038.6 us [10345..12818]    1.04x main  R=[9, 27] rep=5  
  |     gemm_linv                  6293.8 us [4992..6913]    1.99x main  R=[18, 54] rep=5  
  |     gemm_cinv                  5901.4 us [4465..6980]    2.12x main  R=[19, 57] rep=5  
  |     gs_pr@pow2                 2786.7 us [2754..2807]    4.49x main  R=[42, 126] rep=5  
  |     gs_pr@fast                 2776.8 us [2695..2812]    4.51x main  R=[50, 150] rep=5  
  |     gs_pr_ascoded@pow2         2759.1 us [2721..3023]    4.54x main  R=[18, 54] rep=5  
  |     gs_pr_ascoded@fast         2754.4 us [2535..2819]    4.54x main  R=[18, 54] rep=5  
  |     gs_full@pow2               7212.7 us [7085..7590]    1.74x main  R=[20, 60] rep=5  
  |     gs_full@fast               7043.4 us [6868..7365]    1.78x main  R=[20, 60] rep=5  
  |     gs_half@pow2               4939.1 us [4867..5010]    2.53x main  R=[29, 87] rep=5  
  |     gs_half@fast               4937.3 us [4910..5032]    2.53x main  R=[28, 84] rep=5  
  |     floor                       274.0 us [270..276]   45.67x main  R=[191, 573] rep=5  
  |   --- (n_det=2, N=2048, n_modes=4) k=16  family aligo02  cond=5.6e+10 ---
  |     main                      83598.3 us [55880..90248]    1.00x main  R=[8, 24] rep=5  trsm=10 potrf=1 trsm_big=6 dot=13  hoisted:{'trsm': {'grad': 10, 'loop_body': 8}, 'trsm_big': {'grad': 6, 'loop_body': 4}}
  |     main_hoisted              95860.3 us [88380..118354]    0.87x main  R=[8, 24] rep=5  trsm=8 potrf=1 trsm_big=4 dot=13
  |     gemm_linv                 30351.5 us [28780..31074]    2.75x main  R=[8, 24] rep=5  trsm=4 potrf=1 dot=17
  |     gemm_cinv                 28784.0 us [27538..31731]    2.90x main  R=[8, 24] rep=5  trsm=4 potrf=1 dot=17
  |     gs_pr@pow2                15032.6 us [13078..16384]    5.56x main  R=[10, 30] rep=5  trsm=4 potrf=1 dot=13 fft=30
  |     gs_pr@fast                15135.5 us [14708..15431]    5.52x main  R=[10, 30] rep=5  trsm=4 potrf=1 dot=13 fft=30
  |     gs_pr_ascoded@pow2        15287.0 us [15096..15787]    5.47x main  R=[11, 33] rep=5  trsm=4 potrf=1 dot=13 fft=34  hoisted:{'fft': {'grad': 34, 'loop_body': 30}}
  |     gs_pr_ascoded@fast        15464.8 us [15103..15638]    5.41x main  R=[11, 33] rep=5  trsm=4 potrf=1 dot=13 fft=34  hoisted:{'fft': {'grad': 34, 'loop_body': 30}}
  |     gs_full@pow2              13235.1 us [12641..14165]    6.32x main  R=[11, 33] rep=5  trsm=4 potrf=1 dot=13 fft=16
  |     gs_full@fast              13846.5 us [13575..14580]    6.04x main  R=[11, 33] rep=5  trsm=4 potrf=1 dot=13 fft=16
  |     gs_half@pow2              11478.3 us [10796..12186]    7.28x main  R=[13, 39] rep=5  trsm=4 potrf=1 dot=19 fft=8
  |     gs_half@fast              10871.9 us [10370..11923]    7.69x main  R=[13, 39] rep=5  trsm=4 potrf=1 dot=19 fft=8
  |     floor                      1248.1 us [1238..1281]   66.98x main  R=[103, 309] rep=5  dot=4
  |   --- (n_det=2, N=2048, n_modes=4) k=16  family expcos  cond=7.8e+02 ---
  |     main                     101006.7 us [86133..135195]    1.00x main  R=[8, 24] rep=5  
  |     main_hoisted             114348.2 us [100408..128146]    0.88x main  R=[8, 24] rep=5  
  |     gemm_linv                 30229.8 us [29173..31481]    3.34x main  R=[8, 24] rep=5  
  |     gemm_cinv                 30353.7 us [28667..31880]    3.33x main  R=[8, 24] rep=5  
  |     gs_pr@pow2                15322.1 us [15113..15685]    6.59x main  R=[9, 27] rep=5  
  |     gs_pr@fast                15237.1 us [14493..15509]    6.63x main  R=[10, 30] rep=5  
  |     gs_pr_ascoded@pow2        15148.1 us [13962..15445]    6.67x main  R=[10, 30] rep=5  
  |     gs_pr_ascoded@fast        15501.6 us [15334..16279]    6.52x main  R=[10, 30] rep=5  
  |     gs_full@pow2              12553.3 us [12442..12957]    8.05x main  R=[12, 36] rep=5  
  |     gs_full@fast              13195.1 us [12563..13699]    7.65x main  R=[11, 33] rep=5  
  |     gs_half@pow2              10684.0 us [10229..11025]    9.45x main  R=[14, 42] rep=5  
  |     gs_half@fast              10765.4 us [10314..11676]    9.38x main  R=[13, 39] rep=5  
  |     floor                      1252.8 us [1241..1257]   80.62x main  R=[63, 189] rep=5  
  |   --- (n_det=3, N=1024, n_modes=8) k=32  family aligo02  cond=2.8e+10 ---
  |     main                      20332.9 us [19298..21622]    1.00x main  R=[8, 24] rep=5  trsm=13 potrf=1 trsm_big=9 dot=17  hoisted:{'trsm': {'grad': 13, 'loop_body': 10}, 'trsm_big': {'grad': 9, 'loop_body': 6}}
  |     main_hoisted              22030.4 us [18496..23969]    0.92x main  R=[8, 24] rep=5  trsm=10 potrf=1 trsm_big=6 dot=17
  |     gemm_linv                 11678.7 us [10276..12865]    1.74x main  R=[8, 24] rep=5  trsm=4 potrf=1 dot=23
  |     gemm_cinv                 10469.9 us [7838..12401]    1.94x main  R=[8, 24] rep=5  trsm=4 potrf=1 dot=23
  |     gs_pr@pow2                17368.2 us [15675..18568]    1.17x main  R=[8, 24] rep=5  trsm=4 potrf=1 dot=17 fft=45
  |     gs_pr@fast                18784.2 us [16463..20204]    1.08x main  R=[8, 24] rep=5  trsm=4 potrf=1 dot=17 fft=45
  |     gs_pr_ascoded@pow2        17386.2 us [16471..19561]    1.17x main  R=[8, 24] rep=5  trsm=4 potrf=1 dot=17 fft=51  hoisted:{'fft': {'grad': 51, 'loop_body': 45}}
  |     gs_pr_ascoded@fast        18958.1 us [17890..19643]    1.07x main  R=[9, 27] rep=5  trsm=4 potrf=1 dot=17 fft=51  hoisted:{'fft': {'grad': 51, 'loop_body': 45}}
  |     gs_full@pow2              15884.9 us [15084..16483]    1.28x main  R=[9, 27] rep=5  trsm=4 potrf=1 dot=17 fft=24
  |     gs_full@fast              18356.3 us [15627..19437]    1.11x main  R=[9, 27] rep=5  trsm=4 potrf=1 dot=17 fft=24
  |     gs_half@pow2              14981.1 us [14640..15482]    1.36x main  R=[10, 30] rep=5  trsm=4 potrf=1 dot=26 fft=12
  |     gs_half@fast              13101.7 us [12615..14104]    1.55x main  R=[11, 33] rep=5  trsm=4 potrf=1 dot=26 fft=12
  |     floor                      6351.7 us [6190..6489]    3.20x main  R=[24, 72] rep=5  dot=4
  |   --- (n_det=3, N=1024, n_modes=8) k=32  family expcos  cond=7.8e+02 ---
  |     main                      21488.6 us [18821..22011]    1.00x main  R=[8, 24] rep=5  
  |     main_hoisted              22175.3 us [21607..23554]    0.97x main  R=[8, 24] rep=5  
  |     gemm_linv                 11482.3 us [10047..12999]    1.87x main  R=[8, 24] rep=5  
  |     gemm_cinv                 11690.0 us [10763..14915]    1.84x main  R=[8, 24] rep=5  
  |     gs_pr@pow2                18801.1 us [17113..19851]    1.14x main  R=[8, 24] rep=5  
  |     gs_pr@fast                17051.9 us [16225..18159]    1.26x main  R=[8, 24] rep=5  
  |     gs_pr_ascoded@pow2        17454.7 us [14798..19576]    1.23x main  R=[8, 24] rep=5  
  |     gs_pr_ascoded@fast        14470.3 us [13818..16426]    1.49x main  R=[9, 27] rep=5  
  |     gs_full@pow2              18468.0 us [17821..19721]    1.16x main  R=[8, 24] rep=5  
  |     gs_full@fast              12957.0 us [11827..16659]    1.66x main  R=[8, 24] rep=5  
  |     gs_half@pow2              12510.0 us [10839..14543]    1.72x main  R=[11, 33] rep=5  
  |     gs_half@fast              14019.6 us [12996..15385]    1.53x main  R=[11, 33] rep=5  
  |     floor                      6288.6 us [6102..6579]    3.42x main  R=[22, 66] rep=5  
  |   --- (n_det=2, N=4096, n_modes=4) k=16  family aligo02  cond=8.2e+10 ---
  |     main                     570271.2 us [531626..580801]    1.00x main  R=[2, 6] rep=3  trsm=10 potrf=1 trsm_big=6 dot=13  hoisted:{'trsm': {'grad': 10, 'loop_body': 8}, 'trsm_big': {'grad': 6, 'loop_body': 4}}
  |     main_hoisted             568098.3 us [517617..619397]    1.00x main  R=[2, 6] rep=3  trsm=8 potrf=1 trsm_big=4 dot=13
  |     gemm_linv                118376.7 us [111373..123289]    4.82x main  R=[8, 24] rep=5  trsm=4 potrf=1 dot=17
  |     gemm_cinv                117944.9 us [108972..121494]    4.84x main  R=[8, 24] rep=5  trsm=4 potrf=1 dot=17
  |     gs_pr@pow2                21707.4 us [20838..23044]   26.27x main  R=[8, 24] rep=5  trsm=4 potrf=1 dot=13 fft=30
  |     gs_pr@fast                22334.3 us [21031..22939]   25.53x main  R=[8, 24] rep=5  trsm=4 potrf=1 dot=13 fft=30
  |     gs_pr_ascoded@pow2        21778.1 us [21132..22238]   26.19x main  R=[8, 24] rep=5  trsm=4 potrf=1 dot=13 fft=34  hoisted:{'fft': {'grad': 34, 'loop_body': 30}}
  |     gs_pr_ascoded@fast        22528.5 us [21671..23266]   25.31x main  R=[8, 24] rep=5  trsm=4 potrf=1 dot=13 fft=34  hoisted:{'fft': {'grad': 34, 'loop_body': 30}}
  |     gs_full@pow2              20166.9 us [20052..20535]   28.28x main  R=[8, 24] rep=5  trsm=4 potrf=1 dot=13 fft=16
  |     gs_full@fast              20162.4 us [19916..20537]   28.28x main  R=[8, 24] rep=5  trsm=4 potrf=1 dot=13 fft=16
  |     gs_half@pow2              15990.9 us [15587..17358]   35.66x main  R=[9, 27] rep=5  trsm=4 potrf=1 dot=19 fft=8
  |     gs_half@fast              15997.8 us [15693..16338]   35.65x main  R=[9, 27] rep=5  trsm=4 potrf=1 dot=19 fft=8
  |     floor                      7423.9 us [7178..8055]   76.82x main  R=[18, 54] rep=5  dot=4
  |   --- (n_det=2, N=4096, n_modes=4) k=16  family expcos  cond=7.8e+02 ---
  |     main                     552723.3 us [525112..619503]    1.00x main  R=[2, 6] rep=3  
  |     main_hoisted             566729.7 us [534584..636948]    0.98x main  R=[2, 6] rep=3  
  |     gemm_linv                116544.0 us [109287..128642]    4.74x main  R=[8, 24] rep=5  
  |     gemm_cinv                118550.0 us [107609..122848]    4.66x main  R=[8, 24] rep=5  
  |     gs_pr@pow2                22469.6 us [20542..23280]   24.60x main  R=[8, 24] rep=5  
  |     gs_pr@fast                21343.3 us [20907..22167]   25.90x main  R=[8, 24] rep=5  
  |     gs_pr_ascoded@pow2        21750.1 us [21015..22104]   25.41x main  R=[8, 24] rep=5  
  |     gs_pr_ascoded@fast        21489.9 us [21235..22016]   25.72x main  R=[8, 24] rep=5  
  |     gs_full@pow2              20110.9 us [19940..20299]   27.48x main  R=[8, 24] rep=5  
  |     gs_full@fast              20093.3 us [19435..20612]   27.51x main  R=[8, 24] rep=5  
  |     gs_half@pow2              15862.8 us [15368..16440]   34.84x main  R=[9, 27] rep=5  
  |     gs_half@fast              15969.7 us [15740..16171]   34.61x main  R=[9, 27] rep=5  
  |     floor                      7879.0 us [7656..8330]   70.15x main  R=[20, 60] rep=5  
  | 
  | === COMPILE TIME of jit(grad) [leg cpu_f64_omp8] ===
  |   2,205,2      main                   lower  0.10 s  compile  0.33 s
  |   2,205,2      main_hoisted           lower  0.09 s  compile  0.31 s
  |   2,205,2      gemm_linv              lower  0.09 s  compile  0.34 s
  |   2,205,2      gemm_cinv              lower  0.09 s  compile  0.34 s
  |   2,205,2      gs_pr@pow2             lower  0.14 s  compile  0.40 s
  |   2,205,2      gs_pr@fast             lower  0.14 s  compile  0.41 s
  |   2,205,2      gs_pr_ascoded@pow2     lower  0.15 s  compile  0.38 s
  |   2,205,2      gs_pr_ascoded@fast     lower  0.14 s  compile  0.41 s
  |   2,205,2      gs_full@pow2           lower  0.14 s  compile  0.39 s
  |   2,205,2      gs_full@fast           lower  0.12 s  compile  0.36 s
  |   2,205,2      gs_half@pow2           lower  0.12 s  compile  0.38 s
  |   2,205,2      gs_half@fast           lower  0.12 s  compile  0.36 s
  |   2,205,2      floor                  lower  0.07 s  compile  0.25 s
  |   2,410,2      main                   lower  0.09 s  compile  0.33 s
  |   2,410,2      main_hoisted           lower  0.09 s  compile  0.34 s
  |   2,410,2      gemm_linv              lower  0.11 s  compile  0.36 s
  |   2,410,2      gemm_cinv              lower  0.09 s  compile  0.34 s
  |   2,410,2      gs_pr@pow2             lower  0.14 s  compile  0.37 s
  |   2,410,2      gs_pr@fast             lower  0.14 s  compile  0.40 s
  |   2,410,2      gs_pr_ascoded@pow2     lower  0.14 s  compile  0.41 s
  |   2,410,2      gs_pr_ascoded@fast     lower  0.14 s  compile  0.41 s
  |   2,410,2      gs_full@pow2           lower  0.13 s  compile  0.37 s
  |   2,410,2      gs_full@fast           lower  0.13 s  compile  0.39 s
  |   2,410,2      gs_half@pow2           lower  0.12 s  compile  0.35 s
  |   2,410,2      gs_half@fast           lower  0.12 s  compile  0.38 s
  |   2,410,2      floor                  lower  0.07 s  compile  0.27 s
  |   2,1024,2     main                   lower  0.10 s  compile  0.32 s
  |   2,1024,2     main_hoisted           lower  0.09 s  compile  0.35 s
  |   2,1024,2     gemm_linv              lower  0.09 s  compile  0.33 s
  |   2,1024,2     gemm_cinv              lower  0.09 s  compile  0.31 s
  |   2,1024,2     gs_pr@pow2             lower  0.14 s  compile  0.38 s
  |   2,1024,2     gs_pr@fast             lower  0.14 s  compile  0.38 s
  |   2,1024,2     gs_pr_ascoded@pow2     lower  0.14 s  compile  0.41 s
  |   2,1024,2     gs_pr_ascoded@fast     lower  0.15 s  compile  0.40 s
  |   2,1024,2     gs_full@pow2           lower  0.13 s  compile  0.36 s
  |   2,1024,2     gs_full@fast           lower  0.14 s  compile  0.44 s
  |   2,1024,2     gs_half@pow2           lower  0.12 s  compile  0.37 s
  |   2,1024,2     gs_half@fast           lower  0.13 s  compile  0.36 s
  |   2,1024,2     floor                  lower  0.07 s  compile  0.25 s
  |   2,2048,4     main                   lower  0.09 s  compile  0.35 s
  |   2,2048,4     main_hoisted           lower  0.09 s  compile  0.34 s
  |   2,2048,4     gemm_linv              lower  0.10 s  compile  0.34 s
  |   2,2048,4     gemm_cinv              lower  0.10 s  compile  0.34 s
  |   2,2048,4     gs_pr@pow2             lower  0.14 s  compile  0.42 s
  |   2,2048,4     gs_pr@fast             lower  0.14 s  compile  0.45 s
  |   2,2048,4     gs_pr_ascoded@pow2     lower  0.14 s  compile  0.43 s
  |   2,2048,4     gs_pr_ascoded@fast     lower  0.14 s  compile  0.41 s
  |   2,2048,4     gs_full@pow2           lower  0.13 s  compile  0.38 s
  |   2,2048,4     gs_full@fast           lower  0.14 s  compile  0.39 s
  |   2,2048,4     gs_half@pow2           lower  0.12 s  compile  0.39 s
  |   2,2048,4     gs_half@fast           lower  0.12 s  compile  0.36 s
  |   2,2048,4     floor                  lower  0.07 s  compile  0.26 s
  |   3,1024,8     main                   lower  0.10 s  compile  0.35 s
  |   3,1024,8     main_hoisted           lower  0.10 s  compile  0.36 s
  |   3,1024,8     gemm_linv              lower  0.10 s  compile  0.36 s
  |   3,1024,8     gemm_cinv              lower  0.10 s  compile  0.36 s
  |   3,1024,8     gs_pr@pow2             lower  0.16 s  compile  0.44 s
  |   3,1024,8     gs_pr@fast             lower  0.17 s  compile  0.45 s
  |   3,1024,8     gs_pr_ascoded@pow2     lower  0.16 s  compile  0.43 s
  |   3,1024,8     gs_pr_ascoded@fast     lower  0.17 s  compile  0.47 s
  |   3,1024,8     gs_full@pow2           lower  0.15 s  compile  0.43 s
  |   3,1024,8     gs_full@fast           lower  0.15 s  compile  0.44 s
  |   3,1024,8     gs_half@pow2           lower  0.13 s  compile  0.40 s
  |   3,1024,8     gs_half@fast           lower  0.13 s  compile  0.41 s
  |   3,1024,8     floor                  lower  0.07 s  compile  0.27 s
  |   2,4096,4     main                   lower  0.10 s  compile  0.34 s
  |   2,4096,4     main_hoisted           lower  0.10 s  compile  0.32 s
  |   2,4096,4     gemm_linv              lower  0.10 s  compile  0.33 s
  |   2,4096,4     gemm_cinv              lower  0.10 s  compile  0.35 s
  |   2,4096,4     gs_pr@pow2             lower  0.14 s  compile  0.41 s
  |   2,4096,4     gs_pr@fast             lower  0.15 s  compile  0.43 s
  |   2,4096,4     gs_pr_ascoded@pow2     lower  0.14 s  compile  0.43 s
  |   2,4096,4     gs_pr_ascoded@fast     lower  0.14 s  compile  0.47 s
  |   2,4096,4     gs_full@pow2           lower  0.13 s  compile  0.42 s
  |   2,4096,4     gs_full@fast           lower  0.12 s  compile  0.41 s
  |   2,4096,4     gs_half@pow2           lower  0.12 s  compile  0.38 s
  |   2,4096,4     gs_half@fast           lower  0.12 s  compile  0.37 s
  |   2,4096,4     floor                  lower  0.07 s  compile  0.27 s
  | 
  | === ACCURACY vs reference and vs float64 twin [leg cpu_f64_omp8, float64] ===
  |     matmul: jax_default_matmul_precision='None'
  |   config       family    variant                 nats_ref  relg_ref relg_ref*  relg_twn relg_twn* finite
  |   (* = cloud-normalized; by-kind numbers in the JSON)
  |   2,205,2      aligo02   main                    4.31e-07  1.13e-07  1.47e-08         -         -   True
  |   2,205,2      aligo02   main_hoisted            3.07e-07  1.13e-07  1.47e-08         -         -   True
  |   2,205,2      aligo02   gemm_linv               4.53e-08  1.45e-07  1.43e-08         -         -   True
  |   2,205,2      aligo02   gemm_cinv               4.53e-08  1.45e-07  1.43e-08         -         -   True
  |   2,205,2      aligo02   gs_pr@pow2              4.38e-07  3.04e-07  2.35e-08         -         -   True
  |   2,205,2      aligo02   gs_pr@fast              4.38e-07  3.04e-07  2.35e-08         -         -   True
  |   2,205,2      aligo02   gs_pr_ascoded@pow2      4.38e-07  3.04e-07  2.35e-08         -         -   True
  |   2,205,2      aligo02   gs_pr_ascoded@fast      4.38e-07  3.04e-07  2.35e-08         -         -   True
  |   2,205,2      aligo02   gs_full@pow2            4.38e-07  3.04e-07  2.35e-08         -         -   True
  |   2,205,2      aligo02   gs_full@fast            4.38e-07  3.04e-07  2.35e-08         -         -   True
  |   2,205,2      aligo02   gs_half@pow2            4.38e-07  3.04e-07  2.35e-08         -         -   True
  |   2,205,2      aligo02   gs_half@fast            4.38e-07  3.04e-07  2.35e-08         -         -   True
  |   2,205,2      aligo2    main                    6.15e-10  5.25e-11  1.27e-11         -         -   True
  |   2,205,2      aligo2    main_hoisted            3.98e-10  5.25e-11  1.27e-11         -         -   True
  |   2,205,2      aligo2    gemm_linv               1.56e-10  3.32e-11  3.66e-12         -         -   True
  |   2,205,2      aligo2    gemm_cinv               1.56e-10  3.32e-11  3.66e-12         -         -   True
  |   2,205,2      aligo2    gs_pr@pow2              4.15e-10  3.16e-11  7.56e-12         -         -   True
  |   2,205,2      aligo2    gs_pr@fast              4.15e-10  3.16e-11  7.56e-12         -         -   True
  |   2,205,2      aligo2    gs_pr_ascoded@pow2      4.15e-10  3.16e-11  7.56e-12         -         -   True
  |   2,205,2      aligo2    gs_pr_ascoded@fast      4.15e-10  3.16e-11  7.56e-12         -         -   True
  |   2,205,2      aligo2    gs_full@pow2            4.14e-10  3.17e-11  7.56e-12         -         -   True
  |   2,205,2      aligo2    gs_full@fast            4.15e-10  3.16e-11  7.56e-12         -         -   True
  |   2,205,2      aligo2    gs_half@pow2            4.14e-10  3.17e-11  7.56e-12         -         -   True
  |   2,205,2      aligo2    gs_half@fast            4.14e-10  3.17e-11  7.56e-12         -         -   True
  |   2,205,2      aligo20   main                    9.59e-13  2.43e-12  9.23e-14         -         -   True
  |   2,205,2      aligo20   main_hoisted            9.38e-13  2.18e-12  7.89e-14         -         -   True
  |   2,205,2      aligo20   gemm_linv               7.25e-13  1.79e-12  6.40e-14         -         -   True
  |   2,205,2      aligo20   gemm_cinv               9.66e-13  6.91e-12  6.94e-14         -         -   True
  |   2,205,2      aligo20   gs_pr@pow2              9.38e-13  4.79e-12  7.64e-14         -         -   True
  |   2,205,2      aligo20   gs_pr@fast              9.38e-13  5.90e-12  7.54e-14         -         -   True
  |   2,205,2      aligo20   gs_pr_ascoded@pow2      9.38e-13  4.79e-12  7.64e-14         -         -   True
  |   2,205,2      aligo20   gs_pr_ascoded@fast      9.38e-13  5.90e-12  7.54e-14         -         -   True
  |   2,205,2      aligo20   gs_full@pow2            9.38e-13  5.29e-12  7.24e-14         -         -   True
  |   2,205,2      aligo20   gs_full@fast            9.66e-13  5.73e-12  7.44e-14         -         -   True
  |   2,205,2      aligo20   gs_half@pow2            8.53e-13  3.26e-12  8.50e-14         -         -   True
  |   2,205,2      aligo20   gs_half@fast            8.81e-13  1.80e-12  8.30e-14         -         -   True
  |   2,205,2      expcos    main                    8.27e-12  4.80e-11  2.08e-12         -         -   True
  |   2,205,2      expcos    main_hoisted            8.27e-12  4.78e-11  2.08e-12         -         -   True
  |   2,205,2      expcos    gemm_linv               8.44e-12  4.81e-11  2.09e-12         -         -   True
  |   2,205,2      expcos    gemm_cinv               8.53e-12  4.76e-11  2.09e-12         -         -   True
  |   2,205,2      expcos    gs_pr@pow2              1.04e-11  4.75e-11  2.09e-12         -         -   True
  |   2,205,2      expcos    gs_pr@fast              1.04e-11  4.77e-11  2.09e-12         -         -   True
  |   2,205,2      expcos    gs_pr_ascoded@pow2      1.04e-11  4.75e-11  2.09e-12         -         -   True
  |   2,205,2      expcos    gs_pr_ascoded@fast      1.04e-11  4.77e-11  2.09e-12         -         -   True
  |   2,205,2      expcos    gs_full@pow2            1.03e-11  4.76e-11  2.09e-12         -         -   True
  |   2,205,2      expcos    gs_full@fast            1.05e-11  4.73e-11  2.09e-12         -         -   True
  |   2,205,2      expcos    gs_half@pow2            1.03e-11  4.80e-11  2.10e-12         -         -   True
  |   2,205,2      expcos    gs_half@fast            1.03e-11  4.79e-11  2.10e-12         -         -   True
  |   2,205,2      white     main                    4.55e-13  4.90e-13  4.42e-14         -         -   True
  |   2,205,2      white     main_hoisted            4.55e-13  4.90e-13  4.42e-14         -         -   True
  |   2,205,2      white     gemm_linv               6.25e-13  5.00e-13  3.63e-14         -         -   True
  |   2,205,2      white     gemm_cinv               6.25e-13  5.05e-13  3.66e-14         -         -   True
  |   2,205,2      white     gs_pr@pow2              5.68e-13  4.91e-13  3.56e-14         -         -   True
  |   2,205,2      white     gs_pr@fast              7.39e-13  6.12e-13  4.44e-14         -         -   True
  |   2,205,2      white     gs_pr_ascoded@pow2      5.68e-13  4.91e-13  3.56e-14         -         -   True
  |   2,205,2      white     gs_pr_ascoded@fast      7.39e-13  6.12e-13  4.44e-14         -         -   True
  |   2,205,2      white     gs_full@pow2            6.25e-13  4.24e-13  3.63e-14         -         -   True
  |   2,205,2      white     gs_full@fast            6.25e-13  4.60e-13  3.34e-14         -         -   True
  |   2,205,2      white     gs_half@pow2            7.96e-13  4.87e-13  3.66e-14         -         -   True
  |   2,205,2      white     gs_half@fast            6.25e-13  5.89e-13  3.76e-14         -         -   True
  |   2,205,2      gw150914  main                    3.82e-10  9.14e-11  1.01e-11         -         -   True
  |   2,205,2      gw150914  main_hoisted            1.78e-10  9.12e-11  1.01e-11         -         -   True
  |   2,205,2      gw150914  gemm_linv               1.91e-10  1.58e-10  1.19e-11         -         -   True
  |   2,205,2      gw150914  gemm_cinv               1.91e-10  1.58e-10  1.19e-11         -         -   True
  |   2,205,2      gw150914  gs_pr@pow2              2.47e-10  5.22e-11  6.31e-12         -         -   True
  |   2,205,2      gw150914  gs_pr@fast              2.47e-10  5.23e-11  6.31e-12         -         -   True
  |   2,205,2      gw150914  gs_pr_ascoded@pow2      2.47e-10  5.22e-11  6.31e-12         -         -   True
  |   2,205,2      gw150914  gs_pr_ascoded@fast      2.47e-10  5.23e-11  6.31e-12         -         -   True
  |   2,205,2      gw150914  gs_full@pow2            2.47e-10  5.23e-11  6.33e-12         -         -   True
  |   2,205,2      gw150914  gs_full@fast            2.47e-10  5.23e-11  6.33e-12         -         -   True
  |   2,205,2      gw150914  gs_half@pow2            2.47e-10  5.19e-11  6.29e-12         -         -   True
  |   2,205,2      gw150914  gs_half@fast            2.47e-10  5.21e-11  6.29e-12         -         -   True
  |   2,410,2      aligo02   main                    1.64e-06  6.95e-07  1.22e-08         -         -   True
  |   2,410,2      aligo02   main_hoisted            2.05e-07  6.95e-07  1.22e-08         -         -   True
  |   2,410,2      aligo02   gemm_linv               5.57e-08  2.88e-07  1.65e-08         -         -   True
  |   2,410,2      aligo02   gemm_cinv               5.57e-08  2.88e-07  1.65e-08         -         -   True
  |   2,410,2      aligo02   gs_pr@pow2              4.16e-07  5.67e-07  2.68e-08         -         -   True
  |   2,410,2      aligo02   gs_pr@fast              4.16e-07  5.67e-07  2.68e-08         -         -   True
  |   2,410,2      aligo02   gs_pr_ascoded@pow2      4.16e-07  5.67e-07  2.68e-08         -         -   True
  |   2,410,2      aligo02   gs_pr_ascoded@fast      4.16e-07  5.67e-07  2.68e-08         -         -   True
  |   2,410,2      aligo02   gs_full@pow2            4.16e-07  5.67e-07  2.68e-08         -         -   True
  |   2,410,2      aligo02   gs_full@fast            4.16e-07  5.67e-07  2.68e-08         -         -   True
  |   2,410,2      aligo02   gs_half@pow2            4.16e-07  5.67e-07  2.68e-08         -         -   True
  |   2,410,2      aligo02   gs_half@fast            4.16e-07  5.67e-07  2.68e-08         -         -   True
  |   2,410,2      aligo2    main                    6.00e-10  3.51e-10  5.10e-12         -         -   True
  |   2,410,2      aligo2    main_hoisted            2.87e-10  3.51e-10  5.10e-12         -         -   True
  |   2,410,2      aligo2    gemm_linv               9.14e-11  4.01e-10  4.36e-12         -         -   True
  |   2,410,2      aligo2    gemm_cinv               9.14e-11  4.01e-10  4.36e-12         -         -   True
  |   2,410,2      aligo2    gs_pr@pow2              4.50e-10  3.25e-10  8.42e-12         -         -   True
  |   2,410,2      aligo2    gs_pr@fast              4.50e-10  3.24e-10  8.41e-12         -         -   True
  |   2,410,2      aligo2    gs_pr_ascoded@pow2      4.50e-10  3.25e-10  8.42e-12         -         -   True
  |   2,410,2      aligo2    gs_pr_ascoded@fast      4.50e-10  3.24e-10  8.41e-12         -         -   True
  |   2,410,2      aligo2    gs_full@pow2            4.50e-10  3.25e-10  8.41e-12         -         -   True
  |   2,410,2      aligo2    gs_full@fast            4.50e-10  3.25e-10  8.41e-12         -         -   True
  |   2,410,2      aligo2    gs_half@pow2            4.51e-10  3.25e-10  8.43e-12         -         -   True
  |   2,410,2      aligo2    gs_half@fast            4.51e-10  3.25e-10  8.42e-12         -         -   True
  |   2,410,2      aligo20   main                    1.58e-12  4.09e-11  2.65e-13         -         -   True
  |   2,410,2      aligo20   main_hoisted            1.87e-12  4.22e-11  2.70e-13         -         -   True
  |   2,410,2      aligo20   gemm_linv               1.64e-12  4.47e-11  2.53e-13         -         -   True
  |   2,410,2      aligo20   gemm_cinv               1.52e-12  5.37e-11  2.19e-13         -         -   True
  |   2,410,2      aligo20   gs_pr@pow2              1.63e-12  5.24e-11  2.24e-13         -         -   True
  |   2,410,2      aligo20   gs_pr@fast              1.63e-12  5.37e-11  2.17e-13         -         -   True
  |   2,410,2      aligo20   gs_pr_ascoded@pow2      1.63e-12  5.24e-11  2.24e-13         -         -   True
  |   2,410,2      aligo20   gs_pr_ascoded@fast      1.63e-12  5.37e-11  2.17e-13         -         -   True
  |   2,410,2      aligo20   gs_full@pow2            1.63e-12  5.24e-11  2.31e-13         -         -   True
  |   2,410,2      aligo20   gs_full@fast            1.63e-12  5.37e-11  2.22e-13         -         -   True
  |   2,410,2      aligo20   gs_half@pow2            1.76e-12  5.62e-11  2.24e-13         -         -   True
  |   2,410,2      aligo20   gs_half@fast            1.70e-12  5.75e-11  2.28e-13         -         -   True
  |   2,410,2      expcos    main                    1.06e-11  5.50e-12  3.99e-12         -         -   True
  |   2,410,2      expcos    main_hoisted            1.09e-11  5.49e-12  3.99e-12         -         -   True
  |   2,410,2      expcos    gemm_linv               1.06e-11  5.50e-12  3.99e-12         -         -   True
  |   2,410,2      expcos    gemm_cinv               1.05e-11  5.49e-12  3.99e-12         -         -   True
  |   2,410,2      expcos    gs_pr@pow2              9.27e-12  5.50e-12  4.00e-12         -         -   True
  |   2,410,2      expcos    gs_pr@fast              9.38e-12  5.49e-12  3.99e-12         -         -   True
  |   2,410,2      expcos    gs_pr_ascoded@pow2      9.27e-12  5.50e-12  4.00e-12         -         -   True
  |   2,410,2      expcos    gs_pr_ascoded@fast      9.38e-12  5.49e-12  3.99e-12         -         -   True
  |   2,410,2      expcos    gs_full@pow2            9.27e-12  5.50e-12  4.00e-12         -         -   True
  |   2,410,2      expcos    gs_full@fast            9.38e-12  5.50e-12  4.00e-12         -         -   True
  |   2,410,2      expcos    gs_half@pow2            9.15e-12  5.51e-12  4.01e-12         -         -   True
  |   2,410,2      expcos    gs_half@fast            9.15e-12  5.50e-12  4.01e-12         -         -   True
  |   2,410,2      white     main                    1.71e-13  5.69e-13  5.91e-14         -         -   True
  |   2,410,2      white     main_hoisted            1.71e-13  5.69e-13  5.91e-14         -         -   True
  |   2,410,2      white     gemm_linv               2.27e-13  6.70e-13  5.55e-14         -         -   True
  |   2,410,2      white     gemm_cinv               2.27e-13  6.65e-13  5.64e-14         -         -   True
  |   2,410,2      white     gs_pr@pow2              2.27e-13  6.26e-13  5.82e-14         -         -   True
  |   2,410,2      white     gs_pr@fast              2.27e-13  5.52e-13  6.01e-14         -         -   True
  |   2,410,2      white     gs_pr_ascoded@pow2      2.27e-13  6.26e-13  5.82e-14         -         -   True
  |   2,410,2      white     gs_pr_ascoded@fast      2.27e-13  5.52e-13  6.01e-14         -         -   True
  |   2,410,2      white     gs_full@pow2            1.71e-13  6.11e-13  6.19e-14         -         -   True
  |   2,410,2      white     gs_full@fast            2.27e-13  6.23e-13  5.82e-14         -         -   True
  |   2,410,2      white     gs_half@pow2            2.84e-13  6.60e-13  5.91e-14         -         -   True
  |   2,410,2      white     gs_half@fast            2.84e-13  6.85e-13  6.19e-14         -         -   True
  |   2,410,2      gw150914  main                    2.17e-10  3.67e-10  1.28e-11         -         -   True
  |   2,410,2      gw150914  main_hoisted            2.69e-10  3.67e-10  1.28e-11         -         -   True
  |   2,410,2      gw150914  gemm_linv               6.32e-11  5.47e-11  1.08e-11         -         -   True
  |   2,410,2      gw150914  gemm_cinv               6.32e-11  5.47e-11  1.08e-11         -         -   True
  |   2,410,2      gw150914  gs_pr@pow2              1.43e-09  6.24e-10  3.18e-11         -         -   True
  |   2,410,2      gw150914  gs_pr@fast              1.43e-09  6.24e-10  3.18e-11         -         -   True
  |   2,410,2      gw150914  gs_pr_ascoded@pow2      1.43e-09  6.24e-10  3.18e-11         -         -   True
  |   2,410,2      gw150914  gs_pr_ascoded@fast      1.43e-09  6.24e-10  3.18e-11         -         -   True
  |   2,410,2      gw150914  gs_full@pow2            1.43e-09  6.24e-10  3.18e-11         -         -   True
  |   2,410,2      gw150914  gs_full@fast            1.43e-09  6.24e-10  3.18e-11         -         -   True
  |   2,410,2      gw150914  gs_half@pow2            1.43e-09  6.24e-10  3.18e-11         -         -   True
  |   2,410,2      gw150914  gs_half@fast            1.43e-09  6.24e-10  3.18e-11         -         -   True
  |   2,1024,2     aligo02   main                    2.85e-06  3.41e-07  2.32e-08         -         -   True
  |   2,1024,2     aligo02   main_hoisted            2.18e-07  3.41e-07  2.32e-08         -         -   True
  |   2,1024,2     aligo02   gemm_linv               3.01e-08  1.04e-07  6.99e-09         -         -   True
  |   2,1024,2     aligo02   gemm_cinv               3.01e-08  1.04e-07  6.99e-09         -         -   True
  |   2,1024,2     aligo02   gs_pr@pow2              4.17e-07  2.65e-07  1.64e-08         -         -   True
  |   2,1024,2     aligo02   gs_pr@fast              4.17e-07  2.65e-07  1.64e-08         -         -   True
  |   2,1024,2     aligo02   gs_pr_ascoded@pow2      4.17e-07  2.65e-07  1.64e-08         -         -   True
  |   2,1024,2     aligo02   gs_pr_ascoded@fast      4.17e-07  2.65e-07  1.64e-08         -         -   True
  |   2,1024,2     aligo02   gs_full@pow2            4.17e-07  2.65e-07  1.64e-08         -         -   True
  |   2,1024,2     aligo02   gs_full@fast            4.17e-07  2.65e-07  1.64e-08         -         -   True
  |   2,1024,2     aligo02   gs_half@pow2            4.17e-07  2.65e-07  1.64e-08         -         -   True
  |   2,1024,2     aligo02   gs_half@fast            4.17e-07  2.65e-07  1.64e-08         -         -   True
  |   2,1024,2     aligo2    main                    3.08e-10  1.79e-10  1.63e-11         -         -   True
  |   2,1024,2     aligo2    main_hoisted            1.77e-10  1.78e-10  1.62e-11         -         -   True
  |   2,1024,2     aligo2    gemm_linv               8.64e-11  1.90e-10  6.96e-12         -         -   True
  |   2,1024,2     aligo2    gemm_cinv               8.64e-11  1.90e-10  6.95e-12         -         -   True
  |   2,1024,2     aligo2    gs_pr@pow2              5.67e-10  6.22e-10  7.85e-12         -         -   True
  |   2,1024,2     aligo2    gs_pr@fast              5.67e-10  6.22e-10  7.85e-12         -         -   True
  |   2,1024,2     aligo2    gs_pr_ascoded@pow2      5.67e-10  6.22e-10  7.85e-12         -         -   True
  |   2,1024,2     aligo2    gs_pr_ascoded@fast      5.67e-10  6.22e-10  7.85e-12         -         -   True
  |   2,1024,2     aligo2    gs_full@pow2            5.67e-10  6.22e-10  7.85e-12         -         -   True
  |   2,1024,2     aligo2    gs_full@fast            5.67e-10  6.22e-10  7.85e-12         -         -   True
  |   2,1024,2     aligo2    gs_half@pow2            5.67e-10  6.23e-10  7.85e-12         -         -   True
  |   2,1024,2     aligo2    gs_half@fast            5.67e-10  6.23e-10  7.85e-12         -         -   True
  |   2,1024,2     aligo20   main                    1.04e-12  1.46e-11  1.30e-13         -         -   True
  |   2,1024,2     aligo20   main_hoisted            1.10e-12  1.54e-11  1.17e-13         -         -   True
  |   2,1024,2     aligo20   gemm_linv               1.09e-12  1.39e-11  1.18e-13         -         -   True
  |   2,1024,2     aligo20   gemm_cinv               8.14e-13  6.16e-12  7.72e-14         -         -   True
  |   2,1024,2     aligo20   gs_pr@pow2              8.81e-13  6.72e-12  7.59e-14         -         -   True
  |   2,1024,2     aligo20   gs_pr@fast              8.81e-13  6.72e-12  7.59e-14         -         -   True
  |   2,1024,2     aligo20   gs_pr_ascoded@pow2      8.81e-13  6.72e-12  7.59e-14         -         -   True
  |   2,1024,2     aligo20   gs_pr_ascoded@fast      8.81e-13  6.72e-12  7.59e-14         -         -   True
  |   2,1024,2     aligo20   gs_full@pow2            8.81e-13  4.24e-12  7.34e-14         -         -   True
  |   2,1024,2     aligo20   gs_full@fast            8.81e-13  4.24e-12  7.34e-14         -         -   True
  |   2,1024,2     aligo20   gs_half@pow2            8.81e-13  2.74e-12  8.04e-14         -         -   True
  |   2,1024,2     aligo20   gs_half@fast            8.81e-13  2.74e-12  8.04e-14         -         -   True
  |   2,1024,2     expcos    main                    6.82e-12  1.33e-11  1.53e-12         -         -   True
  |   2,1024,2     expcos    main_hoisted            5.46e-12  1.32e-11  1.52e-12         -         -   True
  |   2,1024,2     expcos    gemm_linv               5.46e-12  1.32e-11  1.52e-12         -         -   True
  |   2,1024,2     expcos    gemm_cinv               5.46e-12  1.33e-11  1.53e-12         -         -   True
  |   2,1024,2     expcos    gs_pr@pow2              6.37e-12  1.34e-11  1.54e-12         -         -   True
  |   2,1024,2     expcos    gs_pr@fast              6.37e-12  1.34e-11  1.54e-12         -         -   True
  |   2,1024,2     expcos    gs_pr_ascoded@pow2      6.37e-12  1.34e-11  1.54e-12         -         -   True
  |   2,1024,2     expcos    gs_pr_ascoded@fast      6.37e-12  1.34e-11  1.54e-12         -         -   True
  |   2,1024,2     expcos    gs_full@pow2            6.37e-12  1.34e-11  1.54e-12         -         -   True
  |   2,1024,2     expcos    gs_full@fast            6.37e-12  1.34e-11  1.54e-12         -         -   True
  |   2,1024,2     expcos    gs_half@pow2            6.59e-12  1.34e-11  1.53e-12         -         -   True
  |   2,1024,2     expcos    gs_half@fast            6.59e-12  1.34e-11  1.53e-12         -         -   True
  |   2,1024,2     white     main                    4.55e-13  2.17e-12  2.58e-14         -         -   True
  |   2,1024,2     white     main_hoisted            4.55e-13  2.17e-12  2.58e-14         -         -   True
  |   2,1024,2     white     gemm_linv               4.55e-13  2.49e-12  1.80e-14         -         -   True
  |   2,1024,2     white     gemm_cinv               4.55e-13  2.50e-12  2.08e-14         -         -   True
  |   2,1024,2     white     gs_pr@pow2              4.55e-13  2.41e-12  1.90e-14         -         -   True
  |   2,1024,2     white     gs_pr@fast              4.55e-13  2.41e-12  1.90e-14         -         -   True
  |   2,1024,2     white     gs_pr_ascoded@pow2      4.55e-13  2.41e-12  1.90e-14         -         -   True
  |   2,1024,2     white     gs_pr_ascoded@fast      4.55e-13  2.41e-12  1.90e-14         -         -   True
  |   2,1024,2     white     gs_full@pow2            4.55e-13  2.50e-12  1.95e-14         -         -   True
  |   2,1024,2     white     gs_full@fast            4.55e-13  2.50e-12  1.95e-14         -         -   True
  |   2,1024,2     white     gs_half@pow2            4.55e-13  2.36e-12  2.73e-14         -         -   True
  |   2,1024,2     white     gs_half@fast            4.55e-13  2.36e-12  2.73e-14         -         -   True
  |   2,1024,2     gw150914  main                    6.89e-09  5.02e-10  4.91e-11         -         -   True
  |   2,1024,2     gw150914  main_hoisted            1.54e-09  5.00e-10  4.91e-11         -         -   True
  |   2,1024,2     gw150914  gemm_linv               1.11e-09  1.76e-10  3.62e-11         -         -   True
  |   2,1024,2     gw150914  gemm_cinv               1.11e-09  1.73e-10  3.62e-11         -         -   True
  |   2,1024,2     gw150914  gs_pr@pow2              5.55e-08  1.44e-08  1.77e-09         -         -   True
  |   2,1024,2     gw150914  gs_pr@fast              5.55e-08  1.44e-08  1.77e-09         -         -   True
  |   2,1024,2     gw150914  gs_pr_ascoded@pow2      5.55e-08  1.44e-08  1.77e-09         -         -   True
  |   2,1024,2     gw150914  gs_pr_ascoded@fast      5.55e-08  1.44e-08  1.77e-09         -         -   True
  |   2,1024,2     gw150914  gs_full@pow2            5.55e-08  1.44e-08  1.77e-09         -         -   True
  |   2,1024,2     gw150914  gs_full@fast            5.55e-08  1.44e-08  1.77e-09         -         -   True
  |   2,1024,2     gw150914  gs_half@pow2            5.55e-08  1.44e-08  1.77e-09         -         -   True
  |   2,1024,2     gw150914  gs_half@fast            5.55e-08  1.44e-08  1.77e-09         -         -   True
  |   2,2048,4     aligo02   main                    1.12e-05  6.29e-07  6.64e-08         -         -   True
  |   2,2048,4     aligo02   main_hoisted            7.65e-07  6.29e-07  6.64e-08         -         -   True
  |   2,2048,4     aligo02   gemm_linv               3.26e-07  7.56e-08  1.13e-08         -         -   True
  |   2,2048,4     aligo02   gemm_cinv               3.26e-07  7.56e-08  1.13e-08         -         -   True
  |   2,2048,4     aligo02   gs_pr@pow2              1.01e-06  3.65e-07  2.57e-08         -         -   True
  |   2,2048,4     aligo02   gs_pr@fast              1.01e-06  3.65e-07  2.57e-08         -         -   True
  |   2,2048,4     aligo02   gs_pr_ascoded@pow2      1.01e-06  3.65e-07  2.57e-08         -         -   True
  |   2,2048,4     aligo02   gs_pr_ascoded@fast      1.01e-06  3.65e-07  2.57e-08         -         -   True
  |   2,2048,4     aligo02   gs_full@pow2            1.01e-06  3.65e-07  2.57e-08         -         -   True
  |   2,2048,4     aligo02   gs_full@fast            1.01e-06  3.65e-07  2.57e-08         -         -   True
  |   2,2048,4     aligo02   gs_half@pow2            1.01e-06  3.65e-07  2.57e-08         -         -   True
  |   2,2048,4     aligo02   gs_half@fast            1.01e-06  3.65e-07  2.57e-08         -         -   True
  |   2,2048,4     aligo2    main                    1.28e-09  1.27e-10  8.93e-12         -         -   True
  |   2,2048,4     aligo2    main_hoisted            3.17e-10  1.19e-10  8.93e-12         -         -   True
  |   2,2048,4     aligo2    gemm_linv               8.19e-11  4.61e-10  5.29e-12         -         -   True
  |   2,2048,4     aligo2    gemm_cinv               8.19e-11  4.65e-10  5.32e-12         -         -   True
  |   2,2048,4     aligo2    gs_pr@pow2              3.00e-10  4.69e-10  9.47e-12         -         -   True
  |   2,2048,4     aligo2    gs_pr@fast              3.00e-10  4.69e-10  9.47e-12         -         -   True
  |   2,2048,4     aligo2    gs_pr_ascoded@pow2      3.00e-10  4.69e-10  9.47e-12         -         -   True
  |   2,2048,4     aligo2    gs_pr_ascoded@fast      3.00e-10  4.69e-10  9.47e-12         -         -   True
  |   2,2048,4     aligo2    gs_full@pow2            3.00e-10  4.65e-10  9.38e-12         -         -   True
  |   2,2048,4     aligo2    gs_full@fast            3.00e-10  4.65e-10  9.38e-12         -         -   True
  |   2,2048,4     aligo2    gs_half@pow2            3.02e-10  4.69e-10  9.33e-12         -         -   True
  |   2,2048,4     aligo2    gs_half@fast            3.02e-10  4.69e-10  9.33e-12         -         -   True
  |   2,2048,4     aligo20   main                    1.31e-11  4.33e-11  9.27e-13         -         -   True
  |   2,2048,4     aligo20   main_hoisted            1.31e-11  4.32e-11  8.84e-13         -         -   True
  |   2,2048,4     aligo20   gemm_linv               1.27e-11  4.32e-11  8.76e-13         -         -   True
  |   2,2048,4     aligo20   gemm_cinv               1.32e-11  4.87e-11  9.27e-13         -         -   True
  |   2,2048,4     aligo20   gs_pr@pow2              1.37e-11  4.99e-11  9.05e-13         -         -   True
  |   2,2048,4     aligo20   gs_pr@fast              1.37e-11  4.99e-11  9.05e-13         -         -   True
  |   2,2048,4     aligo20   gs_pr_ascoded@pow2      1.37e-11  4.99e-11  9.05e-13         -         -   True
  |   2,2048,4     aligo20   gs_pr_ascoded@fast      1.37e-11  4.99e-11  9.05e-13         -         -   True
  |   2,2048,4     aligo20   gs_full@pow2            1.37e-11  4.98e-11  9.05e-13         -         -   True
  |   2,2048,4     aligo20   gs_full@fast            1.37e-11  4.98e-11  9.05e-13         -         -   True
  |   2,2048,4     aligo20   gs_half@pow2            1.41e-11  4.64e-11  9.05e-13         -         -   True
  |   2,2048,4     aligo20   gs_half@fast            1.41e-11  4.64e-11  9.05e-13         -         -   True
  |   2,2048,4     expcos    main                    6.59e-11  1.05e-10  1.11e-11         -         -   True
  |   2,2048,4     expcos    main_hoisted            6.78e-11  1.05e-10  1.11e-11         -         -   True
  |   2,2048,4     expcos    gemm_linv               6.73e-11  1.05e-10  1.11e-11         -         -   True
  |   2,2048,4     expcos    gemm_cinv               6.73e-11  1.05e-10  1.11e-11         -         -   True
  |   2,2048,4     expcos    gs_pr@pow2              6.73e-11  1.05e-10  1.11e-11         -         -   True
  |   2,2048,4     expcos    gs_pr@fast              6.73e-11  1.05e-10  1.11e-11         -         -   True
  |   2,2048,4     expcos    gs_pr_ascoded@pow2      6.73e-11  1.05e-10  1.11e-11         -         -   True
  |   2,2048,4     expcos    gs_pr_ascoded@fast      6.73e-11  1.05e-10  1.11e-11         -         -   True
  |   2,2048,4     expcos    gs_full@pow2            6.73e-11  1.05e-10  1.11e-11         -         -   True
  |   2,2048,4     expcos    gs_full@fast            6.73e-11  1.05e-10  1.11e-11         -         -   True
  |   2,2048,4     expcos    gs_half@pow2            6.73e-11  1.05e-10  1.11e-11         -         -   True
  |   2,2048,4     expcos    gs_half@fast            6.73e-11  1.05e-10  1.11e-11         -         -   True
  |   2,2048,4     white     main                    7.28e-12  2.94e-11  8.01e-13         -         -   True
  |   2,2048,4     white     main_hoisted            7.28e-12  2.94e-11  8.01e-13         -         -   True
  |   2,2048,4     white     gemm_linv               7.28e-12  2.76e-11  9.07e-13         -         -   True
  |   2,2048,4     white     gemm_cinv               7.28e-12  2.76e-11  8.54e-13         -         -   True
  |   2,2048,4     white     gs_pr@pow2              7.28e-12  2.94e-11  8.54e-13         -         -   True
  |   2,2048,4     white     gs_pr@fast              7.28e-12  2.94e-11  8.54e-13         -         -   True
  |   2,2048,4     white     gs_pr_ascoded@pow2      7.28e-12  2.94e-11  8.54e-13         -         -   True
  |   2,2048,4     white     gs_pr_ascoded@fast      7.28e-12  2.94e-11  8.54e-13         -         -   True
  |   2,2048,4     white     gs_full@pow2            7.28e-12  2.59e-11  8.01e-13         -         -   True
  |   2,2048,4     white     gs_full@fast            7.28e-12  2.59e-11  8.01e-13         -         -   True
  |   2,2048,4     white     gs_half@pow2            6.82e-12  2.76e-11  8.54e-13         -         -   True
  |   2,2048,4     white     gs_half@fast            6.82e-12  2.76e-11  8.54e-13         -         -   True
  |   2,2048,4     gw150914  main                    6.45e-08  8.67e-08  9.80e-09         -         -   True
  |   2,2048,4     gw150914  main_hoisted            2.41e-07  8.67e-08  9.80e-09         -         -   True
  |   2,2048,4     gw150914  gemm_linv               2.30e-08  2.76e-08  2.29e-09         -         -   True
  |   2,2048,4     gw150914  gemm_cinv               2.30e-08  2.76e-08  2.29e-09         -         -   True
  |   2,2048,4     gw150914  gs_pr@pow2              5.71e-07  3.44e-07  4.89e-08         -         -   True
  |   2,2048,4     gw150914  gs_pr@fast              5.71e-07  3.44e-07  4.89e-08         -         -   True
  |   2,2048,4     gw150914  gs_pr_ascoded@pow2      5.71e-07  3.44e-07  4.89e-08         -         -   True
  |   2,2048,4     gw150914  gs_pr_ascoded@fast      5.71e-07  3.44e-07  4.89e-08         -         -   True
  |   2,2048,4     gw150914  gs_full@pow2            5.71e-07  3.44e-07  4.89e-08         -         -   True
  |   2,2048,4     gw150914  gs_full@fast            5.71e-07  3.44e-07  4.89e-08         -         -   True
  |   2,2048,4     gw150914  gs_half@pow2            5.71e-07  3.44e-07  4.89e-08         -         -   True
  |   2,2048,4     gw150914  gs_half@fast            5.71e-07  3.44e-07  4.89e-08         -         -   True
  |   3,1024,8     aligo02   main                    2.26e-06  3.98e-07  2.14e-08         -         -   True
  |   3,1024,8     aligo02   main_hoisted            3.53e-07  3.98e-07  2.14e-08         -         -   True
  |   3,1024,8     aligo02   gemm_linv               4.78e-07  2.17e-07  6.48e-09         -         -   True
  |   3,1024,8     aligo02   gemm_cinv               4.78e-07  2.17e-07  6.48e-09         -         -   True
  |   3,1024,8     aligo02   gs_pr@pow2              4.17e-07  5.66e-07  2.10e-08         -         -   True
  |   3,1024,8     aligo02   gs_pr@fast              4.17e-07  5.66e-07  2.10e-08         -         -   True
  |   3,1024,8     aligo02   gs_pr_ascoded@pow2      4.17e-07  5.66e-07  2.10e-08         -         -   True
  |   3,1024,8     aligo02   gs_pr_ascoded@fast      4.17e-07  5.66e-07  2.10e-08         -         -   True
  |   3,1024,8     aligo02   gs_full@pow2            4.17e-07  5.66e-07  2.10e-08         -         -   True
  |   3,1024,8     aligo02   gs_full@fast            4.17e-07  5.66e-07  2.10e-08         -         -   True
  |   3,1024,8     aligo02   gs_half@pow2            4.17e-07  5.66e-07  2.10e-08         -         -   True
  |   3,1024,8     aligo02   gs_half@fast            4.17e-07  5.66e-07  2.10e-08         -         -   True
  |   3,1024,8     aligo2    main                    3.56e-09  2.40e-11  8.07e-12         -         -   True
  |   3,1024,8     aligo2    main_hoisted            3.02e-10  2.40e-11  8.07e-12         -         -   True
  |   3,1024,8     aligo2    gemm_linv               2.00e-11  4.14e-12  1.57e-12         -         -   True
  |   3,1024,8     aligo2    gemm_cinv               2.00e-11  4.13e-12  1.57e-12         -         -   True
  |   3,1024,8     aligo2    gs_pr@pow2              8.19e-11  5.89e-12  2.27e-12         -         -   True
  |   3,1024,8     aligo2    gs_pr@fast              8.19e-11  5.89e-12  2.27e-12         -         -   True
  |   3,1024,8     aligo2    gs_pr_ascoded@pow2      8.19e-11  5.89e-12  2.27e-12         -         -   True
  |   3,1024,8     aligo2    gs_pr_ascoded@fast      8.19e-11  5.89e-12  2.27e-12         -         -   True
  |   3,1024,8     aligo2    gs_full@pow2            8.19e-11  5.88e-12  2.27e-12         -         -   True
  |   3,1024,8     aligo2    gs_full@fast            8.19e-11  5.88e-12  2.27e-12         -         -   True
  |   3,1024,8     aligo2    gs_half@pow2            8.19e-11  5.96e-12  2.26e-12         -         -   True
  |   3,1024,8     aligo2    gs_half@fast            8.19e-11  5.96e-12  2.26e-12         -         -   True
  |   3,1024,8     aligo20   main                    1.08e-10  6.36e-11  8.56e-12         -         -   True
  |   3,1024,8     aligo20   main_hoisted            1.09e-10  6.36e-11  8.56e-12         -         -   True
  |   3,1024,8     aligo20   gemm_linv               1.08e-10  6.36e-11  8.56e-12         -         -   True
  |   3,1024,8     aligo20   gemm_cinv               1.08e-10  6.36e-11  8.56e-12         -         -   True
  |   3,1024,8     aligo20   gs_pr@pow2              1.08e-10  6.36e-11  8.56e-12         -         -   True
  |   3,1024,8     aligo20   gs_pr@fast              1.08e-10  6.36e-11  8.56e-12         -         -   True
  |   3,1024,8     aligo20   gs_pr_ascoded@pow2      1.08e-10  6.36e-11  8.56e-12         -         -   True
  |   3,1024,8     aligo20   gs_pr_ascoded@fast      1.08e-10  6.36e-11  8.56e-12         -         -   True
  |   3,1024,8     aligo20   gs_full@pow2            1.08e-10  6.36e-11  8.56e-12         -         -   True
  |   3,1024,8     aligo20   gs_full@fast            1.08e-10  6.36e-11  8.56e-12         -         -   True
  |   3,1024,8     aligo20   gs_half@pow2            1.08e-10  6.36e-11  8.56e-12         -         -   True
  |   3,1024,8     aligo20   gs_half@fast            1.08e-10  6.36e-11  8.56e-12         -         -   True
  |   3,1024,8     expcos    main                    1.40e-09  5.02e-09  6.87e-11         -         -   True
  |   3,1024,8     expcos    main_hoisted            1.39e-09  5.14e-09  6.87e-11         -         -   True
  |   3,1024,8     expcos    gemm_linv               1.39e-09  5.18e-09  6.87e-11         -         -   True
  |   3,1024,8     expcos    gemm_cinv               1.39e-09  5.10e-09  6.87e-11         -         -   True
  |   3,1024,8     expcos    gs_pr@pow2              1.40e-09  5.13e-09  6.87e-11         -         -   True
  |   3,1024,8     expcos    gs_pr@fast              1.40e-09  5.13e-09  6.87e-11         -         -   True
  |   3,1024,8     expcos    gs_pr_ascoded@pow2      1.40e-09  5.13e-09  6.87e-11         -         -   True
  |   3,1024,8     expcos    gs_pr_ascoded@fast      1.40e-09  5.13e-09  6.87e-11         -         -   True
  |   3,1024,8     expcos    gs_full@pow2            1.40e-09  5.14e-09  6.87e-11         -         -   True
  |   3,1024,8     expcos    gs_full@fast            1.40e-09  5.14e-09  6.87e-11         -         -   True
  |   3,1024,8     expcos    gs_half@pow2            1.40e-09  5.10e-09  6.87e-11         -         -   True
  |   3,1024,8     expcos    gs_half@fast            1.40e-09  5.10e-09  6.87e-11         -         -   True
  |   3,1024,8     white     main                    6.49e-10  1.65e-09  3.68e-11         -         -   True
  |   3,1024,8     white     main_hoisted            6.49e-10  1.65e-09  3.68e-11         -         -   True
  |   3,1024,8     white     gemm_linv               6.49e-10  1.65e-09  3.68e-11         -         -   True
  |   3,1024,8     white     gemm_cinv               6.49e-10  1.65e-09  3.68e-11         -         -   True
  |   3,1024,8     white     gs_pr@pow2              6.49e-10  1.65e-09  3.68e-11         -         -   True
  |   3,1024,8     white     gs_pr@fast              6.49e-10  1.65e-09  3.68e-11         -         -   True
  |   3,1024,8     white     gs_pr_ascoded@pow2      6.49e-10  1.65e-09  3.68e-11         -         -   True
  |   3,1024,8     white     gs_pr_ascoded@fast      6.49e-10  1.65e-09  3.68e-11         -         -   True
  |   3,1024,8     white     gs_full@pow2            6.49e-10  1.65e-09  3.68e-11         -         -   True
  |   3,1024,8     white     gs_full@fast            6.49e-10  1.65e-09  3.68e-11         -         -   True
  |   3,1024,8     white     gs_half@pow2            6.49e-10  1.65e-09  3.68e-11         -         -   True
  |   3,1024,8     white     gs_half@fast            6.49e-10  1.65e-09  3.68e-11         -         -   True
  |   3,1024,8     gw150914  main                    1.35e-09  3.42e-09  1.36e-11         -         -   True
  |   3,1024,8     gw150914  main_hoisted            3.24e-10  3.42e-09  1.37e-11         -         -   True
  |   3,1024,8     gw150914  gemm_linv               1.96e-10  1.05e-09  1.24e-11         -         -   True
  |   3,1024,8     gw150914  gemm_cinv               1.96e-10  1.05e-09  1.24e-11         -         -   True
  |   3,1024,8     gw150914  gs_pr@pow2              4.17e-10  1.84e-09  1.68e-11         -         -   True
  |   3,1024,8     gw150914  gs_pr@fast              4.17e-10  1.84e-09  1.68e-11         -         -   True
  |   3,1024,8     gw150914  gs_pr_ascoded@pow2      4.17e-10  1.84e-09  1.68e-11         -         -   True
  |   3,1024,8     gw150914  gs_pr_ascoded@fast      4.17e-10  1.84e-09  1.68e-11         -         -   True
  |   3,1024,8     gw150914  gs_full@pow2            4.17e-10  1.32e-09  1.68e-11         -         -   True
  |   3,1024,8     gw150914  gs_full@fast            4.17e-10  1.32e-09  1.68e-11         -         -   True
  |   3,1024,8     gw150914  gs_half@pow2            4.17e-10  1.58e-09  1.68e-11         -         -   True
  |   3,1024,8     gw150914  gs_half@fast            4.17e-10  1.58e-09  1.68e-11         -         -   True
  |   2,4096,4     aligo02   main                    7.23e-06  2.76e-07  3.05e-08         -         -   True
  |   2,4096,4     aligo02   main_hoisted            4.35e-07  2.76e-07  3.05e-08         -         -   True
  |   2,4096,4     aligo02   gemm_linv               9.08e-08  1.98e-08  8.09e-09         -         -   True
  |   2,4096,4     aligo02   gemm_cinv               9.08e-08  1.98e-08  8.09e-09         -         -   True
  |   2,4096,4     aligo02   gs_pr@pow2              3.76e-07  1.77e-07  1.57e-08         -         -   True
  |   2,4096,4     aligo02   gs_pr@fast              3.76e-07  1.77e-07  1.57e-08         -         -   True
  |   2,4096,4     aligo02   gs_pr_ascoded@pow2      3.76e-07  1.77e-07  1.57e-08         -         -   True
  |   2,4096,4     aligo02   gs_pr_ascoded@fast      3.76e-07  1.77e-07  1.57e-08         -         -   True
  |   2,4096,4     aligo02   gs_full@pow2            3.76e-07  1.77e-07  1.57e-08         -         -   True
  |   2,4096,4     aligo02   gs_full@fast            3.76e-07  1.77e-07  1.57e-08         -         -   True
  |   2,4096,4     aligo02   gs_half@pow2            3.76e-07  1.77e-07  1.57e-08         -         -   True
  |   2,4096,4     aligo02   gs_half@fast            3.76e-07  1.77e-07  1.57e-08         -         -   True
  |   2,4096,4     aligo2    main                    1.40e-09  4.06e-11  4.86e-12         -         -   True
  |   2,4096,4     aligo2    main_hoisted            5.82e-11  4.05e-11  4.86e-12         -         -   True
  |   2,4096,4     aligo2    gemm_linv               5.82e-11  1.60e-11  2.42e-12         -         -   True
  |   2,4096,4     aligo2    gemm_cinv               5.82e-11  1.60e-11  2.43e-12         -         -   True
  |   2,4096,4     aligo2    gs_pr@pow2              1.24e-10  1.39e-10  1.66e-11         -         -   True
  |   2,4096,4     aligo2    gs_pr@fast              1.24e-10  1.39e-10  1.66e-11         -         -   True
  |   2,4096,4     aligo2    gs_pr_ascoded@pow2      1.24e-10  1.39e-10  1.66e-11         -         -   True
  |   2,4096,4     aligo2    gs_pr_ascoded@fast      1.24e-10  1.39e-10  1.66e-11         -         -   True
  |   2,4096,4     aligo2    gs_full@pow2            1.24e-10  1.39e-10  1.66e-11         -         -   True
  |   2,4096,4     aligo2    gs_full@fast            1.24e-10  1.39e-10  1.66e-11         -         -   True
  |   2,4096,4     aligo2    gs_half@pow2            1.24e-10  1.39e-10  1.66e-11         -         -   True
  |   2,4096,4     aligo2    gs_half@fast            1.24e-10  1.39e-10  1.66e-11         -         -   True
  |   2,4096,4     aligo20   main                    7.39e-13  3.18e-13  3.66e-14         -         -   True
  |   2,4096,4     aligo20   main_hoisted            7.39e-13  3.49e-13  3.62e-14         -         -   True
  |   2,4096,4     aligo20   gemm_linv               4.55e-13  6.37e-14  1.08e-14         -         -   True
  |   2,4096,4     aligo20   gemm_cinv               4.55e-13  4.97e-14  9.18e-15         -         -   True
  |   2,4096,4     aligo20   gs_pr@pow2              5.68e-13  4.62e-14  9.45e-15         -         -   True
  |   2,4096,4     aligo20   gs_pr@fast              5.68e-13  4.62e-14  9.45e-15         -         -   True
  |   2,4096,4     aligo20   gs_pr_ascoded@pow2      5.68e-13  4.62e-14  9.45e-15         -         -   True
  |   2,4096,4     aligo20   gs_pr_ascoded@fast      5.68e-13  4.62e-14  9.45e-15         -         -   True
  |   2,4096,4     aligo20   gs_full@pow2            5.68e-13  4.05e-14  1.11e-14         -         -   True
  |   2,4096,4     aligo20   gs_full@fast            5.68e-13  4.05e-14  1.11e-14         -         -   True
  |   2,4096,4     aligo20   gs_half@pow2            5.12e-13  5.82e-14  7.47e-15         -         -   True
  |   2,4096,4     aligo20   gs_half@fast            5.12e-13  5.82e-14  7.47e-15         -         -   True
  |   2,4096,4     expcos    main                    1.82e-12  2.55e-13  2.03e-14         -         -   True
  |   2,4096,4     expcos    main_hoisted            1.82e-12  2.97e-13  1.88e-14         -         -   True
  |   2,4096,4     expcos    gemm_linv               1.82e-12  2.64e-13  1.56e-14         -         -   True
  |   2,4096,4     expcos    gemm_cinv               1.82e-12  1.55e-13  1.02e-14         -         -   True
  |   2,4096,4     expcos    gs_pr@pow2              9.09e-13  1.92e-13  2.92e-14         -         -   True
  |   2,4096,4     expcos    gs_pr@fast              9.09e-13  1.92e-13  2.92e-14         -         -   True
  |   2,4096,4     expcos    gs_pr_ascoded@pow2      9.09e-13  1.92e-13  2.92e-14         -         -   True
  |   2,4096,4     expcos    gs_pr_ascoded@fast      9.09e-13  1.92e-13  2.92e-14         -         -   True
  |   2,4096,4     expcos    gs_full@pow2            9.09e-13  2.66e-13  3.38e-14         -         -   True
  |   2,4096,4     expcos    gs_full@fast            9.09e-13  2.66e-13  3.38e-14         -         -   True
  |   2,4096,4     expcos    gs_half@pow2            9.09e-13  1.96e-13  2.97e-14         -         -   True
  |   2,4096,4     expcos    gs_half@fast            9.09e-13  1.96e-13  2.97e-14         -         -   True
  |   2,4096,4     white     main                    9.09e-13  9.48e-13  1.26e-14         -         -   True
  |   2,4096,4     white     main_hoisted            9.09e-13  9.48e-13  1.26e-14         -         -   True
  |   2,4096,4     white     gemm_linv               9.09e-13  2.96e-13  1.55e-14         -         -   True
  |   2,4096,4     white     gemm_cinv               9.09e-13  2.96e-13  1.55e-14         -         -   True
  |   2,4096,4     white     gs_pr@pow2              9.09e-13  2.84e-13  1.54e-14         -         -   True
  |   2,4096,4     white     gs_pr@fast              9.09e-13  2.84e-13  1.54e-14         -         -   True
  |   2,4096,4     white     gs_pr_ascoded@pow2      9.09e-13  2.84e-13  1.54e-14         -         -   True
  |   2,4096,4     white     gs_pr_ascoded@fast      9.09e-13  2.84e-13  1.54e-14         -         -   True
  |   2,4096,4     white     gs_full@pow2            9.09e-13  6.15e-13  1.77e-14         -         -   True
  |   2,4096,4     white     gs_full@fast            9.09e-13  6.15e-13  1.77e-14         -         -   True
  |   2,4096,4     white     gs_half@pow2            9.09e-13  1.52e-13  1.58e-14         -         -   True
  |   2,4096,4     white     gs_half@fast            9.09e-13  1.52e-13  1.58e-14         -         -   True
  |   2,4096,4     gw150914  main                    3.29e-06  9.69e-03  2.39e-07         -         -   True
  |   2,4096,4     gw150914  main_hoisted            2.27e-05  9.69e-03  2.39e-07         -         -   True
  |   2,4096,4     gw150914  gemm_linv               2.68e-05  4.15e-02  6.44e-07         -         -   True
  |   2,4096,4     gw150914  gemm_cinv               2.68e-05  4.15e-02  6.44e-07         -         -   True
  |   2,4096,4     gw150914  gs_pr@pow2              8.53e-04  2.31e-01  1.23e-05         -         -   True
  |   2,4096,4     gw150914  gs_pr@fast              8.53e-04  2.31e-01  1.23e-05         -         -   True
  |   2,4096,4     gw150914  gs_pr_ascoded@pow2      8.53e-04  2.31e-01  1.23e-05         -         -   True
  |   2,4096,4     gw150914  gs_pr_ascoded@fast      8.53e-04  2.31e-01  1.23e-05         -         -   True
  |   2,4096,4     gw150914  gs_full@pow2            8.53e-04  2.31e-01  1.23e-05         -         -   True
  |   2,4096,4     gw150914  gs_full@fast            8.53e-04  2.31e-01  1.23e-05         -         -   True
  |   2,4096,4     gw150914  gs_half@pow2            8.53e-04  2.31e-01  1.23e-05         -         -   True
  |   2,4096,4     gw150914  gs_half@fast            8.53e-04  2.31e-01  1.23e-05         -         -   True
  | 
  | === NUTS 300+300 on 2,205,2 aligo02 [leg cpu_f64_omp8]: cold run (seed 0, incl. compile) then warm runs, seeds [0, 1] ===
  |   main           cold   10.3 s (3258 steps, 3173 us/leapfrog incl. compile; compile ~6.2 s)  warm 4.1/3.9 s  1269/1380 us/leapfrog  ESS(m) 181/111  ESS(m)/s 43.7/28.7  mean m 148.19/148.21
  |   main_hoisted   cold    3.7 s (1968 steps, 1885 us/leapfrog incl. compile; compile ~0.1 s)  warm 3.6/4.0 s  1851/1298 us/leapfrog  ESS(m) 186/87  ESS(m)/s 51.1/21.6  mean m 148.35/148.16
  |   gs_half        cold    6.8 s (3192 steps, 2142 us/leapfrog incl. compile; compile ~1.8 s)  warm 5.0/4.4 s  1577/1726 us/leapfrog  ESS(m) 150/140  ESS(m)/s 29.8/31.5  mean m 148.37/147.90
  |   gemm_linv      cold    4.1 s (3054 steps, 1343 us/leapfrog incl. compile; compile ~0.0 s)  warm 4.1/4.0 s  1343/1135 us/leapfrog  ESS(m) 88/114  ESS(m)/s 21.4/28.3  mean m 147.94/148.13
  | 
  | === LEG cpu_f64_omp8 DONE in 6245.2 s -> /mnt/home/misi/src/ringdown/benchmarks/gs/results/local.cpu_f64_omp8.json ===
  |   (leg wall 6249.9 s, exit 0)

------------------------------------------------------------------------------
=== LEG: cpu_f64_omp1 ===
  $ /mnt/home/misi/src/ringdown/.venv/bin/python /mnt/home/misi/src/ringdown/benchmarks/gs/bench_gs.py --no-sub --out /mnt/home/misi/src/ringdown/benchmarks/gs/results/local.cpu_f64_omp1.json --parent-pid 2744913 --platform cpu --x64 1 --omp 1 --xla-threads 1 --leg cpu_f64_omp1 --sections env,correctness,devtime,compile --inputs /mnt/home/misi/src/ringdown/benchmarks/gs/inputs --ref /mnt/home/misi/src/ringdown/benchmarks/gs/results/local.ref.npz --nfft both --timing-families aligo02,expcos --nuts-variants main,main_hoisted,gs_half,gemm_linv --nuts-n 300 --nuts-seeds 0,1 --cpu-omp 8 --gs-coeffs pr --spectra-from f64 --ref-logdet cholesky --tag local-a6000-run2
  | 
  | === ENVIRONMENT [leg cpu_f64_omp1] ===
  |   hostname             ccalin016.flatironinstitute.org
  |   jax_backend          cpu
  |   jax_devices          ['cpu:0']
  |   jax_device_kinds     ['cpu']
  |   jax_enable_x64       True
  |   jax_default_matmul_precision None
  |   dtype                float64
  |   fft_backend_hint     ducc
  |   cpu_model            Intel(R) Xeon(R) Gold 6244 CPU @ 3.60GHz
  |   cpu_affinity_count   32
  |   nvidia_smi           NVIDIA RTX A6000, 595.91.07, 49140 MiB, 8.6, 2100 MHz
  |   configs              [[2, 205, 2], [2, 410, 2], [2, 1024, 2], [2, 2048, 4], [3, 1024, 8]]
  |   families             ['aligo02', 'aligo2', 'aligo20', 'expcos', 'white', 'gw150914']
  |   threads              {'OMP_NUM_THREADS': '1', 'MKL_NUM_THREADS': '1', 'OPENBLAS_NUM_THREADS': '1', 'NPROC': '1', 'XLA_FLAGS': None, 'JAX_PLATFORMS': 'cpu'}
  |   xla_cpu_pool         1
  |   matmul               true float32/float64 dots
  |   policies             gs_coeffs=pr spectra_from=f64 logdetC_source=longdouble
  |   ringdown             /mnt/home/misi/src/ringdown (v1.1.0-42-g0246591)
  | 
  | === CORRECTNESS [leg cpu_f64_omp1]: likelihood part U_var - U_floor ===
  |     gate 1e-11 (relative potential and CLOUD-normalized gradient) vs 'main' on white/expcos;
  |     vs reference: concerning > 1e-08, fail > 1e-06 (cloud-normalized max rel. gradient error; per-point numbers kept as *_perpoint)
  |     table cells: vs main / vs ref, both cloud-normalized
  |   2,205,2      aligo02   cond=5.7e+09  main=0.0e+00/1.5e-08[concerning]  main_hoisted=2.2e-13/1.5e-08[concerning]  gemm_linv=2.8e-08/1.4e-08[concerning]  gemm_cinv=2.8e-08/1.4e-08[concerning]  gs_pr@pow2=3.4e-08/2.4e-08[concerning]  gs_pr@fast=3.4e-08/2.4e-08[concerning]  gs_pr_ascoded@pow2=3.4e-08/2.4e-08[concerning]  gs_pr_ascoded@fast=3.4e-08/2.4e-08[concerning]  gs_full@pow2=3.4e-08/2.4e-08[concerning]  gs_full@fast=3.4e-08/2.4e-08[concerning]  gs_half@pow2=3.4e-08/2.4e-08[concerning]  gs_half@fast=3.4e-08/2.4e-08[concerning]
  |                          same executable with refined coefficients, vs ref (cloud): gs_pr@pow2:1.8e-11  gs_pr@fast:1.8e-11  gs_full@pow2:1.8e-11  gs_full@fast:1.8e-11  gs_half@pow2:1.8e-11  gs_half@fast:1.8e-11
  |                          by kind [max over non-main variants, cloud]: normal(n=20): main=1.5e-08 ref=1.5e-08  warmup(n=10): main=3.4e-08 ref=2.4e-08
  |   2,205,2      aligo2    cond=3.8e+06  main=0.0e+00/1.3e-11[ok]  main_hoisted=3.4e-14/1.3e-11[ok]  gemm_linv=1.4e-11/3.7e-12[ok]  gemm_cinv=1.4e-11/3.7e-12[ok]  gs_pr@pow2=9.7e-12/7.6e-12[ok]  gs_pr@fast=9.7e-12/7.6e-12[ok]  gs_pr_ascoded@pow2=9.7e-12/7.6e-12[ok]  gs_pr_ascoded@fast=9.7e-12/7.6e-12[ok]  gs_full@pow2=9.7e-12/7.6e-12[ok]  gs_full@fast=9.7e-12/7.6e-12[ok]  gs_half@pow2=9.7e-12/7.6e-12[ok]  gs_half@fast=9.7e-12/7.6e-12[ok]
  |                          same executable with refined coefficients, vs ref (cloud): gs_pr@pow2:8.0e-14  gs_pr@fast:8.6e-14  gs_full@pow2:8.1e-14  gs_full@fast:8.0e-14  gs_half@pow2:1.1e-13  gs_half@fast:1.1e-13
  |                          by kind [max over non-main variants, cloud]: normal(n=20): main=9.7e-12 ref=7.6e-12  warmup(n=10): main=1.4e-11 ref=1.3e-11
  |   2,205,2      aligo20   cond=5.6e+02  main=0.0e+00/9.2e-14[ok]  main_hoisted=1.3e-14/7.9e-14[ok]  gemm_linv=2.8e-14/6.4e-14[ok]  gemm_cinv=4.4e-14/6.9e-14[ok]  gs_pr@pow2=6.2e-14/7.6e-14[ok]  gs_pr@fast=5.8e-14/7.5e-14[ok]  gs_pr_ascoded@pow2=6.2e-14/7.6e-14[ok]  gs_pr_ascoded@fast=5.8e-14/7.5e-14[ok]  gs_full@pow2=6.3e-14/7.2e-14[ok]  gs_full@fast=6.7e-14/7.4e-14[ok]  gs_half@pow2=3.4e-14/8.5e-14[ok]  gs_half@fast=3.9e-14/8.3e-14[ok]
  |                          same executable with refined coefficients, vs ref (cloud): gs_pr@pow2:7.4e-14  gs_pr@fast:6.5e-14  gs_full@pow2:6.6e-14  gs_full@fast:6.7e-14  gs_half@pow2:6.9e-14  gs_half@fast:7.2e-14
  |                          by kind [max over non-main variants, cloud]: normal(n=20): main=1.7e-14 ref=1.2e-14  warmup(n=10): main=6.7e-14 ref=8.5e-14
  |   2,205,2      expcos    cond=7.3e+02  main=0.0e+00/2.1e-12[ok]  main_hoisted=2.2e-14/2.1e-12[OK]  gemm_linv=4.9e-14/2.1e-12[OK]  gemm_cinv=4.8e-14/2.1e-12[OK]  gs_pr@pow2=5.4e-14/2.1e-12[OK]  gs_pr@fast=5.0e-14/2.1e-12[OK]  gs_pr_ascoded@pow2=5.4e-14/2.1e-12[OK]  gs_pr_ascoded@fast=5.0e-14/2.1e-12[OK]  gs_full@pow2=4.9e-14/2.1e-12[OK]  gs_full@fast=5.4e-14/2.1e-12[OK]  gs_half@pow2=6.5e-14/2.1e-12[OK]  gs_half@fast=6.6e-14/2.1e-12[OK]
  |                          same executable with refined coefficients, vs ref (cloud): gs_pr@pow2:2.1e-12  gs_pr@fast:2.1e-12  gs_full@pow2:2.1e-12  gs_full@fast:2.1e-12  gs_half@pow2:2.1e-12  gs_half@fast:2.1e-12
  |                          by kind [max over non-main variants, cloud]: normal(n=20): main=2.6e-14 ref=1.8e-14  warmup(n=10): main=6.6e-14 ref=2.1e-12
  |   2,205,2      white     cond=1.0e+00  main=0.0e+00/4.4e-14[ok]  main_hoisted=0.0e+00/4.4e-14[OK]  gemm_linv=1.3e-14/3.6e-14[OK]  gemm_cinv=1.2e-14/3.7e-14[OK]  gs_pr@pow2=1.4e-14/3.6e-14[OK]  gs_pr@fast=1.8e-14/4.4e-14[OK]  gs_pr_ascoded@pow2=1.4e-14/3.6e-14[OK]  gs_pr_ascoded@fast=1.8e-14/4.4e-14[OK]  gs_full@pow2=1.0e-14/3.6e-14[OK]  gs_full@fast=1.8e-14/3.3e-14[OK]  gs_half@pow2=1.5e-14/3.7e-14[OK]  gs_half@fast=1.3e-14/3.8e-14[OK]
  |                          same executable with refined coefficients, vs ref (cloud): gs_pr@pow2:3.6e-14  gs_pr@fast:4.4e-14  gs_full@pow2:3.6e-14  gs_full@fast:3.3e-14  gs_half@pow2:3.7e-14  gs_half@fast:3.8e-14
  |                          by kind [max over non-main variants, cloud]: normal(n=20): main=7.0e-15 ref=1.2e-14  warmup(n=10): main=1.8e-14 ref=4.4e-14
  |   2,205,2      gw150914  cond=1.8e+06  main=0.0e+00/1.0e-11[ok]  main_hoisted=4.3e-14/1.0e-11[ok]  gemm_linv=2.0e-11/1.2e-11[ok]  gemm_cinv=2.0e-11/1.2e-11[ok]  gs_pr@pow2=9.7e-12/6.3e-12[ok]  gs_pr@fast=9.7e-12/6.3e-12[ok]  gs_pr_ascoded@pow2=9.7e-12/6.3e-12[ok]  gs_pr_ascoded@fast=9.7e-12/6.3e-12[ok]  gs_full@pow2=9.7e-12/6.3e-12[ok]  gs_full@fast=9.7e-12/6.3e-12[ok]  gs_half@pow2=9.7e-12/6.3e-12[ok]  gs_half@fast=9.7e-12/6.3e-12[ok]
  |                          same executable with refined coefficients, vs ref (cloud): gs_pr@pow2:7.6e-14  gs_pr@fast:7.0e-14  gs_full@pow2:7.0e-14  gs_full@fast:8.8e-14  gs_half@pow2:7.2e-14  gs_half@fast:7.4e-14
  |                          by kind [max over non-main variants, cloud]: normal(n=20): main=7.9e-12 ref=5.6e-12  warmup(n=10): main=2.0e-11 ref=1.2e-11
  |   2,410,2      aligo02   cond=1.1e+10  main=0.0e+00/1.2e-08[concerning]  main_hoisted=1.4e-13/1.2e-08[concerning]  gemm_linv=1.2e-08/1.6e-08[concerning]  gemm_cinv=1.2e-08/1.6e-08[concerning]  gs_pr@pow2=3.7e-08/2.7e-08[concerning]  gs_pr@fast=3.7e-08/2.7e-08[concerning]  gs_pr_ascoded@pow2=3.7e-08/2.7e-08[concerning]  gs_pr_ascoded@fast=3.7e-08/2.7e-08[concerning]  gs_full@pow2=3.7e-08/2.7e-08[concerning]  gs_full@fast=3.7e-08/2.7e-08[concerning]  gs_half@pow2=3.7e-08/2.7e-08[concerning]  gs_half@fast=3.7e-08/2.7e-08[concerning]
  |                          same executable with refined coefficients, vs ref (cloud): gs_pr@pow2:2.2e-11  gs_pr@fast:2.2e-11  gs_full@pow2:2.2e-11  gs_full@fast:2.2e-11  gs_half@pow2:2.2e-11  gs_half@fast:2.2e-11
  |                          by kind [max over non-main variants, cloud]: normal(n=20): main=1.3e-08 ref=1.1e-08  warmup(n=10): main=3.7e-08 ref=2.7e-08
  |   2,410,2      aligo2    cond=6.2e+06  main=0.0e+00/5.1e-12[ok]  main_hoisted=5.4e-14/5.1e-12[ok]  gemm_linv=6.5e-12/4.4e-12[ok]  gemm_cinv=6.5e-12/4.4e-12[ok]  gs_pr@pow2=9.1e-12/8.4e-12[ok]  gs_pr@fast=9.1e-12/8.4e-12[ok]  gs_pr_ascoded@pow2=9.1e-12/8.4e-12[ok]  gs_pr_ascoded@fast=9.1e-12/8.4e-12[ok]  gs_full@pow2=9.1e-12/8.4e-12[ok]  gs_full@fast=9.1e-12/8.4e-12[ok]  gs_half@pow2=9.1e-12/8.4e-12[ok]  gs_half@fast=9.1e-12/8.4e-12[ok]
  |                          same executable with refined coefficients, vs ref (cloud): gs_pr@pow2:8.1e-14  gs_pr@fast:7.7e-14  gs_full@pow2:8.8e-14  gs_full@fast:7.0e-14  gs_half@pow2:6.8e-14  gs_half@fast:6.1e-14
  |                          by kind [max over non-main variants, cloud]: normal(n=20): main=9.1e-12 ref=6.1e-12  warmup(n=10): main=6.8e-12 ref=8.4e-12
  |   2,410,2      aligo20   cond=5.6e+02  main=0.0e+00/2.7e-13[ok]  main_hoisted=2.3e-14/2.7e-13[ok]  gemm_linv=3.8e-14/2.6e-13[ok]  gemm_cinv=6.8e-14/2.2e-13[ok]  gs_pr@pow2=6.8e-14/2.2e-13[ok]  gs_pr@fast=6.8e-14/2.2e-13[ok]  gs_pr_ascoded@pow2=6.8e-14/2.2e-13[ok]  gs_pr_ascoded@fast=6.8e-14/2.2e-13[ok]  gs_full@pow2=8.0e-14/2.3e-13[ok]  gs_full@fast=6.3e-14/2.2e-13[ok]  gs_half@pow2=1.0e-13/2.2e-13[ok]  gs_half@fast=9.2e-14/2.3e-13[ok]
  |                          same executable with refined coefficients, vs ref (cloud): gs_pr@pow2:2.2e-13  gs_pr@fast:2.1e-13  gs_full@pow2:2.1e-13  gs_full@fast:2.1e-13  gs_half@pow2:2.3e-13  gs_half@fast:2.4e-13
  |                          by kind [max over non-main variants, cloud]: normal(n=20): main=2.3e-14 ref=2.1e-14  warmup(n=10): main=1.0e-13 ref=2.7e-13
  |   2,410,2      expcos    cond=7.7e+02  main=0.0e+00/4.0e-12[ok]  main_hoisted=1.0e-14/4.0e-12[OK]  gemm_linv=6.3e-14/4.0e-12[OK]  gemm_cinv=3.8e-14/4.0e-12[OK]  gs_pr@pow2=3.0e-14/4.0e-12[OK]  gs_pr@fast=3.5e-14/4.0e-12[OK]  gs_pr_ascoded@pow2=3.0e-14/4.0e-12[OK]  gs_pr_ascoded@fast=3.5e-14/4.0e-12[OK]  gs_full@pow2=3.6e-14/4.0e-12[OK]  gs_full@fast=3.8e-14/4.0e-12[OK]  gs_half@pow2=4.5e-14/4.0e-12[OK]  gs_half@fast=4.9e-14/4.0e-12[OK]
  |                          same executable with refined coefficients, vs ref (cloud): gs_pr@pow2:4.0e-12  gs_pr@fast:4.0e-12  gs_full@pow2:4.0e-12  gs_full@fast:4.0e-12  gs_half@pow2:4.0e-12  gs_half@fast:4.0e-12
  |                          by kind [max over non-main variants, cloud]: normal(n=20): main=1.6e-14 ref=1.3e-14  warmup(n=10): main=6.3e-14 ref=4.0e-12
  |   2,410,2      white     cond=1.0e+00  main=0.0e+00/5.9e-14[ok]  main_hoisted=0.0e+00/5.9e-14[OK]  gemm_linv=2.0e-14/5.6e-14[OK]  gemm_cinv=1.9e-14/5.6e-14[OK]  gs_pr@pow2=1.7e-14/5.8e-14[OK]  gs_pr@fast=1.5e-14/6.0e-14[OK]  gs_pr_ascoded@pow2=1.7e-14/5.8e-14[OK]  gs_pr_ascoded@fast=1.5e-14/6.0e-14[OK]  gs_full@pow2=1.8e-14/6.2e-14[OK]  gs_full@fast=1.5e-14/5.8e-14[OK]  gs_half@pow2=3.3e-14/5.9e-14[OK]  gs_half@fast=3.4e-14/6.2e-14[OK]
  |                          same executable with refined coefficients, vs ref (cloud): gs_pr@pow2:5.8e-14  gs_pr@fast:6.0e-14  gs_full@pow2:6.2e-14  gs_full@fast:5.8e-14  gs_half@pow2:5.9e-14  gs_half@fast:6.2e-14
  |                          by kind [max over non-main variants, cloud]: normal(n=20): main=9.4e-15 ref=1.2e-14  warmup(n=10): main=3.4e-14 ref=6.2e-14
  |   2,410,2      gw150914  cond=3.7e+06  main=0.0e+00/1.3e-11[ok]  main_hoisted=1.2e-13/1.3e-11[ok]  gemm_linv=2.2e-11/1.1e-11[ok]  gemm_cinv=2.2e-11/1.1e-11[ok]  gs_pr@pow2=3.2e-11/3.2e-11[ok]  gs_pr@fast=3.2e-11/3.2e-11[ok]  gs_pr_ascoded@pow2=3.2e-11/3.2e-11[ok]  gs_pr_ascoded@fast=3.2e-11/3.2e-11[ok]  gs_full@pow2=3.2e-11/3.2e-11[ok]  gs_full@fast=3.2e-11/3.2e-11[ok]  gs_half@pow2=3.2e-11/3.2e-11[ok]  gs_half@fast=3.2e-11/3.2e-11[ok]
  |                          same executable with refined coefficients, vs ref (cloud): gs_pr@pow2:8.4e-14  gs_pr@fast:7.6e-14  gs_full@pow2:7.5e-14  gs_full@fast:8.2e-14  gs_half@pow2:6.5e-14  gs_half@fast:7.5e-14
  |                          by kind [max over non-main variants, cloud]: normal(n=20): main=3.2e-11 ref=2.6e-11  warmup(n=10): main=2.9e-11 ref=3.2e-11
  |   2,1024,2     aligo02   cond=2.8e+10  main=0.0e+00/2.3e-08[concerning]  main_hoisted=3.1e-13/2.3e-08[concerning]  gemm_linv=1.6e-08/7.0e-09[ok]  gemm_cinv=1.6e-08/7.0e-09[ok]  gs_pr@pow2=4.0e-08/1.6e-08[concerning]  gs_pr@fast=4.0e-08/1.6e-08[concerning]  gs_pr_ascoded@pow2=4.0e-08/1.6e-08[concerning]  gs_pr_ascoded@fast=4.0e-08/1.6e-08[concerning]  gs_full@pow2=4.0e-08/1.6e-08[concerning]  gs_full@fast=4.0e-08/1.6e-08[concerning]  gs_half@pow2=4.0e-08/1.6e-08[concerning]  gs_half@fast=4.0e-08/1.6e-08[concerning]
  |                          same executable with refined coefficients, vs ref (cloud): gs_pr@pow2:1.5e-11  gs_pr@fast:1.5e-11  gs_full@pow2:1.5e-11  gs_full@fast:1.5e-11  gs_half@pow2:1.5e-11  gs_half@fast:1.5e-11
  |                          by kind [max over non-main variants, cloud]: normal(n=20): main=1.0e-08 ref=6.9e-09  warmup(n=10): main=4.0e-08 ref=2.3e-08
  |   2,1024,2     aligo2    cond=7.9e+06  main=0.0e+00/1.6e-11[ok]  main_hoisted=7.6e-14/1.6e-11[ok]  gemm_linv=1.2e-11/7.0e-12[ok]  gemm_cinv=1.2e-11/6.9e-12[ok]  gs_pr@pow2=1.5e-11/7.8e-12[ok]  gs_pr@fast=1.5e-11/7.8e-12[ok]  gs_pr_ascoded@pow2=1.5e-11/7.8e-12[ok]  gs_pr_ascoded@fast=1.5e-11/7.8e-12[ok]  gs_full@pow2=1.5e-11/7.8e-12[ok]  gs_full@fast=1.5e-11/7.8e-12[ok]  gs_half@pow2=1.5e-11/7.8e-12[ok]  gs_half@fast=1.5e-11/7.8e-12[ok]
  |                          same executable with refined coefficients, vs ref (cloud): gs_pr@pow2:9.4e-14  gs_pr@fast:9.4e-14  gs_full@pow2:8.4e-14  gs_full@fast:8.4e-14  gs_half@pow2:1.2e-13  gs_half@fast:1.2e-13
  |                          by kind [max over non-main variants, cloud]: normal(n=20): main=9.8e-12 ref=7.8e-12  warmup(n=10): main=1.5e-11 ref=1.6e-11
  |   2,1024,2     aligo20   cond=5.6e+02  main=0.0e+00/1.3e-13[ok]  main_hoisted=1.4e-14/1.2e-13[ok]  gemm_linv=5.0e-14/1.2e-13[ok]  gemm_cinv=9.8e-14/8.7e-14[ok]  gs_pr@pow2=1.0e-13/7.6e-14[ok]  gs_pr@fast=1.0e-13/7.6e-14[ok]  gs_pr_ascoded@pow2=1.0e-13/7.6e-14[ok]  gs_pr_ascoded@fast=1.0e-13/7.6e-14[ok]  gs_full@pow2=9.6e-14/7.3e-14[ok]  gs_full@fast=9.6e-14/7.3e-14[ok]  gs_half@pow2=6.2e-14/8.0e-14[ok]  gs_half@fast=6.2e-14/8.0e-14[ok]
  |                          same executable with refined coefficients, vs ref (cloud): gs_pr@pow2:8.9e-14  gs_pr@fast:8.9e-14  gs_full@pow2:8.6e-14  gs_full@fast:8.6e-14  gs_half@pow2:7.6e-14  gs_half@fast:7.6e-14
  |                          by kind [max over non-main variants, cloud]: normal(n=20): main=2.7e-14 ref=2.1e-14  warmup(n=10): main=1.0e-13 ref=1.2e-13
  |   2,1024,2     expcos    cond=7.8e+02  main=0.0e+00/1.5e-12[ok]  main_hoisted=1.3e-14/1.5e-12[OK]  gemm_linv=6.3e-14/1.5e-12[OK]  gemm_cinv=8.7e-14/1.5e-12[OK]  gs_pr@pow2=9.2e-14/1.5e-12[OK]  gs_pr@fast=9.2e-14/1.5e-12[OK]  gs_pr_ascoded@pow2=9.2e-14/1.5e-12[OK]  gs_pr_ascoded@fast=9.2e-14/1.5e-12[OK]  gs_full@pow2=9.1e-14/1.5e-12[OK]  gs_full@fast=9.1e-14/1.5e-12[OK]  gs_half@pow2=8.5e-14/1.5e-12[OK]  gs_half@fast=8.5e-14/1.5e-12[OK]
  |                          same executable with refined coefficients, vs ref (cloud): gs_pr@pow2:1.5e-12  gs_pr@fast:1.5e-12  gs_full@pow2:1.5e-12  gs_full@fast:1.5e-12  gs_half@pow2:1.5e-12  gs_half@fast:1.5e-12
  |                          by kind [max over non-main variants, cloud]: normal(n=20): main=1.7e-14 ref=1.3e-14  warmup(n=10): main=9.2e-14 ref=1.5e-12
  |   2,1024,2     white     cond=1.0e+00  main=0.0e+00/2.6e-14[ok]  main_hoisted=0.0e+00/2.6e-14[OK]  gemm_linv=2.9e-14/1.8e-14[OK]  gemm_cinv=2.9e-14/2.1e-14[OK]  gs_pr@pow2=3.0e-14/1.9e-14[OK]  gs_pr@fast=3.0e-14/1.9e-14[OK]  gs_pr_ascoded@pow2=3.0e-14/1.9e-14[OK]  gs_pr_ascoded@fast=3.0e-14/1.9e-14[OK]  gs_full@pow2=2.6e-14/2.0e-14[OK]  gs_full@fast=2.6e-14/2.0e-14[OK]  gs_half@pow2=3.3e-14/2.7e-14[OK]  gs_half@fast=3.3e-14/2.7e-14[OK]
  |                          same executable with refined coefficients, vs ref (cloud): gs_pr@pow2:1.9e-14  gs_pr@fast:1.9e-14  gs_full@pow2:2.0e-14  gs_full@fast:2.0e-14  gs_half@pow2:2.7e-14  gs_half@fast:2.7e-14
  |                          by kind [max over non-main variants, cloud]: normal(n=20): main=1.3e-14 ref=9.1e-15  warmup(n=10): main=3.3e-14 ref=2.7e-14
  |   2,1024,2     gw150914  cond=5.4e+08  main=0.0e+00/4.9e-11[ok]  main_hoisted=9.3e-14/4.9e-11[ok]  gemm_linv=2.5e-11/3.6e-11[ok]  gemm_cinv=2.5e-11/3.6e-11[ok]  gs_pr@pow2=1.8e-09/1.8e-09[ok]  gs_pr@fast=1.8e-09/1.8e-09[ok]  gs_pr_ascoded@pow2=1.8e-09/1.8e-09[ok]  gs_pr_ascoded@fast=1.8e-09/1.8e-09[ok]  gs_full@pow2=1.8e-09/1.8e-09[ok]  gs_full@fast=1.8e-09/1.8e-09[ok]  gs_half@pow2=1.8e-09/1.8e-09[ok]  gs_half@fast=1.8e-09/1.8e-09[ok]
  |                          same executable with refined coefficients, vs ref (cloud): gs_pr@pow2:4.0e-13  gs_pr@fast:4.0e-13  gs_full@pow2:4.1e-13  gs_full@fast:4.1e-13  gs_half@pow2:4.1e-13  gs_half@fast:4.1e-13
  |                          by kind [max over non-main variants, cloud]: normal(n=20): main=1.8e-09 ref=1.8e-09  warmup(n=10): main=8.3e-10 ref=8.3e-10
  |   2,2048,4     aligo02   cond=5.6e+10  main=0.0e+00/6.6e-08[concerning]  main_hoisted=9.0e-13/6.6e-08[concerning]  gemm_linv=7.0e-08/1.1e-08[concerning]  gemm_cinv=7.0e-08/1.1e-08[concerning]  gs_pr@pow2=7.3e-08/2.6e-08[concerning]  gs_pr@fast=7.3e-08/2.6e-08[concerning]  gs_pr_ascoded@pow2=7.3e-08/2.6e-08[concerning]  gs_pr_ascoded@fast=7.3e-08/2.6e-08[concerning]  gs_full@pow2=7.3e-08/2.6e-08[concerning]  gs_full@fast=7.3e-08/2.6e-08[concerning]  gs_half@pow2=7.3e-08/2.6e-08[concerning]  gs_half@fast=7.3e-08/2.6e-08[concerning]
  |                          same executable with refined coefficients, vs ref (cloud): gs_pr@pow2:6.2e-11  gs_pr@fast:6.2e-11  gs_full@pow2:6.2e-11  gs_full@fast:6.2e-11  gs_half@pow2:6.2e-11  gs_half@fast:6.2e-11
  |                          by kind [max over non-main variants, cloud]: normal(n=20): main=3.9e-08 ref=2.6e-08  warmup(n=10): main=7.3e-08 ref=6.6e-08
  |   2,2048,4     aligo2    cond=7.9e+06  main=0.0e+00/9.0e-12[ok]  main_hoisted=9.5e-14/8.9e-12[ok]  gemm_linv=8.2e-12/5.4e-12[ok]  gemm_cinv=8.2e-12/5.3e-12[ok]  gs_pr@pow2=1.0e-11/9.5e-12[ok]  gs_pr@fast=1.0e-11/9.5e-12[ok]  gs_pr_ascoded@pow2=1.0e-11/9.5e-12[ok]  gs_pr_ascoded@fast=1.0e-11/9.5e-12[ok]  gs_full@pow2=1.0e-11/9.4e-12[ok]  gs_full@fast=1.0e-11/9.4e-12[ok]  gs_half@pow2=1.0e-11/9.3e-12[ok]  gs_half@fast=1.0e-11/9.3e-12[ok]
  |                          same executable with refined coefficients, vs ref (cloud): gs_pr@pow2:6.7e-13  gs_pr@fast:6.7e-13  gs_full@pow2:6.7e-13  gs_full@fast:6.7e-13  gs_half@pow2:6.7e-13  gs_half@fast:6.7e-13
  |                          by kind [max over non-main variants, cloud]: normal(n=20): main=1.0e-11 ref=5.8e-12  warmup(n=10): main=7.9e-12 ref=9.5e-12
  |   2,2048,4     aligo20   cond=5.6e+02  main=0.0e+00/1.0e-12[ok]  main_hoisted=8.3e-14/9.2e-13[ok]  gemm_linv=1.6e-13/9.5e-13[ok]  gemm_cinv=2.1e-13/9.1e-13[ok]  gs_pr@pow2=3.3e-13/8.8e-13[ok]  gs_pr@fast=3.3e-13/8.8e-13[ok]  gs_pr_ascoded@pow2=3.3e-13/8.8e-13[ok]  gs_pr_ascoded@fast=3.3e-13/8.8e-13[ok]  gs_full@pow2=3.3e-13/9.5e-13[ok]  gs_full@fast=3.3e-13/9.5e-13[ok]  gs_half@pow2=2.3e-13/9.1e-13[ok]  gs_half@fast=2.3e-13/9.1e-13[ok]
  |                          same executable with refined coefficients, vs ref (cloud): gs_pr@pow2:9.1e-13  gs_pr@fast:9.1e-13  gs_full@pow2:8.6e-13  gs_full@fast:8.6e-13  gs_half@pow2:8.6e-13  gs_half@fast:8.6e-13
  |                          by kind [max over non-main variants, cloud]: normal(n=20): main=2.2e-14 ref=1.5e-14  warmup(n=10): main=3.3e-13 ref=9.5e-13
  |   2,2048,4     expcos    cond=7.8e+02  main=0.0e+00/1.1e-11[ok]  main_hoisted=8.1e-14/1.1e-11[OK]  gemm_linv=1.1e-13/1.1e-11[OK]  gemm_cinv=1.0e-13/1.1e-11[OK]  gs_pr@pow2=6.8e-14/1.1e-11[OK]  gs_pr@fast=6.8e-14/1.1e-11[OK]  gs_pr_ascoded@pow2=6.8e-14/1.1e-11[OK]  gs_pr_ascoded@fast=6.8e-14/1.1e-11[OK]  gs_full@pow2=1.4e-13/1.1e-11[OK]  gs_full@fast=1.4e-13/1.1e-11[OK]  gs_half@pow2=5.4e-14/1.1e-11[OK]  gs_half@fast=5.4e-14/1.1e-11[OK]
  |                          same executable with refined coefficients, vs ref (cloud): gs_pr@pow2:1.1e-11  gs_pr@fast:1.1e-11  gs_full@pow2:1.1e-11  gs_full@fast:1.1e-11  gs_half@pow2:1.1e-11  gs_half@fast:1.1e-11
  |                          by kind [max over non-main variants, cloud]: normal(n=20): main=1.8e-14 ref=1.7e-14  warmup(n=10): main=1.4e-13 ref=1.1e-11
  |   2,2048,4     white     cond=1.0e+00  main=0.0e+00/9.1e-13[ok]  main_hoisted=0.0e+00/9.1e-13[OK]  gemm_linv=1.5e-13/9.6e-13[OK]  gemm_cinv=1.9e-13/8.5e-13[OK]  gs_pr@pow2=1.5e-13/8.5e-13[OK]  gs_pr@fast=1.5e-13/8.5e-13[OK]  gs_pr_ascoded@pow2=1.5e-13/8.5e-13[OK]  gs_pr_ascoded@fast=1.5e-13/8.5e-13[OK]  gs_full@pow2=1.0e-13/8.5e-13[OK]  gs_full@fast=1.0e-13/8.5e-13[OK]  gs_half@pow2=2.1e-13/8.5e-13[OK]  gs_half@fast=2.1e-13/8.5e-13[OK]
  |                          same executable with refined coefficients, vs ref (cloud): gs_pr@pow2:8.5e-13  gs_pr@fast:8.5e-13  gs_full@pow2:8.5e-13  gs_full@fast:8.5e-13  gs_half@pow2:8.5e-13  gs_half@fast:8.5e-13
  |                          by kind [max over non-main variants, cloud]: normal(n=20): main=1.3e-14 ref=1.6e-14  warmup(n=10): main=2.1e-13 ref=9.6e-13
  |   2,2048,4     gw150914  cond=3.5e+11  main=0.0e+00/9.8e-09[ok]  main_hoisted=1.2e-12/9.8e-09[ok]  gemm_linv=1.2e-08/2.3e-09[ok]  gemm_cinv=1.2e-08/2.3e-09[ok]  gs_pr@pow2=3.9e-08/4.9e-08[concerning]  gs_pr@fast=3.9e-08/4.9e-08[concerning]  gs_pr_ascoded@pow2=3.9e-08/4.9e-08[concerning]  gs_pr_ascoded@fast=3.9e-08/4.9e-08[concerning]  gs_full@pow2=3.9e-08/4.9e-08[concerning]  gs_full@fast=3.9e-08/4.9e-08[concerning]  gs_half@pow2=3.9e-08/4.9e-08[concerning]  gs_half@fast=3.9e-08/4.9e-08[concerning]
  |                          same executable with refined coefficients, vs ref (cloud): gs_pr@pow2:8.8e-11  gs_pr@fast:8.8e-11  gs_full@pow2:8.8e-11  gs_full@fast:8.8e-11  gs_half@pow2:8.8e-11  gs_half@fast:8.8e-11
  |                          by kind [max over non-main variants, cloud]: normal(n=20): main=3.9e-08 ref=4.9e-08  warmup(n=10): main=1.7e-08 ref=2.2e-08
  |   3,1024,8     aligo02   cond=2.8e+10  main=0.0e+00/2.1e-08[concerning]  main_hoisted=2.7e-13/2.1e-08[concerning]  gemm_linv=1.7e-08/6.5e-09[ok]  gemm_cinv=1.7e-08/6.5e-09[ok]  gs_pr@pow2=4.2e-08/2.1e-08[concerning]  gs_pr@fast=4.2e-08/2.1e-08[concerning]  gs_pr_ascoded@pow2=4.2e-08/2.1e-08[concerning]  gs_pr_ascoded@fast=4.2e-08/2.1e-08[concerning]  gs_full@pow2=4.2e-08/2.1e-08[concerning]  gs_full@fast=4.2e-08/2.1e-08[concerning]  gs_half@pow2=4.2e-08/2.1e-08[concerning]  gs_half@fast=4.2e-08/2.1e-08[concerning]
  |                          same executable with refined coefficients, vs ref (cloud): gs_pr@pow2:2.0e-11  gs_pr@fast:2.0e-11  gs_full@pow2:2.0e-11  gs_full@fast:2.0e-11  gs_half@pow2:2.0e-11  gs_half@fast:2.0e-11
  |                          by kind [max over non-main variants, cloud]: normal(n=20): main=7.4e-09 ref=6.5e-09  warmup(n=10): main=4.2e-08 ref=2.1e-08
  |   3,1024,8     aligo2    cond=7.9e+06  main=0.0e+00/8.1e-12[ok]  main_hoisted=4.8e-14/8.1e-12[ok]  gemm_linv=9.4e-12/1.6e-12[ok]  gemm_cinv=9.4e-12/1.6e-12[ok]  gs_pr@pow2=6.7e-12/2.3e-12[ok]  gs_pr@fast=6.7e-12/2.3e-12[ok]  gs_pr_ascoded@pow2=6.7e-12/2.3e-12[ok]  gs_pr_ascoded@fast=6.7e-12/2.3e-12[ok]  gs_full@pow2=6.7e-12/2.3e-12[ok]  gs_full@fast=6.7e-12/2.3e-12[ok]  gs_half@pow2=6.7e-12/2.3e-12[ok]  gs_half@fast=6.7e-12/2.3e-12[ok]
  |                          same executable with refined coefficients, vs ref (cloud): gs_pr@pow2:1.0e-14  gs_pr@fast:1.0e-14  gs_full@pow2:9.6e-15  gs_full@fast:9.6e-15  gs_half@pow2:1.4e-14  gs_half@fast:1.4e-14
  |   3,1024,8     aligo20   cond=5.6e+02  main=0.0e+00/8.6e-12[ok]  main_hoisted=1.1e-13/8.6e-12[ok]  gemm_linv=2.6e-14/8.6e-12[ok]  gemm_cinv=1.5e-13/8.6e-12[ok]  gs_pr@pow2=9.8e-14/8.6e-12[ok]  gs_pr@fast=9.8e-14/8.6e-12[ok]  gs_pr_ascoded@pow2=9.8e-14/8.6e-12[ok]  gs_pr_ascoded@fast=9.8e-14/8.6e-12[ok]  gs_full@pow2=7.9e-14/8.6e-12[ok]  gs_full@fast=7.9e-14/8.6e-12[ok]  gs_half@pow2=5.3e-14/8.6e-12[ok]  gs_half@fast=5.3e-14/8.6e-12[ok]
  |                          same executable with refined coefficients, vs ref (cloud): gs_pr@pow2:8.6e-12  gs_pr@fast:8.6e-12  gs_full@pow2:8.6e-12  gs_full@fast:8.6e-12  gs_half@pow2:8.6e-12  gs_half@fast:8.6e-12
  |                          by kind [max over non-main variants, cloud]: normal(n=20): main=3.7e-14 ref=2.6e-14  warmup(n=10): main=1.5e-13 ref=8.6e-12
  |   3,1024,8     expcos    cond=7.8e+02  main=0.0e+00/6.9e-11[ok]  main_hoisted=4.0e-14/6.9e-11[OK]  gemm_linv=8.8e-14/6.9e-11[OK]  gemm_cinv=3.1e-14/6.9e-11[OK]  gs_pr@pow2=4.0e-14/6.9e-11[OK]  gs_pr@fast=4.0e-14/6.9e-11[OK]  gs_pr_ascoded@pow2=4.0e-14/6.9e-11[OK]  gs_pr_ascoded@fast=4.0e-14/6.9e-11[OK]  gs_full@pow2=7.1e-14/6.9e-11[OK]  gs_full@fast=7.1e-14/6.9e-11[OK]  gs_half@pow2=4.8e-14/6.9e-11[OK]  gs_half@fast=4.8e-14/6.9e-11[OK]
  |                          same executable with refined coefficients, vs ref (cloud): gs_pr@pow2:6.9e-11  gs_pr@fast:6.9e-11  gs_full@pow2:6.9e-11  gs_full@fast:6.9e-11  gs_half@pow2:6.9e-11  gs_half@fast:6.9e-11
  |                          by kind [max over non-main variants, cloud]: normal(n=20): main=1.7e-14 ref=2.0e-14  warmup(n=10): main=8.8e-14 ref=6.9e-11
  |   3,1024,8     white     cond=1.0e+00  main=0.0e+00/3.7e-11[ok]  main_hoisted=0.0e+00/3.7e-11[OK]  gemm_linv=1.0e-13/3.7e-11[OK]  gemm_cinv=1.0e-13/3.7e-11[OK]  gs_pr@pow2=5.4e-14/3.7e-11[OK]  gs_pr@fast=5.4e-14/3.7e-11[OK]  gs_pr_ascoded@pow2=5.4e-14/3.7e-11[OK]  gs_pr_ascoded@fast=5.4e-14/3.7e-11[OK]  gs_full@pow2=1.7e-13/3.7e-11[OK]  gs_full@fast=1.7e-13/3.7e-11[OK]  gs_half@pow2=1.0e-13/3.7e-11[OK]  gs_half@fast=1.0e-13/3.7e-11[OK]
  |                          same executable with refined coefficients, vs ref (cloud): gs_pr@pow2:3.7e-11  gs_pr@fast:3.7e-11  gs_full@pow2:3.7e-11  gs_full@fast:3.7e-11  gs_half@pow2:3.7e-11  gs_half@fast:3.7e-11
  |                          by kind [max over non-main variants, cloud]: normal(n=20): main=9.5e-15 ref=2.2e-14  warmup(n=10): main=1.7e-13 ref=3.7e-11
  |   3,1024,8     gw150914  cond=5.4e+08  main=0.0e+00/1.4e-11[ok]  main_hoisted=1.0e-13/1.4e-11[ok]  gemm_linv=1.6e-11/1.2e-11[ok]  gemm_cinv=1.6e-11/1.2e-11[ok]  gs_pr@pow2=2.6e-11/1.7e-11[ok]  gs_pr@fast=2.6e-11/1.7e-11[ok]  gs_pr_ascoded@pow2=2.6e-11/1.7e-11[ok]  gs_pr_ascoded@fast=2.6e-11/1.7e-11[ok]  gs_full@pow2=2.6e-11/1.7e-11[ok]  gs_full@fast=2.6e-11/1.7e-11[ok]  gs_half@pow2=2.6e-11/1.7e-11[ok]  gs_half@fast=2.6e-11/1.7e-11[ok]
  |                          same executable with refined coefficients, vs ref (cloud): gs_pr@pow2:1.2e-11  gs_pr@fast:1.2e-11  gs_full@pow2:1.2e-11  gs_full@fast:1.2e-11  gs_half@pow2:1.2e-11  gs_half@fast:1.2e-11
  |                          by kind [max over non-main variants, cloud]: normal(n=20): main=2.6e-11 ref=1.7e-11  warmup(n=10): main=1.0e-11 ref=1.4e-11
  | 
  | === PER-GRADIENT DEVICE TIME (us/grad) [leg cpu_f64_omp1] ===
  |     slope method over two fori_loop counts, medians of 5; per-cell budget 25 s; constants are jit ARGUMENTS
  |     threads: {'OMP_NUM_THREADS': '1', 'NPROC': '1', 'xla_cpu_pool_threads': 1}
  |   --- (n_det=2, N=205, n_modes=2) k=8  family aligo02  cond=5.7e+09 ---
  |     main                        390.1 us [383..407]    1.00x main  R=[142, 426] rep=5  trsm=10 potrf=1 trsm_big=6 dot=13  hoisted:{'trsm': {'grad': 10, 'loop_body': 8}, 'trsm_big': {'grad': 6, 'loop_body': 4}}
  |     main_hoisted                405.7 us [403..408]    0.96x main  R=[112, 336] rep=5  trsm=8 potrf=1 trsm_big=4 dot=13
  |     gemm_linv                   325.7 us [315..328]    1.20x main  R=[185, 555] rep=5  trsm=4 potrf=1 dot=17
  |     gemm_cinv                   313.6 us [304..317]    1.24x main  R=[152, 456] rep=5  trsm=4 potrf=1 dot=17
  |     gs_pr@pow2                  599.8 us [597..607]    0.65x main  R=[82, 246] rep=5  trsm=4 potrf=1 dot=13 fft=30
  |     gs_pr@fast                  513.6 us [508..527]    0.76x main  R=[79, 237] rep=5  trsm=4 potrf=1 dot=13 fft=30
  |     gs_pr_ascoded@pow2          589.9 us [580..595]    0.66x main  R=[77, 231] rep=5  trsm=4 potrf=1 dot=13 fft=34  hoisted:{'fft': {'grad': 34, 'loop_body': 30}}
  |     gs_pr_ascoded@fast          522.5 us [517..528]    0.75x main  R=[119, 357] rep=5  trsm=4 potrf=1 dot=13 fft=34  hoisted:{'fft': {'grad': 34, 'loop_body': 30}}
  |     gs_full@pow2                517.2 us [514..523]    0.75x main  R=[86, 258] rep=5  trsm=4 potrf=1 dot=13 fft=16
  |     gs_full@fast                455.8 us [455..460]    0.86x main  R=[173, 519] rep=5  trsm=4 potrf=1 dot=13 fft=16
  |     gs_half@pow2                340.1 us [335..345]    1.15x main  R=[157, 471] rep=5  trsm=4 potrf=1 dot=19 fft=8
  |     gs_half@fast                304.5 us [302..315]    1.28x main  R=[212, 636] rep=5  trsm=4 potrf=1 dot=19 fft=8
  |     floor                        63.0 us [62..65]    6.19x main  R=[400, 1200] rep=5  dot=4
  |   --- (n_det=2, N=205, n_modes=2) k=8  family expcos  cond=7.3e+02 ---
  |     main                        403.3 us [388..407]    1.00x main  R=[158, 474] rep=5  
  |     main_hoisted                393.9 us [379..405]    1.02x main  R=[147, 441] rep=5  
  |     gemm_linv                   319.1 us [300..322]    1.26x main  R=[209, 627] rep=5  
  |     gemm_cinv                   316.9 us [314..328]    1.27x main  R=[163, 489] rep=5  
  |     gs_pr@pow2                  608.1 us [604..615]    0.66x main  R=[105, 315] rep=5  
  |     gs_pr@fast                  516.1 us [511..527]    0.78x main  R=[82, 246] rep=5  
  |     gs_pr_ascoded@pow2          602.6 us [588..621]    0.67x main  R=[67, 201] rep=5  
  |     gs_pr_ascoded@fast          510.7 us [506..526]    0.79x main  R=[76, 228] rep=5  
  |     gs_full@pow2                515.7 us [513..521]    0.78x main  R=[77, 231] rep=5  
  |     gs_full@fast                459.7 us [456..466]    0.88x main  R=[183, 549] rep=5  
  |     gs_half@pow2                338.2 us [336..340]    1.19x main  R=[156, 468] rep=5  
  |     gs_half@fast                312.9 us [303..317]    1.29x main  R=[168, 504] rep=5  
  |     floor                        63.1 us [61..65]    6.39x main  R=[400, 1200] rep=5  
  |   --- (n_det=2, N=410, n_modes=2) k=8  family aligo02  cond=1.1e+10 ---
  |     main                       1138.2 us [1133..1148]    1.00x main  R=[61, 183] rep=5  trsm=10 potrf=1 trsm_big=6 dot=13  hoisted:{'trsm': {'grad': 10, 'loop_body': 8}, 'trsm_big': {'grad': 6, 'loop_body': 4}}
  |     main_hoisted               1139.6 us [1134..1160]    1.00x main  R=[56, 168] rep=5  trsm=8 potrf=1 trsm_big=4 dot=13
  |     gemm_linv                  1124.4 us [1090..1130]    1.01x main  R=[80, 240] rep=5  trsm=4 potrf=1 dot=17
  |     gemm_cinv                  1086.3 us [1043..1120]    1.05x main  R=[64, 192] rep=5  trsm=4 potrf=1 dot=17
  |     gs_pr@pow2                 1270.9 us [1266..1289]    0.90x main  R=[49, 147] rep=5  trsm=4 potrf=1 dot=13 fft=30
  |     gs_pr@fast                 1093.6 us [1083..1112]    1.04x main  R=[50, 150] rep=5  trsm=4 potrf=1 dot=13 fft=30
  |     gs_pr_ascoded@pow2         1280.0 us [1263..1289]    0.89x main  R=[34, 102] rep=5  trsm=4 potrf=1 dot=13 fft=34  hoisted:{'fft': {'grad': 34, 'loop_body': 30}}
  |     gs_pr_ascoded@fast         1068.3 us [1060..1095]    1.07x main  R=[44, 132] rep=5  trsm=4 potrf=1 dot=13 fft=34  hoisted:{'fft': {'grad': 34, 'loop_body': 30}}
  |     gs_full@pow2               1174.9 us [1172..1189]    0.97x main  R=[43, 129] rep=5  trsm=4 potrf=1 dot=13 fft=16
  |     gs_full@fast               1008.1 us [998..1012]    1.13x main  R=[66, 198] rep=5  trsm=4 potrf=1 dot=13 fft=16
  |     gs_half@pow2                738.8 us [736..740]    1.54x main  R=[160, 480] rep=5  trsm=4 potrf=1 dot=19 fft=8
  |     gs_half@fast                660.7 us [655..705]    1.72x main  R=[84, 252] rep=5  trsm=4 potrf=1 dot=19 fft=8
  |     floor                       137.5 us [135..140]    8.28x main  R=[282, 846] rep=5  dot=4
  |   --- (n_det=2, N=410, n_modes=2) k=8  family expcos  cond=7.7e+02 ---
  |     main                       1107.8 us [1103..1120]    1.00x main  R=[65, 195] rep=5  
  |     main_hoisted               1114.8 us [1110..1118]    0.99x main  R=[60, 180] rep=5  
  |     gemm_linv                  1086.1 us [1079..1128]    1.02x main  R=[63, 189] rep=5  
  |     gemm_cinv                  1086.3 us [1059..1110]    1.02x main  R=[64, 192] rep=5  
  |     gs_pr@pow2                 1261.8 us [1248..1275]    0.88x main  R=[49, 147] rep=5  
  |     gs_pr@fast                 1091.6 us [1081..1124]    1.01x main  R=[51, 153] rep=5  
  |     gs_pr_ascoded@pow2         1292.8 us [1277..1295]    0.86x main  R=[36, 108] rep=5  
  |     gs_pr_ascoded@fast         1115.8 us [1089..1122]    0.99x main  R=[53, 159] rep=5  
  |     gs_full@pow2               1172.3 us [1161..1182]    0.94x main  R=[55, 165] rep=5  
  |     gs_full@fast                997.4 us [959..1010]    1.11x main  R=[49, 147] rep=5  
  |     gs_half@pow2                739.8 us [731..742]    1.50x main  R=[84, 252] rep=5  
  |     gs_half@fast                660.6 us [658..667]    1.68x main  R=[125, 375] rep=5  
  |     floor                       137.2 us [132..142]    8.07x main  R=[283, 849] rep=5  
  |   --- (n_det=2, N=1024, n_modes=2) k=8  family aligo02  cond=2.8e+10 ---
  |     main                      19814.4 us [19485..20703]    1.00x main  R=[8, 24] rep=5  trsm=10 potrf=1 trsm_big=6 dot=13  hoisted:{'trsm': {'grad': 10, 'loop_body': 8}, 'trsm_big': {'grad': 6, 'loop_body': 4}}
  |     main_hoisted              18829.0 us [18154..19923]    1.05x main  R=[8, 24] rep=5  trsm=8 potrf=1 trsm_big=4 dot=13
  |     gemm_linv                  6249.3 us [6197..6336]    3.17x main  R=[16, 48] rep=5  trsm=4 potrf=1 dot=17
  |     gemm_cinv                  6273.0 us [6237..6297]    3.16x main  R=[17, 51] rep=5  trsm=4 potrf=1 dot=17
  |     gs_pr@pow2                 2800.8 us [2790..2811]    7.07x main  R=[47, 141] rep=5  trsm=4 potrf=1 dot=13 fft=30
  |     gs_pr@fast                 2768.9 us [2763..2789]    7.16x main  R=[44, 132] rep=5  trsm=4 potrf=1 dot=13 fft=30
  |     gs_pr_ascoded@pow2         2783.6 us [2742..2804]    7.12x main  R=[19, 57] rep=5  trsm=4 potrf=1 dot=13 fft=34  hoisted:{'fft': {'grad': 34, 'loop_body': 30}}
  |     gs_pr_ascoded@fast         2758.4 us [2748..2765]    7.18x main  R=[22, 66] rep=5  trsm=4 potrf=1 dot=13 fft=34  hoisted:{'fft': {'grad': 34, 'loop_body': 30}}
  |     gs_full@pow2               2565.0 us [2554..2583]    7.72x main  R=[51, 153] rep=5  trsm=4 potrf=1 dot=13 fft=16
  |     gs_full@fast               2546.1 us [2530..2565]    7.78x main  R=[43, 129] rep=5  trsm=4 potrf=1 dot=13 fft=16
  |     gs_half@pow2               1574.7 us [1561..1587]   12.58x main  R=[68, 204] rep=5  trsm=4 potrf=1 dot=19 fft=8
  |     gs_half@fast               1564.0 us [1560..1572]   12.67x main  R=[72, 216] rep=5  trsm=4 potrf=1 dot=19 fft=8
  |     floor                       270.2 us [269..272]   73.33x main  R=[400, 1200] rep=5  dot=4
  |   --- (n_det=2, N=1024, n_modes=2) k=8  family expcos  cond=7.8e+02 ---
  |     main                      19412.5 us [19051..20509]    1.00x main  R=[8, 24] rep=5  
  |     main_hoisted              18654.2 us [18361..19245]    1.04x main  R=[8, 24] rep=5  
  |     gemm_linv                  6363.0 us [6283..6439]    3.05x main  R=[17, 51] rep=5  
  |     gemm_cinv                  6251.4 us [6183..6293]    3.11x main  R=[17, 51] rep=5  
  |     gs_pr@pow2                 2814.9 us [2796..2984]    6.90x main  R=[45, 135] rep=5  
  |     gs_pr@fast                 2774.5 us [2754..2824]    7.00x main  R=[45, 135] rep=5  
  |     gs_pr_ascoded@pow2         2775.5 us [2768..2792]    6.99x main  R=[22, 66] rep=5  
  |     gs_pr_ascoded@fast         2763.0 us [2754..2775]    7.03x main  R=[32, 96] rep=5  
  |     gs_full@pow2               2544.5 us [2536..2551]    7.63x main  R=[45, 135] rep=5  
  |     gs_full@fast               2570.3 us [2556..2577]    7.55x main  R=[46, 138] rep=5  
  |     gs_half@pow2               1556.9 us [1550..1574]   12.47x main  R=[73, 219] rep=5  
  |     gs_half@fast               1572.2 us [1563..1579]   12.35x main  R=[78, 234] rep=5  
  |     floor                       274.7 us [272..278]   70.66x main  R=[195, 585] rep=5  
  |   --- (n_det=2, N=2048, n_modes=4) k=16  family aligo02  cond=5.6e+10 ---
  |     main                     418755.2 us [416929..420194]    1.00x main  R=[4, 12] rep=3  trsm=10 potrf=1 trsm_big=6 dot=13  hoisted:{'trsm': {'grad': 10, 'loop_body': 8}, 'trsm_big': {'grad': 6, 'loop_body': 4}}
  |     main_hoisted             418338.3 us [417147..422288]    1.00x main  R=[4, 12] rep=3  trsm=8 potrf=1 trsm_big=4 dot=13
  |     gemm_linv                107116.4 us [105710..108556]    3.91x main  R=[8, 24] rep=5  trsm=4 potrf=1 dot=17
  |     gemm_cinv                104161.7 us [101622..105075]    4.02x main  R=[8, 24] rep=5  trsm=4 potrf=1 dot=17
  |     gs_pr@pow2                11672.6 us [11361..11836]   35.88x main  R=[12, 36] rep=5  trsm=4 potrf=1 dot=13 fft=30
  |     gs_pr@fast                11532.6 us [11388..11784]   36.31x main  R=[12, 36] rep=5  trsm=4 potrf=1 dot=13 fft=30
  |     gs_pr_ascoded@pow2        11409.3 us [11350..11442]   36.70x main  R=[8, 24] rep=5  trsm=4 potrf=1 dot=13 fft=34  hoisted:{'fft': {'grad': 34, 'loop_body': 30}}
  |     gs_pr_ascoded@fast        11381.9 us [11340..11435]   36.79x main  R=[8, 24] rep=5  trsm=4 potrf=1 dot=13 fft=34  hoisted:{'fft': {'grad': 34, 'loop_body': 30}}
  |     gs_full@pow2              10688.3 us [10650..10717]   39.18x main  R=[13, 39] rep=5  trsm=4 potrf=1 dot=13 fft=16
  |     gs_full@fast              10708.1 us [10685..10750]   39.11x main  R=[13, 39] rep=5  trsm=4 potrf=1 dot=13 fft=16
  |     gs_half@pow2               6748.0 us [6736..6786]   62.06x main  R=[20, 60] rep=5  trsm=4 potrf=1 dot=19 fft=8
  |     gs_half@fast               6767.6 us [6745..6795]   61.88x main  R=[20, 60] rep=5  trsm=4 potrf=1 dot=19 fft=8
  |     floor                      1252.5 us [1244..1259]  334.33x main  R=[67, 201] rep=5  dot=4
  |   --- (n_det=2, N=2048, n_modes=4) k=16  family expcos  cond=7.8e+02 ---
  |     main                     421109.8 us [417651..422724]    1.00x main  R=[4, 12] rep=3  
  |     main_hoisted             417820.5 us [417294..422808]    1.01x main  R=[4, 12] rep=3  
  |     gemm_linv                107788.5 us [105521..108687]    3.91x main  R=[8, 24] rep=5  
  |     gemm_cinv                105281.4 us [104331..107790]    4.00x main  R=[8, 24] rep=5  
  |     gs_pr@pow2                11439.0 us [11361..12233]   36.81x main  R=[12, 36] rep=5  
  |     gs_pr@fast                11305.6 us [11254..11481]   37.25x main  R=[12, 36] rep=5  
  |     gs_pr_ascoded@pow2        11380.8 us [11349..11433]   37.00x main  R=[8, 24] rep=5  
  |     gs_pr_ascoded@fast        11383.4 us [11325..11411]   36.99x main  R=[8, 24] rep=5  
  |     gs_full@pow2              10693.7 us [10676..10733]   39.38x main  R=[13, 39] rep=5  
  |     gs_full@fast              10680.8 us [10648..11205]   39.43x main  R=[13, 39] rep=5  
  |     gs_half@pow2               6734.2 us [6720..6806]   62.53x main  R=[14, 42] rep=5  
  |     gs_half@fast               6771.3 us [6740..7119]   62.19x main  R=[20, 60] rep=5  
  |     floor                      1257.5 us [1242..1278]  334.87x main  R=[66, 198] rep=5  
  |   --- (n_det=3, N=1024, n_modes=8) k=32  family aligo02  cond=2.8e+10 ---
  |     main                      59231.8 us [58259..61116]    1.00x main  R=[8, 24] rep=5  trsm=13 potrf=1 trsm_big=9 dot=17  hoisted:{'trsm': {'grad': 13, 'loop_body': 10}, 'trsm_big': {'grad': 9, 'loop_body': 6}}
  |     main_hoisted              61949.6 us [61371..62824]    0.96x main  R=[8, 24] rep=5  trsm=10 potrf=1 trsm_big=6 dot=17
  |     gemm_linv                 29030.3 us [27906..29776]    2.04x main  R=[8, 24] rep=5  trsm=4 potrf=1 dot=23
  |     gemm_cinv                 27917.0 us [27432..28042]    2.12x main  R=[8, 24] rep=5  trsm=4 potrf=1 dot=23
  |     gs_pr@pow2                17500.7 us [16360..18263]    3.38x main  R=[8, 24] rep=5  trsm=4 potrf=1 dot=17 fft=45
  |     gs_pr@fast                17624.0 us [16581..18668]    3.36x main  R=[8, 24] rep=5  trsm=4 potrf=1 dot=17 fft=45
  |     gs_pr_ascoded@pow2        17087.9 us [16999..17144]    3.47x main  R=[8, 24] rep=5  trsm=4 potrf=1 dot=17 fft=51  hoisted:{'fft': {'grad': 51, 'loop_body': 45}}
  |     gs_pr_ascoded@fast        17068.6 us [16985..17151]    3.47x main  R=[8, 24] rep=5  trsm=4 potrf=1 dot=17 fft=51  hoisted:{'fft': {'grad': 51, 'loop_body': 45}}
  |     gs_full@pow2              16124.4 us [14635..17748]    3.67x main  R=[8, 24] rep=5  trsm=4 potrf=1 dot=17 fft=24
  |     gs_full@fast              16112.2 us [16081..16194]    3.68x main  R=[8, 24] rep=5  trsm=4 potrf=1 dot=17 fft=24
  |     gs_half@pow2              10657.7 us [10001..10735]    5.56x main  R=[12, 36] rep=5  trsm=4 potrf=1 dot=26 fft=12
  |     gs_half@fast              10660.8 us [10601..10744]    5.56x main  R=[9, 27] rep=5  trsm=4 potrf=1 dot=26 fft=12
  |     floor                      1914.7 us [1843..2057]   30.94x main  R=[54, 162] rep=5  dot=4
  |   --- (n_det=3, N=1024, n_modes=8) k=32  family expcos  cond=7.8e+02 ---
  |     main                      62558.7 us [62099..62949]    1.00x main  R=[8, 24] rep=5  
  |     main_hoisted              64487.0 us [63768..65160]    0.97x main  R=[8, 24] rep=5  
  |     gemm_linv                 29558.1 us [28018..29679]    2.12x main  R=[8, 24] rep=5  
  |     gemm_cinv                 26492.2 us [26079..26689]    2.36x main  R=[8, 24] rep=5  
  |     gs_pr@pow2                17125.5 us [16749..18343]    3.65x main  R=[8, 24] rep=5  
  |     gs_pr@fast                17055.0 us [16623..17799]    3.67x main  R=[8, 24] rep=5  
  |     gs_pr_ascoded@pow2        17212.5 us [17043..17256]    3.63x main  R=[8, 24] rep=5  
  |     gs_pr_ascoded@fast        17225.6 us [17148..17338]    3.63x main  R=[8, 24] rep=5  
  |     gs_full@pow2              16115.3 us [16005..17529]    3.88x main  R=[8, 24] rep=5  
  |     gs_full@fast              16054.3 us [15562..17218]    3.90x main  R=[9, 27] rep=5  
  |     gs_half@pow2              10695.9 us [10641..10763]    5.85x main  R=[12, 36] rep=5  
  |     gs_half@fast              10705.7 us [10225..10760]    5.84x main  R=[13, 39] rep=5  
  |     floor                      1930.2 us [1829..2071]   32.41x main  R=[61, 183] rep=5  
  | 
  | === COMPILE TIME of jit(grad) [leg cpu_f64_omp1] ===
  |   2,205,2      main                   lower  0.09 s  compile  0.28 s
  |   2,205,2      main_hoisted           lower  0.09 s  compile  0.29 s
  |   2,205,2      gemm_linv              lower  0.10 s  compile  0.27 s
  |   2,205,2      gemm_cinv              lower  0.09 s  compile  0.26 s
  |   2,205,2      gs_pr@pow2             lower  0.14 s  compile  0.34 s
  |   2,205,2      gs_pr@fast             lower  0.14 s  compile  0.33 s
  |   2,205,2      gs_pr_ascoded@pow2     lower  0.14 s  compile  0.34 s
  |   2,205,2      gs_pr_ascoded@fast     lower  0.14 s  compile  0.33 s
  |   2,205,2      gs_full@pow2           lower  0.13 s  compile  0.31 s
  |   2,205,2      gs_full@fast           lower  0.13 s  compile  0.33 s
  |   2,205,2      gs_half@pow2           lower  0.12 s  compile  0.33 s
  |   2,205,2      gs_half@fast           lower  0.12 s  compile  0.32 s
  |   2,205,2      floor                  lower  0.06 s  compile  0.20 s
  |   2,410,2      main                   lower  0.09 s  compile  0.27 s
  |   2,410,2      main_hoisted           lower  0.09 s  compile  0.29 s
  |   2,410,2      gemm_linv              lower  0.09 s  compile  0.30 s
  |   2,410,2      gemm_cinv              lower  0.09 s  compile  0.26 s
  |   2,410,2      gs_pr@pow2             lower  0.13 s  compile  0.34 s
  |   2,410,2      gs_pr@fast             lower  0.13 s  compile  0.32 s
  |   2,410,2      gs_pr_ascoded@pow2     lower  0.14 s  compile  0.34 s
  |   2,410,2      gs_pr_ascoded@fast     lower  0.13 s  compile  0.34 s
  |   2,410,2      gs_full@pow2           lower  0.12 s  compile  0.32 s
  |   2,410,2      gs_full@fast           lower  0.12 s  compile  0.34 s
  |   2,410,2      gs_half@pow2           lower  0.11 s  compile  0.34 s
  |   2,410,2      gs_half@fast           lower  0.11 s  compile  0.31 s
  |   2,410,2      floor                  lower  0.06 s  compile  0.21 s
  |   2,1024,2     main                   lower  0.09 s  compile  0.27 s
  |   2,1024,2     main_hoisted           lower  0.10 s  compile  0.27 s
  |   2,1024,2     gemm_linv              lower  0.09 s  compile  0.27 s
  |   2,1024,2     gemm_cinv              lower  0.09 s  compile  0.26 s
  |   2,1024,2     gs_pr@pow2             lower  0.13 s  compile  0.33 s
  |   2,1024,2     gs_pr@fast             lower  0.13 s  compile  0.32 s
  |   2,1024,2     gs_pr_ascoded@pow2     lower  0.14 s  compile  0.34 s
  |   2,1024,2     gs_pr_ascoded@fast     lower  0.13 s  compile  0.32 s
  |   2,1024,2     gs_full@pow2           lower  0.12 s  compile  0.29 s
  |   2,1024,2     gs_full@fast           lower  0.12 s  compile  0.32 s
  |   2,1024,2     gs_half@pow2           lower  0.11 s  compile  0.29 s
  |   2,1024,2     gs_half@fast           lower  0.11 s  compile  0.29 s
  |   2,1024,2     floor                  lower  0.07 s  compile  0.21 s
  |   2,2048,4     main                   lower  0.09 s  compile  0.27 s
  |   2,2048,4     main_hoisted           lower  0.09 s  compile  0.28 s
  |   2,2048,4     gemm_linv              lower  0.09 s  compile  0.28 s
  |   2,2048,4     gemm_cinv              lower  0.09 s  compile  0.28 s
  |   2,2048,4     gs_pr@pow2             lower  0.13 s  compile  0.32 s
  |   2,2048,4     gs_pr@fast             lower  0.13 s  compile  0.36 s
  |   2,2048,4     gs_pr_ascoded@pow2     lower  0.13 s  compile  0.38 s
  |   2,2048,4     gs_pr_ascoded@fast     lower  0.13 s  compile  0.34 s
  |   2,2048,4     gs_full@pow2           lower  0.12 s  compile  0.36 s
  |   2,2048,4     gs_full@fast           lower  0.12 s  compile  0.34 s
  |   2,2048,4     gs_half@pow2           lower  0.13 s  compile  0.31 s
  |   2,2048,4     gs_half@fast           lower  0.11 s  compile  0.34 s
  |   2,2048,4     floor                  lower  0.07 s  compile  0.22 s
  |   3,1024,8     main                   lower  0.10 s  compile  0.32 s
  |   3,1024,8     main_hoisted           lower  0.10 s  compile  0.31 s
  |   3,1024,8     gemm_linv              lower  0.10 s  compile  0.32 s
  |   3,1024,8     gemm_cinv              lower  0.10 s  compile  0.28 s
  |   3,1024,8     gs_pr@pow2             lower  0.16 s  compile  0.37 s
  |   3,1024,8     gs_pr@fast             lower  0.15 s  compile  0.34 s
  |   3,1024,8     gs_pr_ascoded@pow2     lower  0.16 s  compile  0.38 s
  |   3,1024,8     gs_pr_ascoded@fast     lower  0.15 s  compile  0.39 s
  |   3,1024,8     gs_full@pow2           lower  0.14 s  compile  0.34 s
  |   3,1024,8     gs_full@fast           lower  0.13 s  compile  0.37 s
  |   3,1024,8     gs_half@pow2           lower  0.12 s  compile  0.34 s
  |   3,1024,8     gs_half@fast           lower  0.12 s  compile  0.34 s
  |   3,1024,8     floor                  lower  0.07 s  compile  0.23 s
  | 
  | === LEG cpu_f64_omp1 DONE in 1336.2 s -> /mnt/home/misi/src/ringdown/benchmarks/gs/results/local.cpu_f64_omp1.json ===
  |   (leg wall 1339.8 s, exit 0)

------------------------------------------------------------------------------
=== LEG: cpu_f64_prod ===
  $ /mnt/home/misi/src/ringdown/.venv/bin/python /mnt/home/misi/src/ringdown/benchmarks/gs/bench_gs.py --no-sub --out /mnt/home/misi/src/ringdown/benchmarks/gs/results/local.cpu_f64_prod.json --parent-pid 2744913 --platform cpu --x64 1 --omp 1 --leg cpu_f64_prod --sections env,devtime,compile --inputs /mnt/home/misi/src/ringdown/benchmarks/gs/inputs --ref /mnt/home/misi/src/ringdown/benchmarks/gs/results/local.ref.npz --nfft both --timing-families aligo02,expcos --nuts-variants main,main_hoisted,gs_half,gemm_linv --nuts-n 300 --nuts-seeds 0,1 --cpu-omp 8 --gs-coeffs pr --spectra-from f64 --ref-logdet cholesky --tag local-a6000-run2
  | 
  | === ENVIRONMENT [leg cpu_f64_prod] ===
  |   hostname             ccalin016.flatironinstitute.org
  |   jax_backend          cpu
  |   jax_devices          ['cpu:0']
  |   jax_device_kinds     ['cpu']
  |   jax_enable_x64       True
  |   jax_default_matmul_precision None
  |   dtype                float64
  |   fft_backend_hint     ducc
  |   cpu_model            Intel(R) Xeon(R) Gold 6244 CPU @ 3.60GHz
  |   cpu_affinity_count   32
  |   nvidia_smi           NVIDIA RTX A6000, 595.91.07, 49140 MiB, 8.6, 2100 MHz
  |   configs              [[2, 205, 2], [2, 410, 2], [2, 1024, 2], [2, 2048, 4], [3, 1024, 8]]
  |   families             ['aligo02', 'aligo2', 'aligo20', 'expcos', 'white', 'gw150914']
  |   threads              {'OMP_NUM_THREADS': '1', 'MKL_NUM_THREADS': '1', 'OPENBLAS_NUM_THREADS': '1', 'NPROC': None, 'XLA_FLAGS': None, 'JAX_PLATFORMS': 'cpu'}
  |   xla_cpu_pool         32
  |   matmul               true float32/float64 dots
  |   policies             gs_coeffs=pr spectra_from=f64 logdetC_source=longdouble
  |   ringdown             /mnt/home/misi/src/ringdown (v1.1.0-42-g0246591)
  | 
  | === PER-GRADIENT DEVICE TIME (us/grad) [leg cpu_f64_prod] ===
  |     slope method over two fori_loop counts, medians of 5; per-cell budget 25 s; constants are jit ARGUMENTS
  |     threads: {'OMP_NUM_THREADS': '1', 'NPROC': None, 'xla_cpu_pool_threads': 32}
  |   --- (n_det=2, N=205, n_modes=2) k=8  family aligo02  cond=5.7e+09 ---
  |     main                        397.1 us [373..415]    1.00x main  R=[151, 453] rep=5  trsm=10 potrf=1 trsm_big=6 dot=13  hoisted:{'trsm': {'grad': 10, 'loop_body': 8}, 'trsm_big': {'grad': 6, 'loop_body': 4}}
  |     main_hoisted                394.1 us [378..400]    1.01x main  R=[105, 315] rep=5  trsm=8 potrf=1 trsm_big=4 dot=13
  |     gemm_linv                   347.6 us [335..356]    1.14x main  R=[279, 837] rep=5  trsm=4 potrf=1 dot=17
  |     gemm_cinv                   332.5 us [325..336]    1.19x main  R=[310, 930] rep=5  trsm=4 potrf=1 dot=17
  |     gs_pr@pow2                  568.0 us [564..574]    0.70x main  R=[73, 219] rep=5  trsm=4 potrf=1 dot=13 fft=30
  |     gs_pr@fast                  509.0 us [502..521]    0.78x main  R=[218, 654] rep=5  trsm=4 potrf=1 dot=13 fft=30
  |     gs_pr_ascoded@pow2          573.8 us [567..580]    0.69x main  R=[80, 240] rep=5  trsm=4 potrf=1 dot=13 fft=34  hoisted:{'fft': {'grad': 34, 'loop_body': 30}}
  |     gs_pr_ascoded@fast          504.9 us [500..508]    0.79x main  R=[75, 225] rep=5  trsm=4 potrf=1 dot=13 fft=34  hoisted:{'fft': {'grad': 34, 'loop_body': 30}}
  |     gs_full@pow2                512.9 us [503..517]    0.77x main  R=[126, 378] rep=5  trsm=4 potrf=1 dot=13 fft=16
  |     gs_full@fast                444.5 us [441..447]    0.89x main  R=[132, 396] rep=5  trsm=4 potrf=1 dot=13 fft=16
  |     gs_half@pow2                329.9 us [327..331]    1.20x main  R=[174, 522] rep=5  trsm=4 potrf=1 dot=19 fft=8
  |     gs_half@fast                299.2 us [297..300]    1.33x main  R=[171, 513] rep=5  trsm=4 potrf=1 dot=19 fft=8
  |     floor                        60.7 us [60..61]    6.54x main  R=[400, 1200] rep=5  dot=4
  |   --- (n_det=2, N=205, n_modes=2) k=8  family expcos  cond=7.3e+02 ---
  |     main                        407.1 us [376..422]    1.00x main  R=[153, 459] rep=5  
  |     main_hoisted                401.5 us [395..403]    1.01x main  R=[128, 384] rep=5  
  |     gemm_linv                   350.7 us [290..355]    1.16x main  R=[138, 414] rep=5  
  |     gemm_cinv                   337.5 us [335..340]    1.21x main  R=[291, 873] rep=5  
  |     gs_pr@pow2                  576.9 us [567..580]    0.71x main  R=[73, 219] rep=5  
  |     gs_pr@fast                  505.4 us [497..508]    0.81x main  R=[83, 249] rep=5  
  |     gs_pr_ascoded@pow2          565.4 us [562..569]    0.72x main  R=[77, 231] rep=5  
  |     gs_pr_ascoded@fast          501.1 us [490..504]    0.81x main  R=[77, 231] rep=5  
  |     gs_full@pow2                507.3 us [506..510]    0.80x main  R=[108, 324] rep=5  
  |     gs_full@fast                442.6 us [439..447]    0.92x main  R=[90, 270] rep=5  
  |     gs_half@pow2                322.9 us [320..328]    1.26x main  R=[138, 414] rep=5  
  |     gs_half@fast                290.4 us [289..291]    1.40x main  R=[132, 396] rep=5  
  |     floor                        60.0 us [59..60]    6.79x main  R=[400, 1200] rep=5  
  |   --- (n_det=2, N=410, n_modes=2) k=8  family aligo02  cond=1.1e+10 ---
  |     main                       1111.1 us [966..1387]    1.00x main  R=[50, 150] rep=5  trsm=10 potrf=1 trsm_big=6 dot=13  hoisted:{'trsm': {'grad': 10, 'loop_body': 8}, 'trsm_big': {'grad': 6, 'loop_body': 4}}
  |     main_hoisted               1161.7 us [1083..1475]    0.96x main  R=[47, 141] rep=5  trsm=8 potrf=1 trsm_big=4 dot=13
  |     gemm_linv                  2136.1 us [2057..2233]    0.52x main  R=[70, 210] rep=5  trsm=4 potrf=1 dot=17
  |     gemm_cinv                  1900.3 us [1815..2091]    0.58x main  R=[80, 240] rep=5  trsm=4 potrf=1 dot=17
  |     gs_pr@pow2                 1283.3 us [1268..1294]    0.87x main  R=[47, 141] rep=5  trsm=4 potrf=1 dot=13 fft=30
  |     gs_pr@fast                 1090.0 us [1083..1096]    1.02x main  R=[57, 171] rep=5  trsm=4 potrf=1 dot=13 fft=30
  |     gs_pr_ascoded@pow2         1284.9 us [1269..1297]    0.86x main  R=[38, 114] rep=5  trsm=4 potrf=1 dot=13 fft=34  hoisted:{'fft': {'grad': 34, 'loop_body': 30}}
  |     gs_pr_ascoded@fast         1059.6 us [1055..1063]    1.05x main  R=[40, 120] rep=5  trsm=4 potrf=1 dot=13 fft=34  hoisted:{'fft': {'grad': 34, 'loop_body': 30}}
  |     gs_full@pow2               1173.7 us [1165..1194]    0.95x main  R=[46, 138] rep=5  trsm=4 potrf=1 dot=13 fft=16
  |     gs_full@fast                986.3 us [975..992]    1.13x main  R=[51, 153] rep=5  trsm=4 potrf=1 dot=13 fft=16
  |     gs_half@pow2                713.4 us [712..717]    1.56x main  R=[91, 273] rep=5  trsm=4 potrf=1 dot=19 fft=8
  |     gs_half@fast                641.8 us [640..645]    1.73x main  R=[90, 270] rep=5  trsm=4 potrf=1 dot=19 fft=8
  |     floor                       129.9 us [125..131]    8.56x main  R=[298, 894] rep=5  dot=4
  |   --- (n_det=2, N=410, n_modes=2) k=8  family expcos  cond=7.7e+02 ---
  |     main                       1156.2 us [985..1378]    1.00x main  R=[73, 219] rep=5  
  |     main_hoisted               1092.6 us [1086..1100]    1.06x main  R=[47, 141] rep=5  
  |     gemm_linv                  2338.4 us [2234..2482]    0.49x main  R=[79, 237] rep=5  
  |     gemm_cinv                  2066.6 us [1942..2089]    0.56x main  R=[82, 246] rep=5  
  |     gs_pr@pow2                 1256.9 us [1247..1263]    0.92x main  R=[63, 189] rep=5  
  |     gs_pr@fast                 1093.5 us [1077..1098]    1.06x main  R=[50, 150] rep=5  
  |     gs_pr_ascoded@pow2         1264.0 us [1249..1271]    0.91x main  R=[43, 129] rep=5  
  |     gs_pr_ascoded@fast         1079.7 us [1071..1095]    1.07x main  R=[52, 156] rep=5  
  |     gs_full@pow2               1151.6 us [1146..1158]    1.00x main  R=[79, 237] rep=5  
  |     gs_full@fast                982.0 us [975..986]    1.18x main  R=[62, 186] rep=5  
  |     gs_half@pow2                671.2 us [595..722]    1.72x main  R=[88, 264] rep=5  
  |     gs_half@fast                639.4 us [637..675]    1.81x main  R=[92, 276] rep=5  
  |     floor                       129.6 us [127..131]    8.92x main  R=[296, 888] rep=5  
  |   --- (n_det=2, N=1024, n_modes=2) k=8  family aligo02  cond=2.8e+10 ---
  |     main                      10540.5 us [10185..11545]    1.00x main  R=[9, 27] rep=5  trsm=10 potrf=1 trsm_big=6 dot=13  hoisted:{'trsm': {'grad': 10, 'loop_body': 8}, 'trsm_big': {'grad': 6, 'loop_body': 4}}
  |     main_hoisted              12221.3 us [10661..12921]    0.86x main  R=[8, 24] rep=5  trsm=8 potrf=1 trsm_big=4 dot=13
  |     gemm_linv                  6203.1 us [6093..6269]    1.70x main  R=[21, 63] rep=5  trsm=4 potrf=1 dot=17
  |     gemm_cinv                  5949.3 us [5689..6293]    1.77x main  R=[24, 72] rep=5  trsm=4 potrf=1 dot=17
  |     gs_pr@pow2                 2720.9 us [2647..2825]    3.87x main  R=[43, 129] rep=5  trsm=4 potrf=1 dot=13 fft=30
  |     gs_pr@fast                 2824.4 us [2697..2835]    3.73x main  R=[51, 153] rep=5  trsm=4 potrf=1 dot=13 fft=30
  |     gs_pr_ascoded@pow2         2809.9 us [2760..2995]    3.75x main  R=[19, 57] rep=5  trsm=4 potrf=1 dot=13 fft=34  hoisted:{'fft': {'grad': 34, 'loop_body': 30}}
  |     gs_pr_ascoded@fast         2766.9 us [2697..2803]    3.81x main  R=[29, 87] rep=5  trsm=4 potrf=1 dot=13 fft=34  hoisted:{'fft': {'grad': 34, 'loop_body': 30}}
  |     gs_full@pow2               7446.3 us [7310..7714]    1.42x main  R=[19, 57] rep=5  trsm=4 potrf=1 dot=13 fft=16
  |     gs_full@fast               7523.4 us [7218..7597]    1.40x main  R=[19, 57] rep=5  trsm=4 potrf=1 dot=13 fft=16
  |     gs_half@pow2               4940.8 us [4869..4975]    2.13x main  R=[28, 84] rep=5  trsm=4 potrf=1 dot=19 fft=8
  |     gs_half@fast               4976.8 us [4894..5042]    2.12x main  R=[31, 93] rep=5  trsm=4 potrf=1 dot=19 fft=8
  |     floor                       263.9 us [261..266]   39.94x main  R=[190, 570] rep=5  dot=4
  |   --- (n_det=2, N=1024, n_modes=2) k=8  family expcos  cond=7.8e+02 ---
  |     main                      10425.5 us [9527..11435]    1.00x main  R=[10, 30] rep=5  
  |     main_hoisted              10775.4 us [10145..11497]    0.97x main  R=[11, 33] rep=5  
  |     gemm_linv                  6261.4 us [6173..6319]    1.67x main  R=[21, 63] rep=5  
  |     gemm_cinv                  5980.4 us [5742..6222]    1.74x main  R=[25, 75] rep=5  
  |     gs_pr@pow2                 2892.5 us [2716..2924]    3.60x main  R=[46, 138] rep=5  
  |     gs_pr@fast                 2872.8 us [2773..2979]    3.63x main  R=[45, 135] rep=5  
  |     gs_pr_ascoded@pow2         2741.0 us [2718..3292]    3.80x main  R=[18, 54] rep=5  
  |     gs_pr_ascoded@fast         2743.9 us [2710..2757]    3.80x main  R=[22, 66] rep=5  
  |     gs_full@pow2               7447.4 us [7225..7578]    1.40x main  R=[26, 78] rep=5  
  |     gs_full@fast               7384.9 us [7245..7708]    1.41x main  R=[19, 57] rep=5  
  |     gs_half@pow2               4876.3 us [4851..4944]    2.14x main  R=[35, 105] rep=5  
  |     gs_half@fast               4958.7 us [4926..4998]    2.10x main  R=[29, 87] rep=5  
  |     floor                       265.1 us [257..289]   39.33x main  R=[162, 486] rep=5  
  |   --- (n_det=2, N=2048, n_modes=4) k=16  family aligo02  cond=5.6e+10 ---
  |     main                      88273.1 us [78884..97191]    1.00x main  R=[8, 24] rep=5  trsm=10 potrf=1 trsm_big=6 dot=13  hoisted:{'trsm': {'grad': 10, 'loop_body': 8}, 'trsm_big': {'grad': 6, 'loop_body': 4}}
  |     main_hoisted              95830.1 us [85541..105374]    0.92x main  R=[8, 24] rep=5  trsm=8 potrf=1 trsm_big=4 dot=13
  |     gemm_linv                 22477.6 us [21393..26793]    3.93x main  R=[8, 24] rep=5  trsm=4 potrf=1 dot=17
  |     gemm_cinv                 23305.8 us [20335..27076]    3.79x main  R=[8, 24] rep=5  trsm=4 potrf=1 dot=17
  |     gs_pr@pow2                15414.9 us [15164..15910]    5.73x main  R=[9, 27] rep=5  trsm=4 potrf=1 dot=13 fft=30
  |     gs_pr@fast                15251.1 us [14626..15501]    5.79x main  R=[9, 27] rep=5  trsm=4 potrf=1 dot=13 fft=30
  |     gs_pr_ascoded@pow2        15285.9 us [15089..15807]    5.77x main  R=[10, 30] rep=5  trsm=4 potrf=1 dot=13 fft=34  hoisted:{'fft': {'grad': 34, 'loop_body': 30}}
  |     gs_pr_ascoded@fast        15417.9 us [14784..15724]    5.73x main  R=[10, 30] rep=5  trsm=4 potrf=1 dot=13 fft=34  hoisted:{'fft': {'grad': 34, 'loop_body': 30}}
  |     gs_full@pow2              14311.7 us [14097..14658]    6.17x main  R=[11, 33] rep=5  trsm=4 potrf=1 dot=13 fft=16
  |     gs_full@fast              14368.5 us [13809..14770]    6.14x main  R=[11, 33] rep=5  trsm=4 potrf=1 dot=13 fft=16
  |     gs_half@pow2              12008.9 us [11604..12318]    7.35x main  R=[13, 39] rep=5  trsm=4 potrf=1 dot=19 fft=8
  |     gs_half@fast              12136.0 us [11795..12327]    7.27x main  R=[13, 39] rep=5  trsm=4 potrf=1 dot=19 fft=8
  |     floor                      1200.0 us [1002..1347]   73.56x main  R=[48, 144] rep=5  dot=4
  |   --- (n_det=2, N=2048, n_modes=4) k=16  family expcos  cond=7.8e+02 ---
  |     main                      83287.2 us [72225..89062]    1.00x main  R=[8, 24] rep=5  
  |     main_hoisted              93142.1 us [83902..98090]    0.89x main  R=[8, 24] rep=4  
  |     gemm_linv                 23262.4 us [21424..25506]    3.58x main  R=[8, 24] rep=5  
  |     gemm_cinv                 22089.4 us [20813..23482]    3.77x main  R=[8, 24] rep=5  
  |     gs_pr@pow2                15494.8 us [15359..15746]    5.38x main  R=[8, 24] rep=5  
  |     gs_pr@fast                15525.3 us [15059..15643]    5.36x main  R=[10, 30] rep=5  
  |     gs_pr_ascoded@pow2        15359.7 us [14500..15557]    5.42x main  R=[10, 30] rep=5  
  |     gs_pr_ascoded@fast        15407.9 us [15188..15839]    5.41x main  R=[11, 33] rep=5  
  |     gs_full@pow2              14449.3 us [13748..14801]    5.76x main  R=[11, 33] rep=5  
  |     gs_full@fast              14481.3 us [14182..14683]    5.75x main  R=[11, 33] rep=5  
  |     gs_half@pow2              11867.8 us [10576..12536]    7.02x main  R=[13, 39] rep=5  
  |     gs_half@fast              12245.1 us [12028..12702]    6.80x main  R=[13, 39] rep=5  
  |     floor                      1225.6 us [1115..1369]   67.95x main  R=[62, 186] rep=5  
  |   --- (n_det=3, N=1024, n_modes=8) k=32  family aligo02  cond=2.8e+10 ---
  |     main                      29049.2 us [24775..31030]    1.00x main  R=[8, 24] rep=5  trsm=13 potrf=1 trsm_big=9 dot=17  hoisted:{'trsm': {'grad': 13, 'loop_body': 10}, 'trsm_big': {'grad': 9, 'loop_body': 6}}
  |     main_hoisted              29086.8 us [27524..30995]    1.00x main  R=[8, 24] rep=5  trsm=10 potrf=1 trsm_big=6 dot=17
  |     gemm_linv                 17766.4 us [17569..18105]    1.64x main  R=[8, 24] rep=5  trsm=4 potrf=1 dot=23
  |     gemm_cinv                 17736.6 us [17334..18060]    1.64x main  R=[8, 24] rep=5  trsm=4 potrf=1 dot=23
  |     gs_pr@pow2                19694.0 us [19038..20388]    1.48x main  R=[8, 24] rep=5  trsm=4 potrf=1 dot=17 fft=45
  |     gs_pr@fast                19515.4 us [19029..20474]    1.49x main  R=[8, 24] rep=5  trsm=4 potrf=1 dot=17 fft=45
  |     gs_pr_ascoded@pow2        19480.2 us [19171..20000]    1.49x main  R=[8, 24] rep=5  trsm=4 potrf=1 dot=17 fft=51  hoisted:{'fft': {'grad': 51, 'loop_body': 45}}
  |     gs_pr_ascoded@fast        19608.5 us [19244..20037]    1.48x main  R=[8, 24] rep=5  trsm=4 potrf=1 dot=17 fft=51  hoisted:{'fft': {'grad': 51, 'loop_body': 45}}
  |     gs_full@pow2              17594.8 us [17377..17823]    1.65x main  R=[8, 24] rep=5  trsm=4 potrf=1 dot=17 fft=24
  |     gs_full@fast              17648.5 us [17412..18027]    1.65x main  R=[8, 24] rep=5  trsm=4 potrf=1 dot=17 fft=24
  |     gs_half@pow2              15103.0 us [14695..15657]    1.92x main  R=[10, 30] rep=5  trsm=4 potrf=1 dot=26 fft=12
  |     gs_half@fast              14982.9 us [14775..15194]    1.94x main  R=[9, 27] rep=5  trsm=4 potrf=1 dot=26 fft=12
  |     floor                      6134.8 us [5978..6186]    4.74x main  R=[29, 87] rep=5  dot=4
  |   --- (n_det=3, N=1024, n_modes=8) k=32  family expcos  cond=7.8e+02 ---
  |     main                      27783.0 us [24515..30305]    1.00x main  R=[8, 24] rep=5  
  |     main_hoisted              28119.2 us [26239..30224]    0.99x main  R=[8, 24] rep=5  
  |     gemm_linv                 17392.3 us [17099..17951]    1.60x main  R=[8, 24] rep=5  
  |     gemm_cinv                 18006.3 us [17474..18344]    1.54x main  R=[8, 24] rep=5  
  |     gs_pr@pow2                19419.2 us [19153..19930]    1.43x main  R=[8, 24] rep=5  
  |     gs_pr@fast                19550.1 us [19231..19791]    1.42x main  R=[8, 24] rep=5  
  |     gs_pr_ascoded@pow2        19452.8 us [19149..20016]    1.43x main  R=[8, 24] rep=5  
  |     gs_pr_ascoded@fast        19430.5 us [19260..19788]    1.43x main  R=[8, 24] rep=5  
  |     gs_full@pow2              17559.8 us [17243..17731]    1.58x main  R=[8, 24] rep=5  
  |     gs_full@fast              17765.0 us [17484..17912]    1.56x main  R=[8, 24] rep=5  
  |     gs_half@pow2              15101.9 us [14778..15384]    1.84x main  R=[9, 27] rep=5  
  |     gs_half@fast              15159.8 us [14905..15520]    1.83x main  R=[9, 27] rep=5  
  |     floor                      5983.1 us [5927..6186]    4.64x main  R=[33, 99] rep=5  
  | 
  | === COMPILE TIME of jit(grad) [leg cpu_f64_prod] ===
  |   2,205,2      main                   lower  0.09 s  compile  0.28 s
  |   2,205,2      main_hoisted           lower  0.08 s  compile  0.29 s
  |   2,205,2      gemm_linv              lower  0.09 s  compile  0.27 s
  |   2,205,2      gemm_cinv              lower  0.09 s  compile  0.27 s
  |   2,205,2      gs_pr@pow2             lower  0.13 s  compile  0.34 s
  |   2,205,2      gs_pr@fast             lower  0.13 s  compile  0.30 s
  |   2,205,2      gs_pr_ascoded@pow2     lower  0.13 s  compile  0.33 s
  |   2,205,2      gs_pr_ascoded@fast     lower  0.13 s  compile  0.32 s
  |   2,205,2      gs_full@pow2           lower  0.11 s  compile  0.33 s
  |   2,205,2      gs_full@fast           lower  0.30 s  compile  0.35 s
  |   2,205,2      gs_half@pow2           lower  0.11 s  compile  0.29 s
  |   2,205,2      gs_half@fast           lower  0.11 s  compile  0.29 s
  |   2,205,2      floor                  lower  0.06 s  compile  0.21 s
  |   2,410,2      main                   lower  0.09 s  compile  0.28 s
  |   2,410,2      main_hoisted           lower  0.09 s  compile  0.28 s
  |   2,410,2      gemm_linv              lower  0.09 s  compile  0.27 s
  |   2,410,2      gemm_cinv              lower  0.09 s  compile  0.30 s
  |   2,410,2      gs_pr@pow2             lower  0.13 s  compile  0.34 s
  |   2,410,2      gs_pr@fast             lower  0.13 s  compile  0.31 s
  |   2,410,2      gs_pr_ascoded@pow2     lower  0.13 s  compile  0.33 s
  |   2,410,2      gs_pr_ascoded@fast     lower  0.13 s  compile  0.34 s
  |   2,410,2      gs_full@pow2           lower  0.12 s  compile  0.31 s
  |   2,410,2      gs_full@fast           lower  0.12 s  compile  0.32 s
  |   2,410,2      gs_half@pow2           lower  0.11 s  compile  0.34 s
  |   2,410,2      gs_half@fast           lower  0.11 s  compile  0.33 s
  |   2,410,2      floor                  lower  0.06 s  compile  0.22 s
  |   2,1024,2     main                   lower  0.09 s  compile  0.28 s
  |   2,1024,2     main_hoisted           lower  0.09 s  compile  0.30 s
  |   2,1024,2     gemm_linv              lower  0.09 s  compile  0.26 s
  |   2,1024,2     gemm_cinv              lower  0.08 s  compile  0.27 s
  |   2,1024,2     gs_pr@pow2             lower  0.13 s  compile  0.36 s
  |   2,1024,2     gs_pr@fast             lower  0.13 s  compile  0.34 s
  |   2,1024,2     gs_pr_ascoded@pow2     lower  0.13 s  compile  0.33 s
  |   2,1024,2     gs_pr_ascoded@fast     lower  0.13 s  compile  0.30 s
  |   2,1024,2     gs_full@pow2           lower  0.12 s  compile  0.33 s
  |   2,1024,2     gs_full@fast           lower  0.12 s  compile  0.32 s
  |   2,1024,2     gs_half@pow2           lower  0.11 s  compile  0.31 s
  |   2,1024,2     gs_half@fast           lower  0.11 s  compile  0.29 s
  |   2,1024,2     floor                  lower  0.06 s  compile  0.24 s
  |   2,2048,4     main                   lower  0.09 s  compile  0.28 s
  |   2,2048,4     main_hoisted           lower  0.09 s  compile  0.26 s
  |   2,2048,4     gemm_linv              lower  0.09 s  compile  0.29 s
  |   2,2048,4     gemm_cinv              lower  0.09 s  compile  0.29 s
  |   2,2048,4     gs_pr@pow2             lower  0.13 s  compile  0.34 s
  |   2,2048,4     gs_pr@fast             lower  0.13 s  compile  0.38 s
  |   2,2048,4     gs_pr_ascoded@pow2     lower  0.13 s  compile  0.40 s
  |   2,2048,4     gs_pr_ascoded@fast     lower  0.13 s  compile  0.39 s
  |   2,2048,4     gs_full@pow2           lower  0.13 s  compile  0.35 s
  |   2,2048,4     gs_full@fast           lower  0.13 s  compile  0.36 s
  |   2,2048,4     gs_half@pow2           lower  0.12 s  compile  0.32 s
  |   2,2048,4     gs_half@fast           lower  0.12 s  compile  0.30 s
  |   2,2048,4     floor                  lower  0.07 s  compile  0.25 s
  |   3,1024,8     main                   lower  0.09 s  compile  0.30 s
  |   3,1024,8     main_hoisted           lower  0.09 s  compile  0.29 s
  |   3,1024,8     gemm_linv              lower  0.10 s  compile  0.30 s
  |   3,1024,8     gemm_cinv              lower  0.10 s  compile  0.30 s
  |   3,1024,8     gs_pr@pow2             lower  0.16 s  compile  0.41 s
  |   3,1024,8     gs_pr@fast             lower  0.15 s  compile  0.36 s
  |   3,1024,8     gs_pr_ascoded@pow2     lower  0.15 s  compile  0.37 s
  |   3,1024,8     gs_pr_ascoded@fast     lower  0.15 s  compile  0.39 s
  |   3,1024,8     gs_full@pow2           lower  0.13 s  compile  0.37 s
  |   3,1024,8     gs_full@fast           lower  0.13 s  compile  0.36 s
  |   3,1024,8     gs_half@pow2           lower  0.13 s  compile  0.35 s
  |   3,1024,8     gs_half@fast           lower  0.13 s  compile  0.39 s
  |   3,1024,8     floor                  lower  0.06 s  compile  0.20 s
  | 
  | === LEG cpu_f64_prod DONE in 670.0 s -> /mnt/home/misi/src/ringdown/benchmarks/gs/results/local.cpu_f64_prod.json ===
  |   (leg wall 670.9 s, exit 0)

------------------------------------------------------------------------------
=== LEG: cpu_f32_omp8 ===
  $ /mnt/home/misi/src/ringdown/.venv/bin/python /mnt/home/misi/src/ringdown/benchmarks/gs/bench_gs.py --no-sub --out /mnt/home/misi/src/ringdown/benchmarks/gs/results/local.cpu_f32_omp8.json --parent-pid 2744913 --platform cpu --x64 0 --omp 8 --xla-threads 8 --leg cpu_f32_omp8 --sections env,f32acc,devtime,compile --inputs /mnt/home/misi/src/ringdown/benchmarks/gs/inputs --ref /mnt/home/misi/src/ringdown/benchmarks/gs/results/local.ref.npz --nfft both --timing-families aligo02,expcos --nuts-variants main,main_hoisted,gs_half,gemm_linv --nuts-n 300 --nuts-seeds 0,1 --cpu-omp 8 --gs-coeffs pr --spectra-from f64 --ref-logdet cholesky --tag local-a6000-run2
  | 
  | === ENVIRONMENT [leg cpu_f32_omp8] ===
  |   hostname             ccalin016.flatironinstitute.org
  |   jax_backend          cpu
  |   jax_devices          ['cpu:0']
  |   jax_device_kinds     ['cpu']
  |   jax_enable_x64       False
  |   jax_default_matmul_precision None
  |   dtype                float32
  |   fft_backend_hint     ducc
  |   cpu_model            Intel(R) Xeon(R) Gold 6244 CPU @ 3.60GHz
  |   cpu_affinity_count   32
  |   nvidia_smi           NVIDIA RTX A6000, 595.91.07, 49140 MiB, 8.6, 2100 MHz
  |   configs              [[2, 205, 2], [2, 410, 2], [2, 1024, 2], [2, 2048, 4], [3, 1024, 8]]
  |   families             ['aligo02', 'aligo2', 'aligo20', 'expcos', 'white', 'gw150914']
  |   threads              {'OMP_NUM_THREADS': '8', 'MKL_NUM_THREADS': '8', 'OPENBLAS_NUM_THREADS': '8', 'NPROC': '8', 'XLA_FLAGS': None, 'JAX_PLATFORMS': 'cpu'}
  |   xla_cpu_pool         8
  |   matmul               true float32/float64 dots
  |   policies             gs_coeffs=pr spectra_from=f64 logdetC_source=longdouble
  |   ringdown             /mnt/home/misi/src/ringdown (v1.1.0-42-g0246591)
  | 
  | === PER-GRADIENT DEVICE TIME (us/grad) [leg cpu_f32_omp8] ===
  |     slope method over two fori_loop counts, medians of 5; per-cell budget 25 s; constants are jit ARGUMENTS
  |     threads: {'OMP_NUM_THREADS': '8', 'NPROC': '8', 'xla_cpu_pool_threads': 8}
  |   --- (n_det=2, N=205, n_modes=2) k=8  family aligo02  cond=5.7e+09 ---
  |     main                        318.6 us [294..362]    1.00x main  R=[290, 870] rep=5  trsm=10 potrf=1 trsm_big=6 dot=13  hoisted:{'trsm': {'grad': 10, 'loop_body': 8}, 'trsm_big': {'grad': 6, 'loop_body': 4}}
  |     main_hoisted                326.7 us [325..328]    0.98x main  R=[208, 624] rep=5  trsm=8 potrf=1 trsm_big=4 dot=13
  |     gemm_linv                   174.3 us [171..178]    1.83x main  R=[155, 465] rep=5  trsm=4 potrf=1 dot=17
  |     gemm_cinv                   168.3 us [167..168]    1.89x main  R=[335, 1005] rep=5  trsm=4 potrf=1 dot=17
  |     gs_pr@pow2                  403.3 us [394..412]    0.79x main  R=[260, 780] rep=5  trsm=4 potrf=1 dot=13 fft=30
  |     gs_pr@fast                  357.8 us [354..364]    0.89x main  R=[105, 315] rep=5  trsm=4 potrf=1 dot=13 fft=30
  |     gs_pr_ascoded@pow2          403.3 us [372..420]    0.79x main  R=[86, 258] rep=5  trsm=4 potrf=1 dot=13 fft=34  hoisted:{'fft': {'grad': 34, 'loop_body': 30}}
  |     gs_pr_ascoded@fast          361.9 us [349..399]    0.88x main  R=[92, 276] rep=5  trsm=4 potrf=1 dot=13 fft=34  hoisted:{'fft': {'grad': 34, 'loop_body': 30}}
  |     gs_full@pow2                341.1 us [305..354]    0.93x main  R=[106, 318] rep=5  trsm=4 potrf=1 dot=13 fft=16
  |     gs_full@fast                302.0 us [269..329]    1.06x main  R=[131, 393] rep=5  trsm=4 potrf=1 dot=13 fft=16
  |     gs_half@pow2                219.4 us [216..251]    1.45x main  R=[147, 441] rep=5  trsm=4 potrf=1 dot=19 fft=8
  |     gs_half@fast                200.5 us [195..206]    1.59x main  R=[161, 483] rep=5  trsm=4 potrf=1 dot=19 fft=8
  |     floor                        26.2 us [23..27]   12.14x main  R=[400, 1200] rep=5  dot=4
  |   --- (n_det=2, N=205, n_modes=2) k=8  family expcos  cond=7.3e+02 ---
  |     main                        320.9 us [320..324]    1.00x main  R=[217, 651] rep=5  
  |     main_hoisted                331.8 us [294..338]    0.97x main  R=[185, 555] rep=5  
  |     gemm_linv                   171.2 us [171..172]    1.87x main  R=[155, 465] rep=5  
  |     gemm_cinv                   166.1 us [165..167]    1.93x main  R=[152, 456] rep=5  
  |     gs_pr@pow2                  403.2 us [398..410]    0.80x main  R=[93, 279] rep=5  
  |     gs_pr@fast                  362.1 us [353..369]    0.89x main  R=[100, 300] rep=5  
  |     gs_pr_ascoded@pow2          404.5 us [395..408]    0.79x main  R=[98, 294] rep=5  
  |     gs_pr_ascoded@fast          362.0 us [355..365]    0.89x main  R=[91, 273] rep=5  
  |     gs_full@pow2                348.2 us [307..441]    0.92x main  R=[102, 306] rep=5  
  |     gs_full@fast                303.1 us [296..315]    1.06x main  R=[108, 324] rep=5  
  |     gs_half@pow2                219.3 us [215..228]    1.46x main  R=[150, 450] rep=5  
  |     gs_half@fast                202.6 us [199..215]    1.58x main  R=[247, 741] rep=5  
  |     floor                        27.0 us [27..27]   11.86x main  R=[400, 1200] rep=5  
  |   --- (n_det=2, N=410, n_modes=2) k=8  family aligo02  cond=1.1e+10 ---
  |     main                        839.8 us [744..1196]    1.00x main  R=[68, 204] rep=5  trsm=10 potrf=1 trsm_big=6 dot=13  hoisted:{'trsm': {'grad': 10, 'loop_body': 8}, 'trsm_big': {'grad': 6, 'loop_body': 4}}
  |     main_hoisted                915.4 us [880..1039]    0.92x main  R=[82, 246] rep=5  trsm=8 potrf=1 trsm_big=4 dot=13
  |     gemm_linv                  1360.8 us [1335..1395]    0.62x main  R=[125, 375] rep=5  trsm=4 potrf=1 dot=17
  |     gemm_cinv                  1252.2 us [1163..1405]    0.67x main  R=[127, 381] rep=5  trsm=4 potrf=1 dot=17
  |     gs_pr@pow2                  898.6 us [893..920]    0.93x main  R=[75, 225] rep=5  trsm=4 potrf=1 dot=13 fft=30
  |     gs_pr@fast                  742.8 us [738..753]    1.13x main  R=[65, 195] rep=5  trsm=4 potrf=1 dot=13 fft=30
  |     gs_pr_ascoded@pow2          896.9 us [891..900]    0.94x main  R=[55, 165] rep=5  trsm=4 potrf=1 dot=13 fft=34  hoisted:{'fft': {'grad': 34, 'loop_body': 30}}
  |     gs_pr_ascoded@fast          731.3 us [725..733]    1.15x main  R=[79, 237] rep=5  trsm=4 potrf=1 dot=13 fft=34  hoisted:{'fft': {'grad': 34, 'loop_body': 30}}
  |     gs_full@pow2                795.3 us [792..797]    1.06x main  R=[153, 459] rep=5  trsm=4 potrf=1 dot=13 fft=16
  |     gs_full@fast                646.4 us [642..650]    1.30x main  R=[65, 195] rep=5  trsm=4 potrf=1 dot=13 fft=16
  |     gs_half@pow2                470.6 us [463..480]    1.78x main  R=[131, 393] rep=5  trsm=4 potrf=1 dot=19 fft=8
  |     gs_half@fast                409.9 us [403..425]    2.05x main  R=[173, 519] rep=5  trsm=4 potrf=1 dot=19 fft=8
  |     floor                        54.9 us [54..56]   15.31x main  R=[400, 1200] rep=5  dot=4
  |   --- (n_det=2, N=410, n_modes=2) k=8  family expcos  cond=7.7e+02 ---
  |     main                        874.3 us [789..979]    1.00x main  R=[91, 273] rep=5  
  |     main_hoisted               1078.9 us [793..1184]    0.81x main  R=[72, 216] rep=5  
  |     gemm_linv                  1217.8 us [1202..1271]    0.72x main  R=[117, 351] rep=5  
  |     gemm_cinv                  1052.6 us [1014..1061]    0.83x main  R=[152, 456] rep=5  
  |     gs_pr@pow2                  904.3 us [893..911]    0.97x main  R=[74, 222] rep=5  
  |     gs_pr@fast                  739.4 us [738..755]    1.18x main  R=[63, 189] rep=5  
  |     gs_pr_ascoded@pow2          895.8 us [889..900]    0.98x main  R=[47, 141] rep=5  
  |     gs_pr_ascoded@fast          739.7 us [736..746]    1.18x main  R=[74, 222] rep=5  
  |     gs_full@pow2                788.4 us [787..793]    1.11x main  R=[62, 186] rep=5  
  |     gs_full@fast                641.8 us [641..646]    1.36x main  R=[72, 216] rep=5  
  |     gs_half@pow2                461.0 us [456..465]    1.90x main  R=[126, 378] rep=5  
  |     gs_half@fast                398.6 us [397..406]    2.19x main  R=[145, 435] rep=5  
  |     floor                        56.0 us [55..57]   15.62x main  R=[400, 1200] rep=5  
  |   --- (n_det=2, N=1024, n_modes=2) k=8  family aligo02  cond=2.8e+10 ---
  |     main                      12434.2 us [11530..13004]    1.00x main  R=[11, 33] rep=5  trsm=10 potrf=1 trsm_big=6 dot=13  hoisted:{'trsm': {'grad': 10, 'loop_body': 8}, 'trsm_big': {'grad': 6, 'loop_body': 4}}
  |     main_hoisted              10684.3 us [10017..11134]    1.16x main  R=[12, 36] rep=5  trsm=8 potrf=1 trsm_big=4 dot=13
  |     gemm_linv                  4587.2 us [4121..4826]    2.71x main  R=[33, 99] rep=5  trsm=4 potrf=1 dot=17
  |     gemm_cinv                  4041.7 us [3906..4163]    3.08x main  R=[35, 105] rep=5  trsm=4 potrf=1 dot=17
  |     gs_pr@pow2                 1987.0 us [1935..2166]    6.26x main  R=[55, 165] rep=5  trsm=4 potrf=1 dot=13 fft=30
  |     gs_pr@fast                 1950.9 us [1920..1970]    6.37x main  R=[52, 156] rep=5  trsm=4 potrf=1 dot=13 fft=30
  |     gs_pr_ascoded@pow2         1949.4 us [1881..1977]    6.38x main  R=[22, 66] rep=5  trsm=4 potrf=1 dot=13 fft=34  hoisted:{'fft': {'grad': 34, 'loop_body': 30}}
  |     gs_pr_ascoded@fast         1953.3 us [1891..2020]    6.37x main  R=[35, 105] rep=5  trsm=4 potrf=1 dot=13 fft=34  hoisted:{'fft': {'grad': 34, 'loop_body': 30}}
  |     gs_full@pow2               2213.1 us [2180..2402]    5.62x main  R=[54, 162] rep=5  trsm=4 potrf=1 dot=13 fft=16
  |     gs_full@fast               2361.8 us [2086..2439]    5.26x main  R=[48, 144] rep=5  trsm=4 potrf=1 dot=13 fft=16
  |     gs_half@pow2               1337.5 us [1269..1383]    9.30x main  R=[81, 243] rep=5  trsm=4 potrf=1 dot=19 fft=8
  |     gs_half@fast               1352.3 us [1319..1358]    9.19x main  R=[82, 246] rep=5  trsm=4 potrf=1 dot=19 fft=8
  |     floor                       147.7 us [146..151]   84.21x main  R=[358, 1074] rep=5  dot=4
  |   --- (n_det=2, N=1024, n_modes=2) k=8  family expcos  cond=7.8e+02 ---
  |     main                      10864.1 us [9951..11582]    1.00x main  R=[12, 36] rep=5  
  |     main_hoisted              13405.5 us [11446..13540]    0.81x main  R=[12, 36] rep=5  
  |     gemm_linv                  4631.4 us [4466..5394]    2.35x main  R=[32, 96] rep=5  
  |     gemm_cinv                  4341.4 us [4191..4460]    2.50x main  R=[32, 96] rep=5  
  |     gs_pr@pow2                 1933.7 us [1920..2248]    5.62x main  R=[33, 99] rep=5  
  |     gs_pr@fast                 1908.2 us [1893..1938]    5.69x main  R=[50, 150] rep=5  
  |     gs_pr_ascoded@pow2         1964.3 us [1950..2031]    5.53x main  R=[33, 99] rep=5  
  |     gs_pr_ascoded@fast         1915.8 us [1899..1969]    5.67x main  R=[27, 81] rep=5  
  |     gs_full@pow2               2195.2 us [2013..2547]    4.95x main  R=[49, 147] rep=5  
  |     gs_full@fast               2195.2 us [2110..2473]    4.95x main  R=[52, 156] rep=5  
  |     gs_half@pow2               1275.7 us [1271..1383]    8.52x main  R=[81, 243] rep=5  
  |     gs_half@fast               1299.8 us [1284..1373]    8.36x main  R=[95, 285] rep=5  
  |     floor                       146.2 us [144..148]   74.30x main  R=[313, 939] rep=5  
  |   --- (n_det=2, N=2048, n_modes=4) k=16  family aligo02  cond=5.6e+10 ---
  |     main                      76702.8 us [69883..86738]    1.00x main  R=[8, 24] rep=5  trsm=10 potrf=1 trsm_big=6 dot=13  hoisted:{'trsm': {'grad': 10, 'loop_body': 8}, 'trsm_big': {'grad': 6, 'loop_body': 4}}
  |     main_hoisted              65190.2 us [52878..69843]    1.18x main  R=[8, 24] rep=5  trsm=8 potrf=1 trsm_big=4 dot=13
  |     gemm_linv                 18629.9 us [17315..20000]    4.12x main  R=[8, 24] rep=5  trsm=4 potrf=1 dot=17
  |     gemm_cinv                 19130.1 us [18483..20828]    4.01x main  R=[8, 24] rep=5  trsm=4 potrf=1 dot=17
  |     gs_pr@pow2                13731.1 us [13380..14065]    5.59x main  R=[11, 33] rep=5  trsm=4 potrf=1 dot=13 fft=30
  |     gs_pr@fast                12723.3 us [12074..14222]    6.03x main  R=[11, 33] rep=5  trsm=4 potrf=1 dot=13 fft=30
  |     gs_pr_ascoded@pow2        13244.4 us [12959..13582]    5.79x main  R=[9, 27] rep=5  trsm=4 potrf=1 dot=13 fft=34  hoisted:{'fft': {'grad': 34, 'loop_body': 30}}
  |     gs_pr_ascoded@fast        11951.8 us [11418..13343]    6.42x main  R=[10, 30] rep=5  trsm=4 potrf=1 dot=13 fft=34  hoisted:{'fft': {'grad': 34, 'loop_body': 30}}
  |     gs_full@pow2              10952.2 us [10573..11587]    7.00x main  R=[14, 42] rep=5  trsm=4 potrf=1 dot=13 fft=16
  |     gs_full@fast              10840.1 us [10751..11037]    7.08x main  R=[14, 42] rep=5  trsm=4 potrf=1 dot=13 fft=16
  |     gs_half@pow2               8844.6 us [8656..9096]    8.67x main  R=[17, 51] rep=5  trsm=4 potrf=1 dot=19 fft=8
  |     gs_half@fast               8533.5 us [8091..9007]    8.99x main  R=[17, 51] rep=5  trsm=4 potrf=1 dot=19 fft=8
  |     floor                       640.6 us [634..653]  119.73x main  R=[103, 309] rep=5  dot=4
  |   --- (n_det=2, N=2048, n_modes=4) k=16  family expcos  cond=7.8e+02 ---
  |     main                      91816.4 us [90012..94669]    1.00x main  R=[8, 24] rep=5  
  |     main_hoisted              79673.0 us [78017..82630]    1.15x main  R=[8, 24] rep=5  
  |     gemm_linv                 19432.3 us [17107..21418]    4.72x main  R=[8, 24] rep=5  
  |     gemm_cinv                 18664.7 us [16458..21442]    4.92x main  R=[8, 24] rep=5  
  |     gs_pr@pow2                13009.6 us [12432..13592]    7.06x main  R=[11, 33] rep=5  
  |     gs_pr@fast                13610.2 us [13258..13726]    6.75x main  R=[11, 33] rep=5  
  |     gs_pr_ascoded@pow2        13489.2 us [13409..14556]    6.81x main  R=[11, 33] rep=5  
  |     gs_pr_ascoded@fast        13271.5 us [12784..13682]    6.92x main  R=[11, 33] rep=5  
  |     gs_full@pow2              10590.8 us [9367..11004]    8.67x main  R=[14, 42] rep=5  
  |     gs_full@fast              10821.9 us [10636..10980]    8.48x main  R=[15, 45] rep=5  
  |     gs_half@pow2               8997.3 us [8594..9141]   10.20x main  R=[18, 54] rep=5  
  |     gs_half@fast               9071.2 us [8803..9202]   10.12x main  R=[17, 51] rep=5  
  |     floor                       635.2 us [633..643]  144.55x main  R=[88, 264] rep=5  
  |   --- (n_det=3, N=1024, n_modes=8) k=32  family aligo02  cond=2.8e+10 ---
  |     main                      23697.8 us [23242..24285]    1.00x main  R=[8, 24] rep=5  trsm=13 potrf=1 trsm_big=9 dot=17  hoisted:{'trsm': {'grad': 13, 'loop_body': 10}, 'trsm_big': {'grad': 9, 'loop_body': 6}}
  |     main_hoisted              26471.2 us [24499..27881]    0.90x main  R=[8, 24] rep=5  trsm=10 potrf=1 trsm_big=6 dot=17
  |     gemm_linv                  8457.7 us [7947..8870]    2.80x main  R=[13, 39] rep=5  trsm=4 potrf=1 dot=23
  |     gemm_cinv                  9501.0 us [9264..10349]    2.49x main  R=[17, 51] rep=5  trsm=4 potrf=1 dot=23
  |     gs_pr@pow2                13859.6 us [13470..14953]    1.71x main  R=[11, 33] rep=5  trsm=4 potrf=1 dot=17 fft=45
  |     gs_pr@fast                15077.7 us [12870..15830]    1.57x main  R=[11, 33] rep=5  trsm=4 potrf=1 dot=17 fft=45
  |     gs_pr_ascoded@pow2        12862.5 us [11500..15382]    1.84x main  R=[9, 27] rep=5  trsm=4 potrf=1 dot=17 fft=51  hoisted:{'fft': {'grad': 51, 'loop_body': 45}}
  |     gs_pr_ascoded@fast        15563.7 us [12911..17551]    1.52x main  R=[10, 30] rep=5  trsm=4 potrf=1 dot=17 fft=51  hoisted:{'fft': {'grad': 51, 'loop_body': 45}}
  |     gs_full@pow2              11000.9 us [9317..11799]    2.15x main  R=[11, 33] rep=5  trsm=4 potrf=1 dot=17 fft=24
  |     gs_full@fast              14152.7 us [12635..15222]    1.67x main  R=[11, 33] rep=5  trsm=4 potrf=1 dot=17 fft=24
  |     gs_half@pow2              11654.4 us [11008..12655]    2.03x main  R=[12, 36] rep=5  trsm=4 potrf=1 dot=26 fft=12
  |     gs_half@fast              12454.6 us [12108..12756]    1.90x main  R=[12, 36] rep=5  trsm=4 potrf=1 dot=26 fft=12
  |     floor                       959.8 us [955..963]   24.69x main  R=[67, 201] rep=5  dot=4
  |   --- (n_det=3, N=1024, n_modes=8) k=32  family expcos  cond=7.8e+02 ---
  |     main                      25914.6 us [24686..26976]    1.00x main  R=[8, 24] rep=5  
  |     main_hoisted              25625.8 us [25043..26526]    1.01x main  R=[8, 24] rep=5  
  |     gemm_linv                 10980.0 us [9432..12180]    2.36x main  R=[15, 45] rep=5  
  |     gemm_cinv                 11314.0 us [10116..11631]    2.29x main  R=[12, 36] rep=5  
  |     gs_pr@pow2                16547.6 us [14899..17082]    1.57x main  R=[9, 27] rep=5  
  |     gs_pr@fast                15893.7 us [15060..17363]    1.63x main  R=[9, 27] rep=5  
  |     gs_pr_ascoded@pow2        15105.5 us [14590..17214]    1.72x main  R=[11, 33] rep=5  
  |     gs_pr_ascoded@fast        15833.3 us [14664..16576]    1.64x main  R=[10, 30] rep=5  
  |     gs_full@pow2              13338.4 us [12738..14457]    1.94x main  R=[10, 30] rep=5  
  |     gs_full@fast              13696.4 us [13267..14732]    1.89x main  R=[10, 30] rep=5  
  |     gs_half@pow2              11108.7 us [10316..11965]    2.33x main  R=[11, 33] rep=5  
  |     gs_half@fast              11596.6 us [11354..12000]    2.23x main  R=[13, 39] rep=5  
  |     floor                      1043.5 us [944..1136]   24.83x main  R=[57, 171] rep=5  
  | 
  | === COMPILE TIME of jit(grad) [leg cpu_f32_omp8] ===
  |   2,205,2      main                   lower  0.10 s  compile  0.31 s
  |   2,205,2      main_hoisted           lower  0.09 s  compile  0.29 s
  |   2,205,2      gemm_linv              lower  0.09 s  compile  0.30 s
  |   2,205,2      gemm_cinv              lower  0.09 s  compile  0.29 s
  |   2,205,2      gs_pr@pow2             lower  0.13 s  compile  0.34 s
  |   2,205,2      gs_pr@fast             lower  0.13 s  compile  0.35 s
  |   2,205,2      gs_pr_ascoded@pow2     lower  0.14 s  compile  0.36 s
  |   2,205,2      gs_pr_ascoded@fast     lower  0.13 s  compile  0.36 s
  |   2,205,2      gs_full@pow2           lower  0.43 s  compile  0.32 s
  |   2,205,2      gs_full@fast           lower  0.12 s  compile  0.31 s
  |   2,205,2      gs_half@pow2           lower  0.12 s  compile  0.33 s
  |   2,205,2      gs_half@fast           lower  0.12 s  compile  0.34 s
  |   2,205,2      floor                  lower  0.07 s  compile  0.21 s
  |   2,410,2      main                   lower  0.09 s  compile  0.29 s
  |   2,410,2      main_hoisted           lower  0.09 s  compile  0.27 s
  |   2,410,2      gemm_linv              lower  0.09 s  compile  0.29 s
  |   2,410,2      gemm_cinv              lower  0.09 s  compile  0.31 s
  |   2,410,2      gs_pr@pow2             lower  0.13 s  compile  0.33 s
  |   2,410,2      gs_pr@fast             lower  0.13 s  compile  0.31 s
  |   2,410,2      gs_pr_ascoded@pow2     lower  0.14 s  compile  0.36 s
  |   2,410,2      gs_pr_ascoded@fast     lower  0.14 s  compile  0.37 s
  |   2,410,2      gs_full@pow2           lower  0.12 s  compile  0.32 s
  |   2,410,2      gs_full@fast           lower  0.13 s  compile  0.33 s
  |   2,410,2      gs_half@pow2           lower  0.11 s  compile  0.32 s
  |   2,410,2      gs_half@fast           lower  0.12 s  compile  0.31 s
  |   2,410,2      floor                  lower  0.07 s  compile  0.19 s
  |   2,1024,2     main                   lower  0.09 s  compile  0.26 s
  |   2,1024,2     main_hoisted           lower  0.09 s  compile  0.27 s
  |   2,1024,2     gemm_linv              lower  0.09 s  compile  0.29 s
  |   2,1024,2     gemm_cinv              lower  0.09 s  compile  0.29 s
  |   2,1024,2     gs_pr@pow2             lower  0.13 s  compile  0.35 s
  |   2,1024,2     gs_pr@fast             lower  0.13 s  compile  0.31 s
  |   2,1024,2     gs_pr_ascoded@pow2     lower  0.13 s  compile  0.31 s
  |   2,1024,2     gs_pr_ascoded@fast     lower  0.14 s  compile  0.33 s
  |   2,1024,2     gs_full@pow2           lower  0.12 s  compile  0.31 s
  |   2,1024,2     gs_full@fast           lower  0.12 s  compile  0.32 s
  |   2,1024,2     gs_half@pow2           lower  0.11 s  compile  0.29 s
  |   2,1024,2     gs_half@fast           lower  0.12 s  compile  0.29 s
  |   2,1024,2     floor                  lower  0.07 s  compile  0.22 s
  |   2,2048,4     main                   lower  0.09 s  compile  0.27 s
  |   2,2048,4     main_hoisted           lower  0.13 s  compile  0.31 s
  |   2,2048,4     gemm_linv              lower  0.10 s  compile  0.29 s
  |   2,2048,4     gemm_cinv              lower  0.09 s  compile  0.33 s
  |   2,2048,4     gs_pr@pow2             lower  0.13 s  compile  0.42 s
  |   2,2048,4     gs_pr@fast             lower  0.14 s  compile  0.36 s
  |   2,2048,4     gs_pr_ascoded@pow2     lower  0.13 s  compile  0.36 s
  |   2,2048,4     gs_pr_ascoded@fast     lower  0.13 s  compile  0.36 s
  |   2,2048,4     gs_full@pow2           lower  0.12 s  compile  0.35 s
  |   2,2048,4     gs_full@fast           lower  0.12 s  compile  0.38 s
  |   2,2048,4     gs_half@pow2           lower  0.12 s  compile  0.34 s
  |   2,2048,4     gs_half@fast           lower  0.11 s  compile  0.33 s
  |   2,2048,4     floor                  lower  0.07 s  compile  0.22 s
  |   3,1024,8     main                   lower  0.10 s  compile  0.31 s
  |   3,1024,8     main_hoisted           lower  0.09 s  compile  0.32 s
  |   3,1024,8     gemm_linv              lower  0.09 s  compile  0.33 s
  |   3,1024,8     gemm_cinv              lower  0.10 s  compile  0.31 s
  |   3,1024,8     gs_pr@pow2             lower  0.15 s  compile  0.39 s
  |   3,1024,8     gs_pr@fast             lower  0.16 s  compile  0.41 s
  |   3,1024,8     gs_pr_ascoded@pow2     lower  0.16 s  compile  0.41 s
  |   3,1024,8     gs_pr_ascoded@fast     lower  0.15 s  compile  0.41 s
  |   3,1024,8     gs_full@pow2           lower  0.14 s  compile  0.39 s
  |   3,1024,8     gs_full@fast           lower  0.14 s  compile  0.37 s
  |   3,1024,8     gs_half@pow2           lower  0.13 s  compile  0.34 s
  |   3,1024,8     gs_half@fast           lower  0.13 s  compile  0.34 s
  |   3,1024,8     floor                  lower  0.07 s  compile  0.24 s
  | 
  | === ACCURACY vs reference and vs float64 twin [leg cpu_f32_omp8, float32] ===
  |     matmul: jax_default_matmul_precision='None'
  |   config       family    variant                 nats_ref  relg_ref relg_ref*  relg_twn relg_twn* finite
  |   (* = cloud-normalized; by-kind numbers in the JSON)
  |   2,205,2      aligo02   main                    3.35e-03  2.30e-03  1.51e-04  2.30e-03  1.51e-04   True
  |   2,205,2      aligo02   main_hoisted            1.01e-03  1.09e-03  8.92e-05  1.09e-03  8.91e-05   True
  |   2,205,2      aligo02   gemm_linv               6.26e-04  9.88e-04  6.48e-05  9.88e-04  6.48e-05   True
  |   2,205,2      aligo02   gemm_cinv               7.64e-04  5.29e-04  6.94e-05  5.29e-04  6.94e-05   True
  |   2,205,2      aligo02   gs_pr@pow2              7.64e-04  5.54e-04  7.06e-05  5.54e-04  7.06e-05   True
  |   2,205,2      aligo02   gs_pr@fast              7.64e-04  4.97e-04  6.69e-05  4.97e-04  6.69e-05   True
  |   2,205,2      aligo02   gs_pr_ascoded@pow2      7.64e-04  5.19e-04  7.44e-05  5.19e-04  7.44e-05   True
  |   2,205,2      aligo02   gs_pr_ascoded@fast      7.64e-04  5.52e-04  7.12e-05  5.52e-04  7.11e-05   True
  |   2,205,2      aligo02   gs_full@pow2            7.64e-04  4.96e-04  6.75e-05  4.96e-04  6.74e-05   True
  |   2,205,2      aligo02   gs_full@fast            7.64e-04  5.23e-04  7.06e-05  5.23e-04  7.06e-05   True
  |   2,205,2      aligo02   gs_half@pow2            6.26e-04  4.66e-04  7.06e-05  4.66e-04  7.06e-05   True
  |   2,205,2      aligo02   gs_half@fast            6.26e-04  4.71e-04  7.37e-05  4.72e-04  7.37e-05   True
  |   2,205,2      aligo2    main                    9.07e-04  3.71e-04  4.91e-05  3.71e-04  4.91e-05   True
  |   2,205,2      aligo2    main_hoisted            5.96e-04  3.11e-04  3.86e-05  3.11e-04  3.86e-05   True
  |   2,205,2      aligo2    gemm_linv               4.74e-04  1.72e-04  5.66e-05  1.72e-04  5.66e-05   True
  |   2,205,2      aligo2    gemm_cinv               5.40e-04  1.75e-04  5.42e-05  1.75e-04  5.42e-05   True
  |   2,205,2      aligo2    gs_pr@pow2              5.40e-04  1.81e-04  5.42e-05  1.81e-04  5.42e-05   True
  |   2,205,2      aligo2    gs_pr@fast              5.40e-04  1.75e-04  5.98e-05  1.75e-04  5.98e-05   True
  |   2,205,2      aligo2    gs_pr_ascoded@pow2      5.40e-04  1.78e-04  5.66e-05  1.78e-04  5.66e-05   True
  |   2,205,2      aligo2    gs_pr_ascoded@fast      5.40e-04  1.78e-04  5.74e-05  1.78e-04  5.74e-05   True
  |   2,205,2      aligo2    gs_full@pow2            5.40e-04  1.72e-04  5.66e-05  1.72e-04  5.66e-05   True
  |   2,205,2      aligo2    gs_full@fast            5.40e-04  1.78e-04  5.94e-05  1.78e-04  5.94e-05   True
  |   2,205,2      aligo2    gs_half@pow2            5.40e-04  1.66e-04  4.76e-05  1.66e-04  4.76e-05   True
  |   2,205,2      aligo2    gs_half@fast            5.40e-04  1.69e-04  5.09e-05  1.69e-04  5.09e-05   True
  |   2,205,2      aligo20   main                    6.33e-04  2.79e-03  6.72e-05  2.79e-03  6.72e-05   True
  |   2,205,2      aligo20   main_hoisted            6.33e-04  1.70e-03  6.57e-05  1.70e-03  6.57e-05   True
  |   2,205,2      aligo20   gemm_linv               3.89e-04  3.50e-03  6.59e-05  3.50e-03  6.59e-05   True
  |   2,205,2      aligo20   gemm_cinv               3.96e-04  1.23e-03  5.33e-05  1.23e-03  5.33e-05   True
  |   2,205,2      aligo20   gs_pr@pow2              3.81e-04  1.26e-03  4.68e-05  1.26e-03  4.68e-05   True
  |   2,205,2      aligo20   gs_pr@fast              3.81e-04  1.46e-03  4.62e-05  1.46e-03  4.62e-05   True
  |   2,205,2      aligo20   gs_pr_ascoded@pow2      3.66e-04  1.73e-03  5.53e-05  1.73e-03  5.53e-05   True
  |   2,205,2      aligo20   gs_pr_ascoded@fast      3.81e-04  1.97e-03  4.83e-05  1.97e-03  4.83e-05   True
  |   2,205,2      aligo20   gs_full@pow2            3.81e-04  1.47e-03  5.02e-05  1.47e-03  5.02e-05   True
  |   2,205,2      aligo20   gs_full@fast            4.11e-04  1.27e-03  5.06e-05  1.27e-03  5.06e-05   True
  |   2,205,2      aligo20   gs_half@pow2            3.05e-04  2.92e-04  4.64e-05  2.92e-04  4.64e-05   True
  |   2,205,2      aligo20   gs_half@fast            3.05e-04  6.33e-04  4.82e-05  6.33e-04  4.82e-05   True
  |   2,205,2      expcos    main                    3.21e-03  2.75e-02  8.86e-04  2.75e-02  8.86e-04   True
  |   2,205,2      expcos    main_hoisted            3.31e-03  2.75e-02  8.85e-04  2.75e-02  8.85e-04   True
  |   2,205,2      expcos    gemm_linv               3.29e-03  2.76e-02  8.82e-04  2.76e-02  8.82e-04   True
  |   2,205,2      expcos    gemm_cinv               3.28e-03  2.75e-02  8.82e-04  2.75e-02  8.82e-04   True
  |   2,205,2      expcos    gs_pr@pow2              3.29e-03  2.75e-02  8.82e-04  2.75e-02  8.82e-04   True
  |   2,205,2      expcos    gs_pr@fast              3.29e-03  2.76e-02  8.83e-04  2.76e-02  8.83e-04   True
  |   2,205,2      expcos    gs_pr_ascoded@pow2      3.29e-03  2.76e-02  8.84e-04  2.76e-02  8.84e-04   True
  |   2,205,2      expcos    gs_pr_ascoded@fast      3.28e-03  2.75e-02  8.81e-04  2.75e-02  8.81e-04   True
  |   2,205,2      expcos    gs_full@pow2            3.28e-03  2.75e-02  8.83e-04  2.75e-02  8.83e-04   True
  |   2,205,2      expcos    gs_full@fast            3.28e-03  2.76e-02  8.81e-04  2.76e-02  8.81e-04   True
  |   2,205,2      expcos    gs_half@pow2            3.28e-03  2.74e-02  8.78e-04  2.74e-02  8.78e-04   True
  |   2,205,2      expcos    gs_half@fast            3.28e-03  2.74e-02  8.79e-04  2.74e-02  8.79e-04   True
  |   2,205,2      white     main                    3.64e-04  2.82e-04  2.98e-05  2.82e-04  2.98e-05   True
  |   2,205,2      white     main_hoisted            3.03e-04  2.82e-04  2.98e-05  2.82e-04  2.98e-05   True
  |   2,205,2      white     gemm_linv               1.81e-04  3.74e-04  1.63e-05  3.74e-04  1.63e-05   True
  |   2,205,2      white     gemm_cinv               1.81e-04  4.14e-04  1.67e-05  4.14e-04  1.67e-05   True
  |   2,205,2      white     gs_pr@pow2              2.11e-04  4.53e-04  2.03e-05  4.53e-04  2.03e-05   True
  |   2,205,2      white     gs_pr@fast              1.81e-04  3.87e-04  1.64e-05  3.87e-04  1.64e-05   True
  |   2,205,2      white     gs_pr_ascoded@pow2      2.11e-04  4.53e-04  2.03e-05  4.53e-04  2.03e-05   True
  |   2,205,2      white     gs_pr_ascoded@fast      1.81e-04  3.87e-04  1.64e-05  3.87e-04  1.64e-05   True
  |   2,205,2      white     gs_full@pow2            1.81e-04  5.32e-04  1.78e-05  5.32e-04  1.78e-05   True
  |   2,205,2      white     gs_full@fast            1.81e-04  3.74e-04  1.77e-05  3.74e-04  1.77e-05   True
  |   2,205,2      white     gs_half@pow2            2.03e-04  6.64e-04  1.63e-05  6.64e-04  1.63e-05   True
  |   2,205,2      white     gs_half@fast            2.64e-04  5.59e-04  1.36e-05  5.59e-04  1.36e-05   True
  |   2,205,2      gw150914  main                    5.76e-04  7.22e-04  5.33e-05  7.22e-04  5.33e-05   True
  |   2,205,2      gw150914  main_hoisted            5.95e-04  6.60e-04  4.87e-05  6.60e-04  4.87e-05   True
  |   2,205,2      gw150914  gemm_linv               5.73e-04  5.63e-04  4.16e-05  5.63e-04  4.16e-05   True
  |   2,205,2      gw150914  gemm_cinv               4.73e-04  6.06e-04  4.47e-05  6.06e-04  4.47e-05   True
  |   2,205,2      gw150914  gs_pr@pow2              5.95e-04  5.56e-04  4.10e-05  5.56e-04  4.10e-05   True
  |   2,205,2      gw150914  gs_pr@fast              5.95e-04  5.79e-04  4.28e-05  5.79e-04  4.28e-05   True
  |   2,205,2      gw150914  gs_pr_ascoded@pow2      5.95e-04  6.18e-04  4.56e-05  6.18e-04  4.56e-05   True
  |   2,205,2      gw150914  gs_pr_ascoded@fast      5.95e-04  5.63e-04  4.16e-05  5.63e-04  4.16e-05   True
  |   2,205,2      gw150914  gs_full@pow2            5.95e-04  6.25e-04  4.62e-05  6.25e-04  4.62e-05   True
  |   2,205,2      gw150914  gs_full@fast            5.95e-04  6.33e-04  4.68e-05  6.33e-04  4.68e-05   True
  |   2,205,2      gw150914  gs_half@pow2            5.73e-04  5.44e-04  4.02e-05  5.44e-04  4.02e-05   True
  |   2,205,2      gw150914  gs_half@fast            4.73e-04  5.75e-04  4.25e-05  5.75e-04  4.25e-05   True
  |   2,410,2      aligo02   main                    4.03e-03  8.36e-03  2.35e-04  8.36e-03  2.35e-04   True
  |   2,410,2      aligo02   main_hoisted            1.51e-03  6.40e-03  2.56e-04  6.40e-03  2.56e-04   True
  |   2,410,2      aligo02   gemm_linv               9.42e-04  9.32e-04  1.12e-04  9.32e-04  1.12e-04   True
  |   2,410,2      aligo02   gemm_cinv               7.12e-04  4.11e-04  1.08e-04  4.11e-04  1.08e-04   True
  |   2,410,2      aligo02   gs_pr@pow2              6.48e-04  4.78e-04  1.19e-04  4.79e-04  1.19e-04   True
  |   2,410,2      aligo02   gs_pr@fast              7.12e-04  5.21e-04  1.12e-04  5.22e-04  1.12e-04   True
  |   2,410,2      aligo02   gs_pr_ascoded@pow2      6.48e-04  4.78e-04  1.18e-04  4.79e-04  1.18e-04   True
  |   2,410,2      aligo02   gs_pr_ascoded@fast      7.12e-04  5.07e-04  1.22e-04  5.08e-04  1.22e-04   True
  |   2,410,2      aligo02   gs_full@pow2            6.48e-04  5.26e-04  1.13e-04  5.27e-04  1.13e-04   True
  |   2,410,2      aligo02   gs_full@fast            7.12e-04  4.26e-04  1.16e-04  4.26e-04  1.16e-04   True
  |   2,410,2      aligo02   gs_half@pow2            9.42e-04  4.97e-04  1.23e-04  4.98e-04  1.23e-04   True
  |   2,410,2      aligo02   gs_half@fast            9.42e-04  4.40e-04  1.18e-04  4.41e-04  1.18e-04   True
  |   2,410,2      aligo2    main                    1.63e-03  1.46e-03  4.55e-05  1.46e-03  4.55e-05   True
  |   2,410,2      aligo2    main_hoisted            7.97e-04  1.68e-03  5.25e-05  1.68e-03  5.25e-05   True
  |   2,410,2      aligo2    gemm_linv               5.53e-04  1.61e-03  4.48e-05  1.61e-03  4.48e-05   True
  |   2,410,2      aligo2    gemm_cinv               4.25e-04  1.87e-03  2.56e-05  1.87e-03  2.56e-05   True
  |   2,410,2      aligo2    gs_pr@pow2              4.25e-04  1.86e-03  2.94e-05  1.86e-03  2.94e-05   True
  |   2,410,2      aligo2    gs_pr@fast              4.25e-04  1.85e-03  3.08e-05  1.85e-03  3.08e-05   True
  |   2,410,2      aligo2    gs_pr_ascoded@pow2      4.25e-04  1.81e-03  2.60e-05  1.81e-03  2.60e-05   True
  |   2,410,2      aligo2    gs_pr_ascoded@fast      4.25e-04  1.87e-03  2.64e-05  1.87e-03  2.64e-05   True
  |   2,410,2      aligo2    gs_full@pow2            4.25e-04  1.89e-03  2.62e-05  1.89e-03  2.62e-05   True
  |   2,410,2      aligo2    gs_full@fast            4.25e-04  1.90e-03  2.62e-05  1.90e-03  2.62e-05   True
  |   2,410,2      aligo2    gs_half@pow2            3.09e-04  1.61e-03  2.84e-05  1.61e-03  2.84e-05   True
  |   2,410,2      aligo2    gs_half@fast            3.09e-04  1.68e-03  3.14e-05  1.68e-03  3.14e-05   True
  |   2,410,2      aligo20   main                    3.35e-04  9.85e-03  4.97e-05  9.85e-03  4.97e-05   True
  |   2,410,2      aligo20   main_hoisted            3.65e-04  9.85e-03  5.56e-05  9.85e-03  5.56e-05   True
  |   2,410,2      aligo20   gemm_linv               3.13e-04  7.80e-03  6.83e-05  7.80e-03  6.83e-05   True
  |   2,410,2      aligo20   gemm_cinv               3.13e-04  1.87e-03  5.25e-05  1.87e-03  5.25e-05   True
  |   2,410,2      aligo20   gs_pr@pow2              3.38e-04  5.28e-03  5.97e-05  5.28e-03  5.97e-05   True
  |   2,410,2      aligo20   gs_pr@fast              3.38e-04  4.37e-03  4.91e-05  4.37e-03  4.91e-05   True
  |   2,410,2      aligo20   gs_pr_ascoded@pow2      3.38e-04  3.69e-03  5.30e-05  3.69e-03  5.30e-05   True
  |   2,410,2      aligo20   gs_pr_ascoded@fast      3.04e-04  7.35e-04  5.05e-05  7.35e-04  5.05e-05   True
  |   2,410,2      aligo20   gs_full@pow2            3.35e-04  6.64e-03  5.40e-05  6.64e-03  5.40e-05   True
  |   2,410,2      aligo20   gs_full@fast            3.38e-04  2.78e-03  5.94e-05  2.78e-03  5.94e-05   True
  |   2,410,2      aligo20   gs_half@pow2            3.38e-04  1.19e-02  6.64e-05  1.19e-02  6.64e-05   True
  |   2,410,2      aligo20   gs_half@fast            3.38e-04  9.60e-03  6.63e-05  9.60e-03  6.63e-05   True
  |   2,410,2      expcos    main                    4.60e-03  6.60e-02  1.62e-03  6.60e-02  1.62e-03   True
  |   2,410,2      expcos    main_hoisted            4.42e-03  6.59e-02  1.62e-03  6.59e-02  1.62e-03   True
  |   2,410,2      expcos    gemm_linv               4.39e-03  6.59e-02  1.62e-03  6.59e-02  1.62e-03   True
  |   2,410,2      expcos    gemm_cinv               4.29e-03  6.61e-02  1.62e-03  6.61e-02  1.62e-03   True
  |   2,410,2      expcos    gs_pr@pow2              4.33e-03  6.61e-02  1.62e-03  6.61e-02  1.62e-03   True
  |   2,410,2      expcos    gs_pr@fast              4.29e-03  6.61e-02  1.62e-03  6.61e-02  1.62e-03   True
  |   2,410,2      expcos    gs_pr_ascoded@pow2      4.33e-03  6.58e-02  1.62e-03  6.58e-02  1.62e-03   True
  |   2,410,2      expcos    gs_pr_ascoded@fast      4.36e-03  6.61e-02  1.62e-03  6.61e-02  1.62e-03   True
  |   2,410,2      expcos    gs_full@pow2            4.36e-03  6.61e-02  1.62e-03  6.61e-02  1.62e-03   True
  |   2,410,2      expcos    gs_full@fast            4.29e-03  6.60e-02  1.62e-03  6.60e-02  1.62e-03   True
  |   2,410,2      expcos    gs_half@pow2            4.36e-03  6.60e-02  1.62e-03  6.60e-02  1.62e-03   True
  |   2,410,2      expcos    gs_half@fast            4.36e-03  6.60e-02  1.62e-03  6.60e-02  1.62e-03   True
  |   2,410,2      white     main                    2.27e-04  4.84e-04  3.39e-05  4.84e-04  3.39e-05   True
  |   2,410,2      white     main_hoisted            2.27e-04  4.84e-04  3.39e-05  4.84e-04  3.39e-05   True
  |   2,410,2      white     gemm_linv               1.72e-04  4.00e-04  3.62e-05  4.00e-04  3.62e-05   True
  |   2,410,2      white     gemm_cinv               1.72e-04  3.99e-04  3.71e-05  3.99e-04  3.71e-05   True
  |   2,410,2      white     gs_pr@pow2              2.02e-04  3.85e-04  3.71e-05  3.85e-04  3.71e-05   True
  |   2,410,2      white     gs_pr@fast              1.72e-04  3.58e-04  3.71e-05  3.58e-04  3.71e-05   True
  |   2,410,2      white     gs_pr_ascoded@pow2      2.02e-04  3.85e-04  3.71e-05  3.85e-04  3.71e-05   True
  |   2,410,2      white     gs_pr_ascoded@fast      1.72e-04  3.58e-04  3.71e-05  3.58e-04  3.71e-05   True
  |   2,410,2      white     gs_full@pow2            2.33e-04  3.94e-04  3.62e-05  3.94e-04  3.62e-05   True
  |   2,410,2      white     gs_full@fast            1.72e-04  3.84e-04  3.80e-05  3.84e-04  3.80e-05   True
  |   2,410,2      white     gs_half@pow2            1.66e-04  4.66e-04  3.80e-05  4.66e-04  3.80e-05   True
  |   2,410,2      white     gs_half@fast            1.66e-04  4.62e-04  3.71e-05  4.62e-04  3.71e-05   True
  |   2,410,2      gw150914  main                    1.85e-03  4.21e-04  4.62e-05  4.21e-04  4.62e-05   True
  |   2,410,2      gw150914  main_hoisted            6.24e-04  3.06e-04  5.37e-05  3.06e-04  5.37e-05   True
  |   2,410,2      gw150914  gemm_linv               4.70e-04  1.64e-04  4.50e-05  1.64e-04  4.50e-05   True
  |   2,410,2      gw150914  gemm_cinv               4.70e-04  3.74e-04  4.33e-05  3.74e-04  4.33e-05   True
  |   2,410,2      gw150914  gs_pr@pow2              4.70e-04  3.74e-04  3.81e-05  3.74e-04  3.81e-05   True
  |   2,410,2      gw150914  gs_pr@fast              4.70e-04  3.74e-04  4.33e-05  3.74e-04  4.33e-05   True
  |   2,410,2      gw150914  gs_pr_ascoded@pow2      4.70e-04  3.74e-04  4.27e-05  3.74e-04  4.27e-05   True
  |   2,410,2      gw150914  gs_pr_ascoded@fast      4.70e-04  3.74e-04  4.39e-05  3.74e-04  4.39e-05   True
  |   2,410,2      gw150914  gs_full@pow2            4.70e-04  3.74e-04  3.64e-05  3.74e-04  3.64e-05   True
  |   2,410,2      gw150914  gs_full@fast            4.70e-04  3.74e-04  3.81e-05  3.74e-04  3.81e-05   True
  |   2,410,2      gw150914  gs_half@pow2            4.70e-04  1.64e-04  4.50e-05  1.64e-04  4.50e-05   True
  |   2,410,2      gw150914  gs_half@fast            4.70e-04  1.69e-04  4.62e-05  1.69e-04  4.62e-05   True
  |   2,1024,2     aligo02   main                    7.65e-03  3.54e-03  2.16e-04  3.54e-03  2.16e-04   True
  |   2,1024,2     aligo02   main_hoisted            4.72e-03  5.89e-03  2.27e-04  5.89e-03  2.27e-04   True
  |   2,1024,2     aligo02   gemm_linv               1.41e-03  1.80e-03  5.21e-05  1.80e-03  5.21e-05   True
  |   2,1024,2     aligo02   gemm_cinv               1.41e-03  5.79e-04  2.74e-05  5.79e-04  2.75e-05   True
  |   2,1024,2     aligo02   gs_pr@pow2              1.41e-03  2.46e-04  3.73e-05  2.47e-04  3.73e-05   True
  |   2,1024,2     aligo02   gs_pr@fast              1.41e-03  2.46e-04  3.73e-05  2.47e-04  3.73e-05   True
  |   2,1024,2     aligo02   gs_pr_ascoded@pow2      1.14e-03  4.11e-04  3.31e-05  4.12e-04  3.31e-05   True
  |   2,1024,2     aligo02   gs_pr_ascoded@fast      1.14e-03  4.11e-04  3.31e-05  4.12e-04  3.31e-05   True
  |   2,1024,2     aligo02   gs_full@pow2            1.32e-03  3.00e-04  3.31e-05  3.01e-04  3.31e-05   True
  |   2,1024,2     aligo02   gs_full@fast            1.32e-03  3.00e-04  3.31e-05  3.01e-04  3.31e-05   True
  |   2,1024,2     aligo02   gs_half@pow2            1.41e-03  3.15e-04  2.82e-05  3.15e-04  2.82e-05   True
  |   2,1024,2     aligo02   gs_half@fast            1.41e-03  3.15e-04  2.82e-05  3.15e-04  2.82e-05   True
  |   2,1024,2     aligo2    main                    1.64e-03  8.37e-04  9.58e-05  8.37e-04  9.58e-05   True
  |   2,1024,2     aligo2    main_hoisted            1.16e-03  5.54e-04  8.25e-05  5.54e-04  8.25e-05   True
  |   2,1024,2     aligo2    gemm_linv               1.04e-03  5.99e-04  6.36e-05  5.99e-04  6.36e-05   True
  |   2,1024,2     aligo2    gemm_cinv               6.68e-04  6.79e-04  6.52e-05  6.79e-04  6.52e-05   True
  |   2,1024,2     aligo2    gs_pr@pow2              6.68e-04  6.79e-04  7.57e-05  6.79e-04  7.57e-05   True
  |   2,1024,2     aligo2    gs_pr@fast              6.68e-04  6.79e-04  7.57e-05  6.79e-04  7.57e-05   True
  |   2,1024,2     aligo2    gs_pr_ascoded@pow2      6.68e-04  7.58e-04  7.03e-05  7.58e-04  7.03e-05   True
  |   2,1024,2     aligo2    gs_pr_ascoded@fast      6.68e-04  7.58e-04  7.03e-05  7.58e-04  7.03e-05   True
  |   2,1024,2     aligo2    gs_full@pow2            6.68e-04  6.79e-04  6.78e-05  6.79e-04  6.78e-05   True
  |   2,1024,2     aligo2    gs_full@fast            6.68e-04  6.79e-04  6.78e-05  6.79e-04  6.78e-05   True
  |   2,1024,2     aligo2    gs_half@pow2            6.68e-04  7.58e-04  5.95e-05  7.58e-04  5.95e-05   True
  |   2,1024,2     aligo2    gs_half@fast            6.68e-04  7.58e-04  5.95e-05  7.58e-04  5.95e-05   True
  |   2,1024,2     aligo20   main                    9.72e-04  9.51e-04  7.50e-05  9.51e-04  7.50e-05   True
  |   2,1024,2     aligo20   main_hoisted            1.03e-03  1.41e-03  7.78e-05  1.41e-03  7.78e-05   True
  |   2,1024,2     aligo20   gemm_linv               9.09e-04  4.19e-03  5.58e-05  4.19e-03  5.58e-05   True
  |   2,1024,2     aligo20   gemm_cinv               7.77e-04  1.70e-03  6.59e-05  1.70e-03  6.59e-05   True
  |   2,1024,2     aligo20   gs_pr@pow2              7.77e-04  1.64e-03  6.63e-05  1.64e-03  6.63e-05   True
  |   2,1024,2     aligo20   gs_pr@fast              7.77e-04  1.64e-03  6.63e-05  1.64e-03  6.63e-05   True
  |   2,1024,2     aligo20   gs_pr_ascoded@pow2      7.79e-04  1.49e-03  6.50e-05  1.49e-03  6.50e-05   True
  |   2,1024,2     aligo20   gs_pr_ascoded@fast      7.79e-04  1.49e-03  6.50e-05  1.49e-03  6.50e-05   True
  |   2,1024,2     aligo20   gs_full@pow2            7.77e-04  1.63e-03  6.29e-05  1.63e-03  6.29e-05   True
  |   2,1024,2     aligo20   gs_full@fast            7.77e-04  1.63e-03  6.29e-05  1.63e-03  6.29e-05   True
  |   2,1024,2     aligo20   gs_half@pow2            7.77e-04  1.89e-03  6.66e-05  1.89e-03  6.66e-05   True
  |   2,1024,2     aligo20   gs_half@fast            7.77e-04  1.89e-03  6.66e-05  1.89e-03  6.66e-05   True
  |   2,1024,2     expcos    main                    3.44e-03  7.77e-03  1.02e-03  7.77e-03  1.02e-03   True
  |   2,1024,2     expcos    main_hoisted            3.20e-03  7.80e-03  1.02e-03  7.80e-03  1.02e-03   True
  |   2,1024,2     expcos    gemm_linv               3.32e-03  7.73e-03  1.00e-03  7.73e-03  1.00e-03   True
  |   2,1024,2     expcos    gemm_cinv               3.32e-03  7.69e-03  1.00e-03  7.69e-03  1.00e-03   True
  |   2,1024,2     expcos    gs_pr@pow2              3.32e-03  7.73e-03  1.00e-03  7.73e-03  1.00e-03   True
  |   2,1024,2     expcos    gs_pr@fast              3.32e-03  7.73e-03  1.00e-03  7.73e-03  1.00e-03   True
  |   2,1024,2     expcos    gs_pr_ascoded@pow2      3.32e-03  7.77e-03  1.00e-03  7.77e-03  1.00e-03   True
  |   2,1024,2     expcos    gs_pr_ascoded@fast      3.32e-03  7.77e-03  1.00e-03  7.77e-03  1.00e-03   True
  |   2,1024,2     expcos    gs_full@pow2            3.32e-03  7.72e-03  1.00e-03  7.72e-03  1.00e-03   True
  |   2,1024,2     expcos    gs_full@fast            3.32e-03  7.72e-03  1.00e-03  7.72e-03  1.00e-03   True
  |   2,1024,2     expcos    gs_half@pow2            3.32e-03  7.81e-03  1.01e-03  7.81e-03  1.01e-03   True
  |   2,1024,2     expcos    gs_half@fast            3.32e-03  7.81e-03  1.01e-03  7.81e-03  1.01e-03   True
  |   2,1024,2     white     main                    2.89e-04  1.11e-03  3.68e-05  1.11e-03  3.68e-05   True
  |   2,1024,2     white     main_hoisted            2.89e-04  1.11e-03  3.68e-05  1.11e-03  3.68e-05   True
  |   2,1024,2     white     gemm_linv               4.09e-04  1.35e-03  3.41e-05  1.35e-03  3.41e-05   True
  |   2,1024,2     white     gemm_cinv               4.09e-04  1.36e-03  3.46e-05  1.36e-03  3.46e-05   True
  |   2,1024,2     white     gs_pr@pow2              4.09e-04  1.35e-03  3.46e-05  1.35e-03  3.46e-05   True
  |   2,1024,2     white     gs_pr@fast              4.09e-04  1.35e-03  3.46e-05  1.35e-03  3.46e-05   True
  |   2,1024,2     white     gs_pr_ascoded@pow2      4.09e-04  1.35e-03  3.46e-05  1.35e-03  3.46e-05   True
  |   2,1024,2     white     gs_pr_ascoded@fast      4.09e-04  1.35e-03  3.46e-05  1.35e-03  3.46e-05   True
  |   2,1024,2     white     gs_full@pow2            4.09e-04  1.37e-03  2.88e-05  1.37e-03  2.88e-05   True
  |   2,1024,2     white     gs_full@fast            4.09e-04  1.37e-03  2.88e-05  1.37e-03  2.88e-05   True
  |   2,1024,2     white     gs_half@pow2            2.87e-04  1.61e-03  3.28e-05  1.61e-03  3.28e-05   True
  |   2,1024,2     white     gs_half@fast            2.87e-04  1.61e-03  3.28e-05  1.61e-03  3.28e-05   True
  |   2,1024,2     gw150914  main                    1.61e-03  2.56e-03  8.50e-05  2.56e-03  8.50e-05   True
  |   2,1024,2     gw150914  main_hoisted            1.34e-03  2.68e-03  6.49e-05  2.68e-03  6.49e-05   True
  |   2,1024,2     gw150914  gemm_linv               1.32e-03  2.02e-03  6.27e-05  2.02e-03  6.27e-05   True
  |   2,1024,2     gw150914  gemm_cinv               1.32e-03  2.19e-03  7.25e-05  2.19e-03  7.25e-05   True
  |   2,1024,2     gw150914  gs_pr@pow2              8.32e-04  2.03e-03  6.74e-05  2.03e-03  6.74e-05   True
  |   2,1024,2     gw150914  gs_pr@fast              8.32e-04  2.03e-03  6.74e-05  2.03e-03  6.74e-05   True
  |   2,1024,2     gw150914  gs_pr_ascoded@pow2      1.32e-03  1.98e-03  6.07e-05  1.98e-03  6.07e-05   True
  |   2,1024,2     gw150914  gs_pr_ascoded@fast      1.32e-03  1.98e-03  6.07e-05  1.98e-03  6.07e-05   True
  |   2,1024,2     gw150914  gs_full@pow2            1.32e-03  1.96e-03  6.49e-05  1.96e-03  6.49e-05   True
  |   2,1024,2     gw150914  gs_full@fast            1.32e-03  1.96e-03  6.49e-05  1.96e-03  6.49e-05   True
  |   2,1024,2     gw150914  gs_half@pow2            8.32e-04  1.72e-03  5.69e-05  1.72e-03  5.69e-05   True
  |   2,1024,2     gw150914  gs_half@fast            8.32e-04  1.72e-03  5.69e-05  1.72e-03  5.69e-05   True
  |   2,2048,4     aligo02   main                    4.68e-02  1.16e-02  2.70e-03  1.16e-02  2.70e-03   True
  |   2,2048,4     aligo02   main_hoisted            4.04e-02  1.14e-02  2.84e-03  1.14e-02  2.84e-03   True
  |   2,2048,4     aligo02   gemm_linv               3.87e-03  2.47e-03  3.83e-04  2.47e-03  3.83e-04   True
  |   2,2048,4     aligo02   gemm_cinv               3.63e-03  1.95e-03  2.90e-04  1.95e-03  2.90e-04   True
  |   2,2048,4     aligo02   gs_pr@pow2              3.63e-03  1.97e-03  2.79e-04  1.97e-03  2.79e-04   True
  |   2,2048,4     aligo02   gs_pr@fast              3.63e-03  1.97e-03  2.79e-04  1.97e-03  2.79e-04   True
  |   2,2048,4     aligo02   gs_pr_ascoded@pow2      3.63e-03  1.90e-03  3.03e-04  1.90e-03  3.03e-04   True
  |   2,2048,4     aligo02   gs_pr_ascoded@fast      3.63e-03  1.90e-03  3.03e-04  1.90e-03  3.03e-04   True
  |   2,2048,4     aligo02   gs_full@pow2            3.63e-03  1.98e-03  2.79e-04  1.98e-03  2.79e-04   True
  |   2,2048,4     aligo02   gs_full@fast            3.63e-03  1.98e-03  2.79e-04  1.98e-03  2.79e-04   True
  |   2,2048,4     aligo02   gs_half@pow2            3.63e-03  1.90e-03  2.90e-04  1.90e-03  2.90e-04   True
  |   2,2048,4     aligo02   gs_half@fast            3.63e-03  1.90e-03  2.90e-04  1.90e-03  2.90e-04   True
  |   2,2048,4     aligo2    main                    4.23e-03  9.55e-03  1.87e-04  9.55e-03  1.87e-04   True
  |   2,2048,4     aligo2    main_hoisted            4.23e-03  1.16e-02  2.28e-04  1.16e-02  2.28e-04   True
  |   2,2048,4     aligo2    gemm_linv               3.26e-03  7.48e-03  2.46e-04  7.48e-03  2.46e-04   True
  |   2,2048,4     aligo2    gemm_cinv               4.23e-03  6.01e-03  2.28e-04  6.01e-03  2.28e-04   True
  |   2,2048,4     aligo2    gs_pr@pow2              4.23e-03  8.30e-03  3.02e-04  8.30e-03  3.02e-04   True
  |   2,2048,4     aligo2    gs_pr@fast              4.23e-03  8.30e-03  3.02e-04  8.30e-03  3.02e-04   True
  |   2,2048,4     aligo2    gs_pr_ascoded@pow2      4.23e-03  6.01e-03  2.28e-04  6.01e-03  2.28e-04   True
  |   2,2048,4     aligo2    gs_pr_ascoded@fast      4.23e-03  6.01e-03  2.28e-04  6.01e-03  2.28e-04   True
  |   2,2048,4     aligo2    gs_full@pow2            4.23e-03  6.01e-03  2.46e-04  6.01e-03  2.46e-04   True
  |   2,2048,4     aligo2    gs_full@fast            4.23e-03  6.01e-03  2.46e-04  6.01e-03  2.46e-04   True
  |   2,2048,4     aligo2    gs_half@pow2            4.23e-03  8.30e-03  2.46e-04  8.30e-03  2.46e-04   True
  |   2,2048,4     aligo2    gs_half@fast            4.23e-03  8.30e-03  2.46e-04  8.30e-03  2.46e-04   True
  |   2,2048,4     aligo20   main                    6.51e-03  2.20e-02  3.70e-04  2.20e-02  3.70e-04   True
  |   2,2048,4     aligo20   main_hoisted            6.76e-03  2.19e-02  3.91e-04  2.19e-02  3.91e-04   True
  |   2,2048,4     aligo20   gemm_linv               6.27e-03  2.03e-02  3.48e-04  2.03e-02  3.48e-04   True
  |   2,2048,4     aligo20   gemm_cinv               6.51e-03  2.26e-02  3.70e-04  2.26e-02  3.70e-04   True
  |   2,2048,4     aligo20   gs_pr@pow2              6.51e-03  2.25e-02  4.13e-04  2.25e-02  4.13e-04   True
  |   2,2048,4     aligo20   gs_pr@fast              6.51e-03  2.25e-02  4.13e-04  2.25e-02  4.13e-04   True
  |   2,2048,4     aligo20   gs_pr_ascoded@pow2      6.51e-03  2.34e-02  3.70e-04  2.34e-02  3.70e-04   True
  |   2,2048,4     aligo20   gs_pr_ascoded@fast      6.51e-03  2.34e-02  3.70e-04  2.34e-02  3.70e-04   True
  |   2,2048,4     aligo20   gs_full@pow2            6.51e-03  2.19e-02  3.26e-04  2.19e-02  3.26e-04   True
  |   2,2048,4     aligo20   gs_full@fast            6.51e-03  2.19e-02  3.26e-04  2.19e-02  3.26e-04   True
  |   2,2048,4     aligo20   gs_half@pow2            6.01e-03  2.41e-02  3.48e-04  2.41e-02  3.48e-04   True
  |   2,2048,4     aligo20   gs_half@fast            6.01e-03  2.41e-02  3.48e-04  2.41e-02  3.48e-04   True
  |   2,2048,4     expcos    main                    4.94e-02  2.50e-02  3.53e-03  2.50e-02  3.53e-03   True
  |   2,2048,4     expcos    main_hoisted            4.87e-02  2.50e-02  3.53e-03  2.50e-02  3.53e-03   True
  |   2,2048,4     expcos    gemm_linv               4.90e-02  2.50e-02  3.52e-03  2.50e-02  3.52e-03   True
  |   2,2048,4     expcos    gemm_cinv               4.90e-02  2.50e-02  3.53e-03  2.50e-02  3.53e-03   True
  |   2,2048,4     expcos    gs_pr@pow2              4.90e-02  2.50e-02  3.52e-03  2.50e-02  3.52e-03   True
  |   2,2048,4     expcos    gs_pr@fast              4.90e-02  2.50e-02  3.52e-03  2.50e-02  3.52e-03   True
  |   2,2048,4     expcos    gs_pr_ascoded@pow2      4.90e-02  2.50e-02  3.52e-03  2.50e-02  3.52e-03   True
  |   2,2048,4     expcos    gs_pr_ascoded@fast      4.90e-02  2.50e-02  3.52e-03  2.50e-02  3.52e-03   True
  |   2,2048,4     expcos    gs_full@pow2            4.90e-02  2.49e-02  3.52e-03  2.49e-02  3.52e-03   True
  |   2,2048,4     expcos    gs_full@fast            4.90e-02  2.49e-02  3.52e-03  2.49e-02  3.52e-03   True
  |   2,2048,4     expcos    gs_half@pow2            4.90e-02  2.50e-02  3.52e-03  2.50e-02  3.52e-03   True
  |   2,2048,4     expcos    gs_half@fast            4.90e-02  2.50e-02  3.52e-03  2.50e-02  3.52e-03   True
  |   2,2048,4     white     main                    7.30e-03  1.17e-01  4.73e-04  1.17e-01  4.73e-04   True
  |   2,2048,4     white     main_hoisted            7.06e-03  1.17e-01  4.73e-04  1.17e-01  4.73e-04   True
  |   2,2048,4     white     gemm_linv               7.06e-03  1.22e-01  4.90e-04  1.22e-01  4.90e-04   True
  |   2,2048,4     white     gemm_cinv               7.06e-03  1.22e-01  5.17e-04  1.22e-01  5.17e-04   True
  |   2,2048,4     white     gs_pr@pow2              6.81e-03  1.17e-01  5.17e-04  1.17e-01  5.17e-04   True
  |   2,2048,4     white     gs_pr@fast              6.81e-03  1.17e-01  5.17e-04  1.17e-01  5.17e-04   True
  |   2,2048,4     white     gs_pr_ascoded@pow2      6.81e-03  1.17e-01  5.17e-04  1.17e-01  5.17e-04   True
  |   2,2048,4     white     gs_pr_ascoded@fast      6.81e-03  1.17e-01  5.17e-04  1.17e-01  5.17e-04   True
  |   2,2048,4     white     gs_full@pow2            7.06e-03  1.19e-01  5.31e-04  1.19e-01  5.31e-04   True
  |   2,2048,4     white     gs_full@fast            7.06e-03  1.19e-01  5.31e-04  1.19e-01  5.31e-04   True
  |   2,2048,4     white     gs_half@pow2            6.81e-03  9.63e-02  5.88e-04  9.63e-02  5.88e-04   True
  |   2,2048,4     white     gs_half@fast            6.81e-03  9.63e-02  5.88e-04  9.63e-02  5.88e-04   True
  |   2,2048,4     gw150914  main                    2.19e-02  2.36e-02  1.57e-03  2.36e-02  1.57e-03   True
  |   2,2048,4     gw150914  main_hoisted            1.80e-02  2.26e-02  1.50e-03  2.26e-02  1.50e-03   True
  |   2,2048,4     gw150914  gemm_linv               4.11e-03  1.48e-02  9.84e-04  1.48e-02  9.84e-04   True
  |   2,2048,4     gw150914  gemm_cinv               6.06e-03  1.71e-02  1.13e-03  1.71e-02  1.13e-03   True
  |   2,2048,4     gw150914  gs_pr@pow2              5.08e-03  1.68e-02  1.12e-03  1.68e-02  1.12e-03   True
  |   2,2048,4     gw150914  gs_pr@fast              5.08e-03  1.68e-02  1.12e-03  1.68e-02  1.12e-03   True
  |   2,2048,4     gw150914  gs_pr_ascoded@pow2      6.06e-03  1.66e-02  1.10e-03  1.66e-02  1.10e-03   True
  |   2,2048,4     gw150914  gs_pr_ascoded@fast      6.06e-03  1.66e-02  1.10e-03  1.66e-02  1.10e-03   True
  |   2,2048,4     gw150914  gs_full@pow2            6.06e-03  1.71e-02  1.13e-03  1.71e-02  1.13e-03   True
  |   2,2048,4     gw150914  gs_full@fast            6.06e-03  1.71e-02  1.13e-03  1.71e-02  1.13e-03   True
  |   2,2048,4     gw150914  gs_half@pow2            5.08e-03  1.51e-02  1.00e-03  1.51e-02  1.00e-03   True
  |   2,2048,4     gw150914  gs_half@fast            5.08e-03  1.51e-02  1.00e-03  1.51e-02  1.00e-03   True
  |   3,1024,8     aligo02   main                    3.55e-01  3.84e+00  8.76e-03  3.84e+00  8.76e-03   True
  |   3,1024,8     aligo02   main_hoisted            3.47e-01  3.87e+00  8.83e-03  3.87e+00  8.83e-03   True
  |   3,1024,8     aligo02   gemm_linv               3.47e-01  3.86e+00  8.80e-03  3.86e+00  8.80e-03   True
  |   3,1024,8     aligo02   gemm_cinv               3.47e-01  3.86e+00  8.80e-03  3.86e+00  8.80e-03   True
  |   3,1024,8     aligo02   gs_pr@pow2              3.47e-01  3.86e+00  8.80e-03  3.86e+00  8.80e-03   True
  |   3,1024,8     aligo02   gs_pr@fast              3.47e-01  3.86e+00  8.80e-03  3.86e+00  8.80e-03   True
  |   3,1024,8     aligo02   gs_pr_ascoded@pow2      3.47e-01  3.86e+00  8.80e-03  3.86e+00  8.80e-03   True
  |   3,1024,8     aligo02   gs_pr_ascoded@fast      3.47e-01  3.86e+00  8.80e-03  3.86e+00  8.80e-03   True
  |   3,1024,8     aligo02   gs_full@pow2            3.47e-01  3.86e+00  8.80e-03  3.86e+00  8.80e-03   True
  |   3,1024,8     aligo02   gs_full@fast            3.47e-01  3.86e+00  8.80e-03  3.86e+00  8.80e-03   True
  |   3,1024,8     aligo02   gs_half@pow2            3.47e-01  3.86e+00  8.80e-03  3.86e+00  8.80e-03   True
  |   3,1024,8     aligo02   gs_half@fast            3.47e-01  3.86e+00  8.80e-03  3.86e+00  8.80e-03   True
  |   3,1024,8     aligo2    main                    1.82e-03  1.23e-04  3.63e-05  1.23e-04  3.63e-05   True
  |   3,1024,8     aligo2    main_hoisted            1.35e-03  7.20e-05  2.50e-05  7.20e-05  2.50e-05   True
  |   3,1024,8     aligo2    gemm_linv               1.35e-03  1.24e-05  1.05e-05  1.24e-05  1.05e-05   True
  |   3,1024,8     aligo2    gemm_cinv               1.35e-03  7.50e-06  3.81e-06  7.50e-06  3.81e-06   True
  |   3,1024,8     aligo2    gs_pr@pow2              1.35e-03  6.82e-06  4.25e-06  6.82e-06  4.25e-06   True
  |   3,1024,8     aligo2    gs_pr@fast              1.35e-03  6.82e-06  4.25e-06  6.82e-06  4.25e-06   True
  |   3,1024,8     aligo2    gs_pr_ascoded@pow2      1.35e-03  7.18e-06  6.09e-06  7.18e-06  6.09e-06   True
  |   3,1024,8     aligo2    gs_pr_ascoded@fast      1.35e-03  7.18e-06  6.09e-06  7.18e-06  6.09e-06   True
  |   3,1024,8     aligo2    gs_full@pow2            1.35e-03  1.22e-05  4.93e-06  1.22e-05  4.93e-06   True
  |   3,1024,8     aligo2    gs_full@fast            1.35e-03  1.22e-05  4.93e-06  1.22e-05  4.93e-06   True
  |   3,1024,8     aligo2    gs_half@pow2            1.35e-03  5.22e-06  3.77e-06  5.22e-06  3.77e-06   True
  |   3,1024,8     aligo2    gs_half@fast            1.35e-03  5.22e-06  3.77e-06  5.22e-06  3.77e-06   True
  |   3,1024,8     aligo20   main                    1.59e-02  9.16e-03  1.23e-03  9.16e-03  1.23e-03   True
  |   3,1024,8     aligo20   main_hoisted            1.67e-02  9.16e-03  1.23e-03  9.16e-03  1.23e-03   True
  |   3,1024,8     aligo20   gemm_linv               1.66e-02  9.17e-03  1.23e-03  9.17e-03  1.23e-03   True
  |   3,1024,8     aligo20   gemm_cinv               1.66e-02  9.17e-03  1.23e-03  9.17e-03  1.23e-03   True
  |   3,1024,8     aligo20   gs_pr@pow2              1.66e-02  9.17e-03  1.24e-03  9.17e-03  1.24e-03   True
  |   3,1024,8     aligo20   gs_pr@fast              1.66e-02  9.17e-03  1.24e-03  9.17e-03  1.24e-03   True
  |   3,1024,8     aligo20   gs_pr_ascoded@pow2      1.66e-02  9.17e-03  1.23e-03  9.17e-03  1.23e-03   True
  |   3,1024,8     aligo20   gs_pr_ascoded@fast      1.66e-02  9.17e-03  1.23e-03  9.17e-03  1.23e-03   True
  |   3,1024,8     aligo20   gs_full@pow2            1.66e-02  9.17e-03  1.23e-03  9.17e-03  1.23e-03   True
  |   3,1024,8     aligo20   gs_full@fast            1.66e-02  9.17e-03  1.23e-03  9.17e-03  1.23e-03   True
  |   3,1024,8     aligo20   gs_half@pow2            1.66e-02  9.17e-03  1.23e-03  9.17e-03  1.23e-03   True
  |   3,1024,8     aligo20   gs_half@fast            1.66e-02  9.17e-03  1.23e-03  9.17e-03  1.23e-03   True
  |   3,1024,8     expcos    main                    2.54e-01  1.03e+00  2.61e-02  1.03e+00  2.61e-02   True
  |   3,1024,8     expcos    main_hoisted            2.54e-01  1.03e+00  2.61e-02  1.03e+00  2.61e-02   True
  |   3,1024,8     expcos    gemm_linv               2.54e-01  1.07e+00  2.61e-02  1.07e+00  2.61e-02   True
  |   3,1024,8     expcos    gemm_cinv               2.54e-01  1.04e+00  2.61e-02  1.04e+00  2.61e-02   True
  |   3,1024,8     expcos    gs_pr@pow2              2.54e-01  1.03e+00  2.61e-02  1.03e+00  2.61e-02   True
  |   3,1024,8     expcos    gs_pr@fast              2.54e-01  1.03e+00  2.61e-02  1.03e+00  2.61e-02   True
  |   3,1024,8     expcos    gs_pr_ascoded@pow2      2.54e-01  1.05e+00  2.61e-02  1.05e+00  2.61e-02   True
  |   3,1024,8     expcos    gs_pr_ascoded@fast      2.54e-01  1.05e+00  2.61e-02  1.05e+00  2.61e-02   True
  |   3,1024,8     expcos    gs_full@pow2            2.54e-01  1.00e+00  2.61e-02  1.00e+00  2.61e-02   True
  |   3,1024,8     expcos    gs_full@fast            2.54e-01  1.00e+00  2.61e-02  1.00e+00  2.61e-02   True
  |   3,1024,8     expcos    gs_half@pow2            2.54e-01  1.00e+00  2.61e-02  1.00e+00  2.61e-02   True
  |   3,1024,8     expcos    gs_half@fast            2.54e-01  1.00e+00  2.61e-02  1.00e+00  2.61e-02   True
  |   3,1024,8     white     main                    6.54e-01  3.08e-01  2.48e-02  3.08e-01  2.48e-02   True
  |   3,1024,8     white     main_hoisted            6.54e-01  3.08e-01  2.48e-02  3.08e-01  2.48e-02   True
  |   3,1024,8     white     gemm_linv               6.54e-01  3.08e-01  2.48e-02  3.08e-01  2.48e-02   True
  |   3,1024,8     white     gemm_cinv               6.54e-01  3.08e-01  2.48e-02  3.08e-01  2.48e-02   True
  |   3,1024,8     white     gs_pr@pow2              6.54e-01  3.08e-01  2.48e-02  3.08e-01  2.48e-02   True
  |   3,1024,8     white     gs_pr@fast              6.54e-01  3.08e-01  2.48e-02  3.08e-01  2.48e-02   True
  |   3,1024,8     white     gs_pr_ascoded@pow2      6.54e-01  3.08e-01  2.48e-02  3.08e-01  2.48e-02   True
  |   3,1024,8     white     gs_pr_ascoded@fast      6.54e-01  3.08e-01  2.48e-02  3.08e-01  2.48e-02   True
  |   3,1024,8     white     gs_full@pow2            6.54e-01  3.08e-01  2.48e-02  3.08e-01  2.48e-02   True
  |   3,1024,8     white     gs_full@fast            6.54e-01  3.08e-01  2.48e-02  3.08e-01  2.48e-02   True
  |   3,1024,8     white     gs_half@pow2            6.54e-01  3.08e-01  2.48e-02  3.08e-01  2.48e-02   True
  |   3,1024,8     white     gs_half@fast            6.54e-01  3.08e-01  2.48e-02  3.08e-01  2.48e-02   True
  |   3,1024,8     gw150914  main                    2.09e-01  1.54e+00  1.29e-02  1.54e+00  1.29e-02   True
  |   3,1024,8     gw150914  main_hoisted            2.08e-01  1.40e+00  1.29e-02  1.40e+00  1.29e-02   True
  |   3,1024,8     gw150914  gemm_linv               2.09e-01  1.68e+00  1.29e-02  1.68e+00  1.29e-02   True
  |   3,1024,8     gw150914  gemm_cinv               2.09e-01  1.40e+00  1.29e-02  1.40e+00  1.29e-02   True
  |   3,1024,8     gw150914  gs_pr@pow2              2.09e-01  1.68e+00  1.29e-02  1.68e+00  1.29e-02   True
  |   3,1024,8     gw150914  gs_pr@fast              2.09e-01  1.68e+00  1.29e-02  1.68e+00  1.29e-02   True
  |   3,1024,8     gw150914  gs_pr_ascoded@pow2      2.09e-01  1.54e+00  1.29e-02  1.54e+00  1.29e-02   True
  |   3,1024,8     gw150914  gs_pr_ascoded@fast      2.09e-01  1.54e+00  1.29e-02  1.54e+00  1.29e-02   True
  |   3,1024,8     gw150914  gs_full@pow2            2.09e-01  1.68e+00  1.29e-02  1.68e+00  1.29e-02   True
  |   3,1024,8     gw150914  gs_full@fast            2.09e-01  1.68e+00  1.29e-02  1.68e+00  1.29e-02   True
  |   3,1024,8     gw150914  gs_half@pow2            2.09e-01  1.97e+00  1.29e-02  1.97e+00  1.29e-02   True
  |   3,1024,8     gw150914  gs_half@fast            2.09e-01  1.97e+00  1.29e-02  1.97e+00  1.29e-02   True
  | 
  | === LEG cpu_f32_omp8 DONE in 985.1 s -> /mnt/home/misi/src/ringdown/benchmarks/gs/results/local.cpu_f32_omp8.json ===
  |   (leg wall 989.0 s, exit 0)

------------------------------------------------------------------------------
=== LEG: gpu_f64 ===
  $ /mnt/home/misi/src/ringdown/.venv/bin/python /mnt/home/misi/src/ringdown/benchmarks/gs/bench_gs.py --no-sub --out /mnt/home/misi/src/ringdown/benchmarks/gs/results/local.gpu_f64.json --parent-pid 2744913 --platform gpu --x64 1 --leg gpu_f64 --sections env,correctness,f32acc,devtime,compile --inputs /mnt/home/misi/src/ringdown/benchmarks/gs/inputs --ref /mnt/home/misi/src/ringdown/benchmarks/gs/results/local.ref.npz --nfft both --timing-families aligo02,expcos --nuts-variants main,main_hoisted,gs_half,gemm_linv --nuts-n 300 --nuts-seeds 0,1 --cpu-omp 8 --gs-coeffs pr --spectra-from f64 --ref-logdet cholesky --tag local-a6000-run2
  | 
  | === ENVIRONMENT [leg gpu_f64] ===
  |   hostname             ccalin016.flatironinstitute.org
  |   jax_backend          gpu
  |   jax_devices          ['cuda:0']
  |   jax_device_kinds     ['NVIDIA RTX A6000']
  |   jax_enable_x64       True
  |   jax_default_matmul_precision None
  |   dtype                float64
  |   fft_backend_hint     cufft
  |   cpu_model            Intel(R) Xeon(R) Gold 6244 CPU @ 3.60GHz
  |   cpu_affinity_count   32
  |   nvidia_smi           NVIDIA RTX A6000, 595.91.07, 49140 MiB, 8.6, 2100 MHz
  |   configs              [[2, 205, 2], [2, 410, 2], [2, 1024, 2], [2, 2048, 4], [3, 1024, 8], [2, 4096, 4]]
  |   families             ['aligo02', 'aligo2', 'aligo20', 'expcos', 'white', 'gw150914']
  |   threads              {'OMP_NUM_THREADS': '1', 'MKL_NUM_THREADS': None, 'OPENBLAS_NUM_THREADS': None, 'NPROC': None, 'XLA_FLAGS': None, 'JAX_PLATFORMS': 'cuda'}
  |   xla_cpu_pool         0
  |   matmul               true float32/float64 dots
  |   policies             gs_coeffs=pr spectra_from=f64 logdetC_source=longdouble
  |   ringdown             /mnt/home/misi/src/ringdown (v1.1.0-42-g0246591)
  |   gpu_state            2 %, 1800 MHz, 2100 MHz, 39, 42.04 W, 815 MiB
  | 
  | === CORRECTNESS [leg gpu_f64]: likelihood part U_var - U_floor ===
  |     gate 1e-11 (relative potential and CLOUD-normalized gradient) vs 'main' on white/expcos;
  |     vs reference: concerning > 1e-08, fail > 1e-06 (cloud-normalized max rel. gradient error; per-point numbers kept as *_perpoint)
  |     table cells: vs main / vs ref, both cloud-normalized
  |   2,205,2      aligo02   cond=5.7e+09  main=0.0e+00/1.5e-08[concerning]  main_hoisted=7.9e-14/1.5e-08[concerning]  gemm_linv=2.8e-08/1.4e-08[concerning]  gemm_cinv=2.8e-08/1.4e-08[concerning]  gs_pr@pow2=3.4e-08/2.4e-08[concerning]  gs_pr@fast=3.4e-08/2.4e-08[concerning]  gs_pr_ascoded@pow2=3.4e-08/2.4e-08[concerning]  gs_pr_ascoded@fast=3.4e-08/2.4e-08[concerning]  gs_full@pow2=3.4e-08/2.4e-08[concerning]  gs_full@fast=3.4e-08/2.4e-08[concerning]  gs_half@pow2=3.4e-08/2.4e-08[concerning]  gs_half@fast=3.4e-08/2.4e-08[concerning]
  |                          same executable with refined coefficients, vs ref (cloud): gs_pr@pow2:1.8e-11  gs_pr@fast:1.8e-11  gs_full@pow2:1.8e-11  gs_full@fast:1.8e-11  gs_half@pow2:1.8e-11  gs_half@fast:1.8e-11
  |                          by kind [max over non-main variants, cloud]: normal(n=20): main=1.5e-08 ref=1.5e-08  warmup(n=10): main=3.4e-08 ref=2.4e-08
  |   2,205,2      aligo2    cond=3.8e+06  main=0.0e+00/1.3e-11[ok]  main_hoisted=2.4e-14/1.3e-11[ok]  gemm_linv=1.4e-11/3.7e-12[ok]  gemm_cinv=1.4e-11/3.7e-12[ok]  gs_pr@pow2=9.7e-12/7.6e-12[ok]  gs_pr@fast=9.7e-12/7.6e-12[ok]  gs_pr_ascoded@pow2=9.7e-12/7.6e-12[ok]  gs_pr_ascoded@fast=9.7e-12/7.6e-12[ok]  gs_full@pow2=9.7e-12/7.6e-12[ok]  gs_full@fast=9.7e-12/7.6e-12[ok]  gs_half@pow2=9.7e-12/7.6e-12[ok]  gs_half@fast=9.7e-12/7.6e-12[ok]
  |                          same executable with refined coefficients, vs ref (cloud): gs_pr@pow2:6.7e-14  gs_pr@fast:5.8e-14  gs_full@pow2:6.1e-14  gs_full@fast:6.1e-14  gs_half@pow2:9.6e-14  gs_half@fast:9.3e-14
  |                          by kind [max over non-main variants, cloud]: normal(n=20): main=9.7e-12 ref=7.6e-12  warmup(n=10): main=1.4e-11 ref=1.3e-11
  |   2,205,2      aligo20   cond=5.6e+02  main=0.0e+00/6.8e-14[ok]  main_hoisted=1.5e-14/7.0e-14[ok]  gemm_linv=1.8e-14/7.4e-14[ok]  gemm_cinv=4.0e-14/6.0e-14[ok]  gs_pr@pow2=4.6e-14/6.2e-14[ok]  gs_pr@fast=4.0e-14/5.9e-14[ok]  gs_pr_ascoded@pow2=3.6e-14/7.3e-14[ok]  gs_pr_ascoded@fast=4.1e-14/5.5e-14[ok]  gs_full@pow2=3.8e-14/6.4e-14[ok]  gs_full@fast=3.7e-14/5.5e-14[ok]  gs_half@pow2=3.1e-14/6.3e-14[ok]  gs_half@fast=3.4e-14/5.8e-14[ok]
  |                          same executable with refined coefficients, vs ref (cloud): gs_pr@pow2:6.0e-14  gs_pr@fast:6.9e-14  gs_full@pow2:6.7e-14  gs_full@fast:6.0e-14  gs_half@pow2:6.9e-14  gs_half@fast:6.5e-14
  |                          by kind [max over non-main variants, cloud]: normal(n=20): main=1.9e-14 ref=1.6e-14  warmup(n=10): main=4.6e-14 ref=7.4e-14
  |   2,205,2      expcos    cond=7.3e+02  main=0.0e+00/2.1e-12[ok]  main_hoisted=1.6e-14/2.1e-12[OK]  gemm_linv=2.2e-14/2.1e-12[OK]  gemm_cinv=5.1e-14/2.1e-12[OK]  gs_pr@pow2=5.4e-14/2.1e-12[OK]  gs_pr@fast=6.2e-14/2.1e-12[OK]  gs_pr_ascoded@pow2=7.2e-14/2.1e-12[OK]  gs_pr_ascoded@fast=6.7e-14/2.1e-12[OK]  gs_full@pow2=5.8e-14/2.1e-12[OK]  gs_full@fast=5.7e-14/2.1e-12[OK]  gs_half@pow2=5.5e-14/2.1e-12[OK]  gs_half@fast=7.3e-14/2.1e-12[OK]
  |                          same executable with refined coefficients, vs ref (cloud): gs_pr@pow2:2.1e-12  gs_pr@fast:2.1e-12  gs_full@pow2:2.1e-12  gs_full@fast:2.1e-12  gs_half@pow2:2.1e-12  gs_half@fast:2.1e-12
  |                          by kind [max over non-main variants, cloud]: normal(n=20): main=2.2e-14 ref=1.7e-14  warmup(n=10): main=7.3e-14 ref=2.1e-12
  |   2,205,2      white     cond=1.0e+00  main=0.0e+00/2.6e-14[ok]  main_hoisted=0.0e+00/2.6e-14[OK]  gemm_linv=7.6e-15/3.0e-14[OK]  gemm_cinv=7.4e-15/2.8e-14[OK]  gs_pr@pow2=1.4e-14/3.3e-14[OK]  gs_pr@fast=9.8e-15/3.1e-14[OK]  gs_pr_ascoded@pow2=1.4e-14/3.3e-14[OK]  gs_pr_ascoded@fast=9.8e-15/3.1e-14[OK]  gs_full@pow2=1.1e-14/2.9e-14[OK]  gs_full@fast=9.9e-15/2.8e-14[OK]  gs_half@pow2=1.8e-14/3.7e-14[OK]  gs_half@fast=1.2e-14/3.0e-14[OK]
  |                          same executable with refined coefficients, vs ref (cloud): gs_pr@pow2:3.3e-14  gs_pr@fast:3.1e-14  gs_full@pow2:2.9e-14  gs_full@fast:2.8e-14  gs_half@pow2:3.7e-14  gs_half@fast:3.0e-14
  |                          by kind [max over non-main variants, cloud]: normal(n=20): main=7.6e-15 ref=9.6e-15  warmup(n=10): main=1.8e-14 ref=3.7e-14
  |   2,205,2      gw150914  cond=1.8e+06  main=0.0e+00/1.0e-11[ok]  main_hoisted=2.2e-14/1.0e-11[ok]  gemm_linv=2.0e-11/1.2e-11[ok]  gemm_cinv=2.0e-11/1.2e-11[ok]  gs_pr@pow2=9.7e-12/6.3e-12[ok]  gs_pr@fast=9.7e-12/6.3e-12[ok]  gs_pr_ascoded@pow2=9.7e-12/6.3e-12[ok]  gs_pr_ascoded@fast=9.7e-12/6.3e-12[ok]  gs_full@pow2=9.7e-12/6.3e-12[ok]  gs_full@fast=9.7e-12/6.3e-12[ok]  gs_half@pow2=9.7e-12/6.3e-12[ok]  gs_half@fast=9.7e-12/6.3e-12[ok]
  |                          same executable with refined coefficients, vs ref (cloud): gs_pr@pow2:7.2e-14  gs_pr@fast:6.4e-14  gs_full@pow2:6.8e-14  gs_full@fast:6.6e-14  gs_half@pow2:7.6e-14  gs_half@fast:7.8e-14
  |                          by kind [max over non-main variants, cloud]: normal(n=20): main=7.9e-12 ref=5.6e-12  warmup(n=10): main=2.0e-11 ref=1.2e-11
  |   2,410,2      aligo02   cond=1.1e+10  main=0.0e+00/1.2e-08[concerning]  main_hoisted=9.3e-14/1.2e-08[concerning]  gemm_linv=1.2e-08/1.6e-08[concerning]  gemm_cinv=1.2e-08/1.6e-08[concerning]  gs_pr@pow2=3.7e-08/2.7e-08[concerning]  gs_pr@fast=3.7e-08/2.7e-08[concerning]  gs_pr_ascoded@pow2=3.7e-08/2.7e-08[concerning]  gs_pr_ascoded@fast=3.7e-08/2.7e-08[concerning]  gs_full@pow2=3.7e-08/2.7e-08[concerning]  gs_full@fast=3.7e-08/2.7e-08[concerning]  gs_half@pow2=3.7e-08/2.7e-08[concerning]  gs_half@fast=3.7e-08/2.7e-08[concerning]
  |                          same executable with refined coefficients, vs ref (cloud): gs_pr@pow2:2.2e-11  gs_pr@fast:2.2e-11  gs_full@pow2:2.2e-11  gs_full@fast:2.2e-11  gs_half@pow2:2.2e-11  gs_half@fast:2.2e-11
  |                          by kind [max over non-main variants, cloud]: normal(n=20): main=1.3e-08 ref=1.1e-08  warmup(n=10): main=3.7e-08 ref=2.7e-08
  |   2,410,2      aligo2    cond=6.2e+06  main=0.0e+00/5.1e-12[ok]  main_hoisted=2.2e-14/5.1e-12[ok]  gemm_linv=6.5e-12/4.4e-12[ok]  gemm_cinv=6.5e-12/4.4e-12[ok]  gs_pr@pow2=9.1e-12/8.4e-12[ok]  gs_pr@fast=9.1e-12/8.4e-12[ok]  gs_pr_ascoded@pow2=9.1e-12/8.4e-12[ok]  gs_pr_ascoded@fast=9.1e-12/8.4e-12[ok]  gs_full@pow2=9.1e-12/8.4e-12[ok]  gs_full@fast=9.1e-12/8.4e-12[ok]  gs_half@pow2=9.1e-12/8.4e-12[ok]  gs_half@fast=9.1e-12/8.4e-12[ok]
  |                          same executable with refined coefficients, vs ref (cloud): gs_pr@pow2:1.1e-13  gs_pr@fast:1.1e-13  gs_full@pow2:9.6e-14  gs_full@fast:9.0e-14  gs_half@pow2:5.1e-14  gs_half@fast:5.6e-14
  |                          by kind [max over non-main variants, cloud]: normal(n=20): main=9.1e-12 ref=6.0e-12  warmup(n=10): main=6.7e-12 ref=8.4e-12
  |   2,410,2      aligo20   cond=5.6e+02  main=0.0e+00/2.4e-13[ok]  main_hoisted=2.0e-14/2.4e-13[ok]  gemm_linv=3.6e-14/2.5e-13[ok]  gemm_cinv=7.3e-14/1.9e-13[ok]  gs_pr@pow2=6.7e-14/2.1e-13[ok]  gs_pr@fast=6.8e-14/2.1e-13[ok]  gs_pr_ascoded@pow2=8.0e-14/2.0e-13[ok]  gs_pr_ascoded@fast=7.9e-14/2.0e-13[ok]  gs_full@pow2=7.0e-14/2.0e-13[ok]  gs_full@fast=7.7e-14/2.2e-13[ok]  gs_half@pow2=9.5e-14/2.0e-13[ok]  gs_half@fast=1.0e-13/2.0e-13[ok]
  |                          same executable with refined coefficients, vs ref (cloud): gs_pr@pow2:2.0e-13  gs_pr@fast:1.9e-13  gs_full@pow2:1.9e-13  gs_full@fast:2.0e-13  gs_half@pow2:2.0e-13  gs_half@fast:2.1e-13
  |                          by kind [max over non-main variants, cloud]: normal(n=20): main=1.8e-14 ref=1.8e-14  warmup(n=10): main=1.0e-13 ref=2.5e-13
  |   2,410,2      expcos    cond=7.7e+02  main=0.0e+00/4.0e-12[ok]  main_hoisted=1.6e-14/4.0e-12[OK]  gemm_linv=2.2e-14/4.0e-12[OK]  gemm_cinv=4.0e-14/4.0e-12[OK]  gs_pr@pow2=3.7e-14/4.0e-12[OK]  gs_pr@fast=3.8e-14/4.0e-12[OK]  gs_pr_ascoded@pow2=3.5e-14/4.0e-12[OK]  gs_pr_ascoded@fast=3.6e-14/4.0e-12[OK]  gs_full@pow2=4.4e-14/4.0e-12[OK]  gs_full@fast=4.3e-14/4.0e-12[OK]  gs_half@pow2=4.8e-14/4.0e-12[OK]  gs_half@fast=4.8e-14/4.0e-12[OK]
  |                          same executable with refined coefficients, vs ref (cloud): gs_pr@pow2:4.0e-12  gs_pr@fast:4.0e-12  gs_full@pow2:4.0e-12  gs_full@fast:4.0e-12  gs_half@pow2:4.0e-12  gs_half@fast:4.0e-12
  |                          by kind [max over non-main variants, cloud]: normal(n=20): main=1.2e-14 ref=1.2e-14  warmup(n=10): main=4.8e-14 ref=4.0e-12
  |   2,410,2      white     cond=1.0e+00  main=0.0e+00/5.4e-14[ok]  main_hoisted=0.0e+00/5.4e-14[OK]  gemm_linv=9.7e-15/5.3e-14[OK]  gemm_cinv=6.5e-15/5.3e-14[OK]  gs_pr@pow2=4.0e-15/5.6e-14[OK]  gs_pr@fast=8.7e-15/5.6e-14[OK]  gs_pr_ascoded@pow2=4.0e-15/5.6e-14[OK]  gs_pr_ascoded@fast=8.7e-15/5.6e-14[OK]  gs_full@pow2=5.5e-15/4.8e-14[OK]  gs_full@fast=6.4e-15/5.9e-14[OK]  gs_half@pow2=6.9e-15/5.2e-14[OK]  gs_half@fast=1.0e-14/5.7e-14[OK]
  |                          same executable with refined coefficients, vs ref (cloud): gs_pr@pow2:5.6e-14  gs_pr@fast:5.6e-14  gs_full@pow2:4.8e-14  gs_full@fast:5.9e-14  gs_half@pow2:5.2e-14  gs_half@fast:5.7e-14
  |                          by kind [max over non-main variants, cloud]: normal(n=20): main=1.0e-14 ref=1.1e-14  warmup(n=10): main=9.7e-15 ref=5.9e-14
  |   2,410,2      gw150914  cond=3.7e+06  main=0.0e+00/1.3e-11[ok]  main_hoisted=6.6e-14/1.3e-11[ok]  gemm_linv=2.2e-11/1.1e-11[ok]  gemm_cinv=2.2e-11/1.1e-11[ok]  gs_pr@pow2=3.2e-11/3.2e-11[ok]  gs_pr@fast=3.2e-11/3.2e-11[ok]  gs_pr_ascoded@pow2=3.2e-11/3.2e-11[ok]  gs_pr_ascoded@fast=3.2e-11/3.2e-11[ok]  gs_full@pow2=3.2e-11/3.2e-11[ok]  gs_full@fast=3.2e-11/3.2e-11[ok]  gs_half@pow2=3.2e-11/3.2e-11[ok]  gs_half@fast=3.2e-11/3.2e-11[ok]
  |                          same executable with refined coefficients, vs ref (cloud): gs_pr@pow2:6.8e-14  gs_pr@fast:7.1e-14  gs_full@pow2:7.2e-14  gs_full@fast:6.4e-14  gs_half@pow2:6.0e-14  gs_half@fast:6.0e-14
  |                          by kind [max over non-main variants, cloud]: normal(n=20): main=3.2e-11 ref=2.6e-11  warmup(n=10): main=2.9e-11 ref=3.2e-11
  |   2,1024,2     aligo02   cond=2.8e+10  main=0.0e+00/2.3e-08[concerning]  main_hoisted=2.6e-13/2.3e-08[concerning]  gemm_linv=1.6e-08/7.0e-09[ok]  gemm_cinv=1.6e-08/7.0e-09[ok]  gs_pr@pow2=4.0e-08/1.6e-08[concerning]  gs_pr@fast=4.0e-08/1.6e-08[concerning]  gs_pr_ascoded@pow2=4.0e-08/1.6e-08[concerning]  gs_pr_ascoded@fast=4.0e-08/1.6e-08[concerning]  gs_full@pow2=4.0e-08/1.6e-08[concerning]  gs_full@fast=4.0e-08/1.6e-08[concerning]  gs_half@pow2=4.0e-08/1.6e-08[concerning]  gs_half@fast=4.0e-08/1.6e-08[concerning]
  |                          same executable with refined coefficients, vs ref (cloud): gs_pr@pow2:1.5e-11  gs_pr@fast:1.5e-11  gs_full@pow2:1.5e-11  gs_full@fast:1.5e-11  gs_half@pow2:1.5e-11  gs_half@fast:1.5e-11
  |                          by kind [max over non-main variants, cloud]: normal(n=20): main=1.0e-08 ref=6.9e-09  warmup(n=10): main=4.0e-08 ref=2.3e-08
  |   2,1024,2     aligo2    cond=7.9e+06  main=0.0e+00/1.6e-11[ok]  main_hoisted=9.6e-14/1.6e-11[ok]  gemm_linv=1.2e-11/7.0e-12[ok]  gemm_cinv=1.2e-11/7.0e-12[ok]  gs_pr@pow2=1.5e-11/7.8e-12[ok]  gs_pr@fast=1.5e-11/7.8e-12[ok]  gs_pr_ascoded@pow2=1.5e-11/7.8e-12[ok]  gs_pr_ascoded@fast=1.5e-11/7.8e-12[ok]  gs_full@pow2=1.5e-11/7.8e-12[ok]  gs_full@fast=1.5e-11/7.8e-12[ok]  gs_half@pow2=1.5e-11/7.8e-12[ok]  gs_half@fast=1.5e-11/7.8e-12[ok]
  |                          same executable with refined coefficients, vs ref (cloud): gs_pr@pow2:1.1e-13  gs_pr@fast:1.1e-13  gs_full@pow2:8.4e-14  gs_full@fast:8.4e-14  gs_half@pow2:7.7e-14  gs_half@fast:7.7e-14
  |                          by kind [max over non-main variants, cloud]: normal(n=20): main=9.8e-12 ref=7.8e-12  warmup(n=10): main=1.5e-11 ref=1.6e-11
  |   2,1024,2     aligo20   cond=5.6e+02  main=0.0e+00/7.4e-14[ok]  main_hoisted=1.5e-14/7.6e-14[ok]  gemm_linv=3.4e-14/5.3e-14[ok]  gemm_cinv=5.0e-14/8.4e-14[ok]  gs_pr@pow2=4.3e-14/8.0e-14[ok]  gs_pr@fast=4.3e-14/8.0e-14[ok]  gs_pr_ascoded@pow2=4.2e-14/6.4e-14[ok]  gs_pr_ascoded@fast=4.2e-14/6.4e-14[ok]  gs_full@pow2=3.3e-14/9.1e-14[ok]  gs_full@fast=3.3e-14/9.1e-14[ok]  gs_half@pow2=4.4e-14/6.4e-14[ok]  gs_half@fast=4.4e-14/6.4e-14[ok]
  |                          same executable with refined coefficients, vs ref (cloud): gs_pr@pow2:8.2e-14  gs_pr@fast:8.2e-14  gs_full@pow2:8.3e-14  gs_full@fast:8.3e-14  gs_half@pow2:6.9e-14  gs_half@fast:6.9e-14
  |                          by kind [max over non-main variants, cloud]: normal(n=20): main=2.3e-14 ref=1.4e-14  warmup(n=10): main=5.0e-14 ref=9.1e-14
  |   2,1024,2     expcos    cond=7.8e+02  main=0.0e+00/1.5e-12[ok]  main_hoisted=2.1e-14/1.5e-12[OK]  gemm_linv=2.6e-14/1.5e-12[OK]  gemm_cinv=3.1e-14/1.5e-12[OK]  gs_pr@pow2=2.8e-14/1.5e-12[OK]  gs_pr@fast=2.8e-14/1.5e-12[OK]  gs_pr_ascoded@pow2=2.7e-14/1.5e-12[OK]  gs_pr_ascoded@fast=2.7e-14/1.5e-12[OK]  gs_full@pow2=2.1e-14/1.5e-12[OK]  gs_full@fast=2.1e-14/1.5e-12[OK]  gs_half@pow2=2.6e-14/1.5e-12[OK]  gs_half@fast=2.6e-14/1.5e-12[OK]
  |                          same executable with refined coefficients, vs ref (cloud): gs_pr@pow2:1.5e-12  gs_pr@fast:1.5e-12  gs_full@pow2:1.5e-12  gs_full@fast:1.5e-12  gs_half@pow2:1.5e-12  gs_half@fast:1.5e-12
  |                          by kind [max over non-main variants, cloud]: normal(n=20): main=1.4e-14 ref=1.4e-14  warmup(n=10): main=3.1e-14 ref=1.5e-12
  |   2,1024,2     white     cond=1.0e+00  main=0.0e+00/3.1e-14[ok]  main_hoisted=0.0e+00/3.1e-14[OK]  gemm_linv=1.7e-14/2.6e-14[OK]  gemm_cinv=7.0e-15/2.5e-14[OK]  gs_pr@pow2=1.0e-14/2.8e-14[OK]  gs_pr@fast=1.0e-14/2.8e-14[OK]  gs_pr_ascoded@pow2=1.0e-14/2.8e-14[OK]  gs_pr_ascoded@fast=1.0e-14/2.8e-14[OK]  gs_full@pow2=6.9e-15/2.8e-14[OK]  gs_full@fast=6.9e-15/2.8e-14[OK]  gs_half@pow2=9.3e-15/3.5e-14[OK]  gs_half@fast=9.3e-15/3.5e-14[OK]
  |                          same executable with refined coefficients, vs ref (cloud): gs_pr@pow2:2.8e-14  gs_pr@fast:2.8e-14  gs_full@pow2:2.8e-14  gs_full@fast:2.8e-14  gs_half@pow2:3.5e-14  gs_half@fast:3.5e-14
  |                          by kind [max over non-main variants, cloud]: normal(n=20): main=5.6e-15 ref=6.6e-15  warmup(n=10): main=1.7e-14 ref=3.5e-14
  |   2,1024,2     gw150914  cond=5.4e+08  main=0.0e+00/4.9e-11[ok]  main_hoisted=8.5e-14/4.9e-11[ok]  gemm_linv=2.5e-11/3.6e-11[ok]  gemm_cinv=2.5e-11/3.6e-11[ok]  gs_pr@pow2=1.8e-09/1.8e-09[ok]  gs_pr@fast=1.8e-09/1.8e-09[ok]  gs_pr_ascoded@pow2=1.8e-09/1.8e-09[ok]  gs_pr_ascoded@fast=1.8e-09/1.8e-09[ok]  gs_full@pow2=1.8e-09/1.8e-09[ok]  gs_full@fast=1.8e-09/1.8e-09[ok]  gs_half@pow2=1.8e-09/1.8e-09[ok]  gs_half@fast=1.8e-09/1.8e-09[ok]
  |                          same executable with refined coefficients, vs ref (cloud): gs_pr@pow2:4.1e-13  gs_pr@fast:4.1e-13  gs_full@pow2:4.0e-13  gs_full@fast:4.0e-13  gs_half@pow2:4.1e-13  gs_half@fast:4.1e-13
  |                          by kind [max over non-main variants, cloud]: normal(n=20): main=1.8e-09 ref=1.8e-09  warmup(n=10): main=8.3e-10 ref=8.3e-10
  |   2,2048,4     aligo02   cond=5.6e+10  main=0.0e+00/6.6e-08[concerning]  main_hoisted=5.4e-13/6.6e-08[concerning]  gemm_linv=7.0e-08/1.1e-08[concerning]  gemm_cinv=7.0e-08/1.1e-08[concerning]  gs_pr@pow2=7.3e-08/2.6e-08[concerning]  gs_pr@fast=7.3e-08/2.6e-08[concerning]  gs_pr_ascoded@pow2=7.3e-08/2.6e-08[concerning]  gs_pr_ascoded@fast=7.3e-08/2.6e-08[concerning]  gs_full@pow2=7.3e-08/2.6e-08[concerning]  gs_full@fast=7.3e-08/2.6e-08[concerning]  gs_half@pow2=7.3e-08/2.6e-08[concerning]  gs_half@fast=7.3e-08/2.6e-08[concerning]
  |                          same executable with refined coefficients, vs ref (cloud): gs_pr@pow2:6.2e-11  gs_pr@fast:6.2e-11  gs_full@pow2:6.2e-11  gs_full@fast:6.2e-11  gs_half@pow2:6.2e-11  gs_half@fast:6.2e-11
  |                          by kind [max over non-main variants, cloud]: normal(n=20): main=3.9e-08 ref=2.6e-08  warmup(n=10): main=7.3e-08 ref=6.6e-08
  |   2,2048,4     aligo2    cond=7.9e+06  main=0.0e+00/9.0e-12[ok]  main_hoisted=1.8e-13/9.0e-12[ok]  gemm_linv=8.2e-12/5.5e-12[ok]  gemm_cinv=8.2e-12/5.4e-12[ok]  gs_pr@pow2=1.0e-11/9.4e-12[ok]  gs_pr@fast=1.0e-11/9.4e-12[ok]  gs_pr_ascoded@pow2=1.0e-11/9.4e-12[ok]  gs_pr_ascoded@fast=1.0e-11/9.4e-12[ok]  gs_full@pow2=1.0e-11/9.5e-12[ok]  gs_full@fast=1.0e-11/9.5e-12[ok]  gs_half@pow2=9.9e-12/9.4e-12[ok]  gs_half@fast=9.9e-12/9.4e-12[ok]
  |                          same executable with refined coefficients, vs ref (cloud): gs_pr@pow2:5.5e-13  gs_pr@fast:5.5e-13  gs_full@pow2:5.4e-13  gs_full@fast:5.4e-13  gs_half@pow2:4.9e-13  gs_half@fast:4.9e-13
  |                          by kind [max over non-main variants, cloud]: normal(n=20): main=1.0e-11 ref=5.9e-12  warmup(n=10): main=7.8e-12 ref=9.5e-12
  |   2,2048,4     aligo20   cond=5.6e+02  main=0.0e+00/5.4e-13[ok]  main_hoisted=2.2e-13/5.2e-13[ok]  gemm_linv=1.8e-13/6.0e-13[ok]  gemm_cinv=1.7e-13/5.0e-13[ok]  gs_pr@pow2=1.5e-13/5.4e-13[ok]  gs_pr@fast=1.5e-13/5.4e-13[ok]  gs_pr_ascoded@pow2=2.2e-13/4.7e-13[ok]  gs_pr_ascoded@fast=2.2e-13/4.7e-13[ok]  gs_full@pow2=2.7e-13/5.0e-13[ok]  gs_full@fast=2.7e-13/5.0e-13[ok]  gs_half@pow2=2.1e-13/5.4e-13[ok]  gs_half@fast=2.1e-13/5.4e-13[ok]
  |                          same executable with refined coefficients, vs ref (cloud): gs_pr@pow2:4.5e-13  gs_pr@fast:4.5e-13  gs_full@pow2:4.3e-13  gs_full@fast:4.3e-13  gs_half@pow2:6.2e-13  gs_half@fast:6.2e-13
  |                          by kind [max over non-main variants, cloud]: normal(n=20): main=1.8e-14 ref=1.4e-14  warmup(n=10): main=2.7e-13 ref=6.0e-13
  |   2,2048,4     expcos    cond=7.8e+02  main=0.0e+00/1.1e-11[ok]  main_hoisted=7.0e-14/1.1e-11[OK]  gemm_linv=7.0e-14/1.1e-11[OK]  gemm_cinv=7.0e-14/1.1e-11[OK]  gs_pr@pow2=7.0e-14/1.1e-11[OK]  gs_pr@fast=7.0e-14/1.1e-11[OK]  gs_pr_ascoded@pow2=7.0e-14/1.1e-11[OK]  gs_pr_ascoded@fast=7.0e-14/1.1e-11[OK]  gs_full@pow2=1.1e-13/1.1e-11[OK]  gs_full@fast=1.1e-13/1.1e-11[OK]  gs_half@pow2=1.1e-13/1.1e-11[OK]  gs_half@fast=1.1e-13/1.1e-11[OK]
  |                          same executable with refined coefficients, vs ref (cloud): gs_pr@pow2:1.1e-11  gs_pr@fast:1.1e-11  gs_full@pow2:1.1e-11  gs_full@fast:1.1e-11  gs_half@pow2:1.1e-11  gs_half@fast:1.1e-11
  |                          by kind [max over non-main variants, cloud]: normal(n=20): main=1.9e-14 ref=1.9e-14  warmup(n=10): main=1.1e-13 ref=1.1e-11
  |   2,2048,4     white     cond=1.0e+00  main=0.0e+00/7.0e-13[ok]  main_hoisted=0.0e+00/7.0e-13[OK]  gemm_linv=1.9e-13/6.4e-13[OK]  gemm_cinv=1.3e-13/7.0e-13[OK]  gs_pr@pow2=2.3e-13/7.0e-13[OK]  gs_pr@fast=2.3e-13/7.0e-13[OK]  gs_pr_ascoded@pow2=2.3e-13/7.0e-13[OK]  gs_pr_ascoded@fast=2.3e-13/7.0e-13[OK]  gs_full@pow2=1.9e-13/6.0e-13[OK]  gs_full@fast=1.9e-13/6.0e-13[OK]  gs_half@pow2=1.3e-13/6.5e-13[OK]  gs_half@fast=1.3e-13/6.5e-13[OK]
  |                          same executable with refined coefficients, vs ref (cloud): gs_pr@pow2:7.0e-13  gs_pr@fast:7.0e-13  gs_full@pow2:6.0e-13  gs_full@fast:6.0e-13  gs_half@pow2:6.5e-13  gs_half@fast:6.5e-13
  |                          by kind [max over non-main variants, cloud]: normal(n=20): main=1.4e-14 ref=1.3e-14  warmup(n=10): main=2.3e-13 ref=7.0e-13
  |   2,2048,4     gw150914  cond=3.5e+11  main=0.0e+00/9.8e-09[ok]  main_hoisted=1.2e-12/9.8e-09[ok]  gemm_linv=1.2e-08/2.3e-09[ok]  gemm_cinv=1.2e-08/2.3e-09[ok]  gs_pr@pow2=3.9e-08/4.9e-08[concerning]  gs_pr@fast=3.9e-08/4.9e-08[concerning]  gs_pr_ascoded@pow2=3.9e-08/4.9e-08[concerning]  gs_pr_ascoded@fast=3.9e-08/4.9e-08[concerning]  gs_full@pow2=3.9e-08/4.9e-08[concerning]  gs_full@fast=3.9e-08/4.9e-08[concerning]  gs_half@pow2=3.9e-08/4.9e-08[concerning]  gs_half@fast=3.9e-08/4.9e-08[concerning]
  |                          same executable with refined coefficients, vs ref (cloud): gs_pr@pow2:8.8e-11  gs_pr@fast:8.8e-11  gs_full@pow2:8.8e-11  gs_full@fast:8.8e-11  gs_half@pow2:8.8e-11  gs_half@fast:8.8e-11
  |                          by kind [max over non-main variants, cloud]: normal(n=20): main=3.9e-08 ref=4.9e-08  warmup(n=10): main=1.7e-08 ref=2.2e-08
  |   3,1024,8     aligo02   cond=2.8e+10  main=0.0e+00/2.1e-08[concerning]  main_hoisted=2.3e-13/2.1e-08[concerning]  gemm_linv=1.7e-08/6.5e-09[ok]  gemm_cinv=1.7e-08/6.5e-09[ok]  gs_pr@pow2=4.2e-08/2.1e-08[concerning]  gs_pr@fast=4.2e-08/2.1e-08[concerning]  gs_pr_ascoded@pow2=4.2e-08/2.1e-08[concerning]  gs_pr_ascoded@fast=4.2e-08/2.1e-08[concerning]  gs_full@pow2=4.2e-08/2.1e-08[concerning]  gs_full@fast=4.2e-08/2.1e-08[concerning]  gs_half@pow2=4.2e-08/2.1e-08[concerning]  gs_half@fast=4.2e-08/2.1e-08[concerning]
  |                          same executable with refined coefficients, vs ref (cloud): gs_pr@pow2:2.0e-11  gs_pr@fast:2.0e-11  gs_full@pow2:2.0e-11  gs_full@fast:2.0e-11  gs_half@pow2:2.0e-11  gs_half@fast:2.0e-11
  |                          by kind [max over non-main variants, cloud]: normal(n=20): main=7.4e-09 ref=6.5e-09  warmup(n=10): main=4.2e-08 ref=2.1e-08
  |   3,1024,8     aligo2    cond=7.9e+06  main=0.0e+00/8.0e-12[ok]  main_hoisted=2.9e-14/8.1e-12[ok]  gemm_linv=9.3e-12/1.6e-12[ok]  gemm_cinv=9.3e-12/1.6e-12[ok]  gs_pr@pow2=6.6e-12/2.3e-12[ok]  gs_pr@fast=6.6e-12/2.3e-12[ok]  gs_pr_ascoded@pow2=6.6e-12/2.3e-12[ok]  gs_pr_ascoded@fast=6.6e-12/2.3e-12[ok]  gs_full@pow2=6.6e-12/2.3e-12[ok]  gs_full@fast=6.6e-12/2.3e-12[ok]  gs_half@pow2=6.6e-12/2.3e-12[ok]  gs_half@fast=6.6e-12/2.3e-12[ok]
  |                          same executable with refined coefficients, vs ref (cloud): gs_pr@pow2:1.2e-14  gs_pr@fast:1.2e-14  gs_full@pow2:8.1e-15  gs_full@fast:8.1e-15  gs_half@pow2:9.6e-15  gs_half@fast:9.6e-15
  |   3,1024,8     aligo20   cond=5.6e+02  main=0.0e+00/8.0e-12[ok]  main_hoisted=9.8e-14/8.0e-12[ok]  gemm_linv=6.2e-14/8.0e-12[ok]  gemm_cinv=1.5e-13/8.0e-12[ok]  gs_pr@pow2=1.5e-13/8.0e-12[ok]  gs_pr@fast=1.5e-13/8.0e-12[ok]  gs_pr_ascoded@pow2=1.1e-13/8.0e-12[ok]  gs_pr_ascoded@fast=1.1e-13/8.0e-12[ok]  gs_full@pow2=9.8e-14/8.0e-12[ok]  gs_full@fast=9.8e-14/8.0e-12[ok]  gs_half@pow2=6.2e-14/8.0e-12[ok]  gs_half@fast=6.2e-14/8.0e-12[ok]
  |                          same executable with refined coefficients, vs ref (cloud): gs_pr@pow2:8.0e-12  gs_pr@fast:8.0e-12  gs_full@pow2:8.0e-12  gs_full@fast:8.0e-12  gs_half@pow2:8.0e-12  gs_half@fast:8.0e-12
  |                          by kind [max over non-main variants, cloud]: normal(n=20): main=1.6e-14 ref=1.6e-14  warmup(n=10): main=1.5e-13 ref=8.0e-12
  |   3,1024,8     expcos    cond=7.8e+02  main=0.0e+00/6.8e-11[ok]  main_hoisted=1.7e-13/6.8e-11[OK]  gemm_linv=7.1e-14/6.8e-11[OK]  gemm_cinv=1.0e-13/6.8e-11[OK]  gs_pr@pow2=6.6e-14/6.8e-11[OK]  gs_pr@fast=6.6e-14/6.8e-11[OK]  gs_pr_ascoded@pow2=9.5e-14/6.8e-11[OK]  gs_pr_ascoded@fast=9.5e-14/6.8e-11[OK]  gs_full@pow2=4.8e-14/6.8e-11[OK]  gs_full@fast=4.8e-14/6.8e-11[OK]  gs_half@pow2=7.1e-14/6.8e-11[OK]  gs_half@fast=7.1e-14/6.8e-11[OK]
  |                          same executable with refined coefficients, vs ref (cloud): gs_pr@pow2:6.8e-11  gs_pr@fast:6.8e-11  gs_full@pow2:6.8e-11  gs_full@fast:6.8e-11  gs_half@pow2:6.8e-11  gs_half@fast:6.8e-11
  |                          by kind [max over non-main variants, cloud]: normal(n=20): main=2.0e-14 ref=1.5e-14  warmup(n=10): main=1.7e-13 ref=6.8e-11
  |   3,1024,8     white     cond=1.0e+00  main=0.0e+00/3.7e-11[ok]  main_hoisted=0.0e+00/3.7e-11[OK]  gemm_linv=1.7e-13/3.7e-11[OK]  gemm_cinv=1.4e-13/3.7e-11[OK]  gs_pr@pow2=1.5e-13/3.7e-11[OK]  gs_pr@fast=1.5e-13/3.7e-11[OK]  gs_pr_ascoded@pow2=1.5e-13/3.7e-11[OK]  gs_pr_ascoded@fast=1.5e-13/3.7e-11[OK]  gs_full@pow2=6.8e-14/3.7e-11[OK]  gs_full@fast=6.8e-14/3.7e-11[OK]  gs_half@pow2=1.3e-13/3.7e-11[OK]  gs_half@fast=1.3e-13/3.7e-11[OK]
  |                          same executable with refined coefficients, vs ref (cloud): gs_pr@pow2:3.7e-11  gs_pr@fast:3.7e-11  gs_full@pow2:3.7e-11  gs_full@fast:3.7e-11  gs_half@pow2:3.7e-11  gs_half@fast:3.7e-11
  |                          by kind [max over non-main variants, cloud]: normal(n=20): main=1.4e-14 ref=1.9e-14  warmup(n=10): main=1.7e-13 ref=3.7e-11
  |   3,1024,8     gw150914  cond=5.4e+08  main=0.0e+00/1.4e-11[ok]  main_hoisted=6.5e-14/1.4e-11[ok]  gemm_linv=1.6e-11/1.3e-11[ok]  gemm_cinv=1.6e-11/1.3e-11[ok]  gs_pr@pow2=2.7e-11/1.7e-11[ok]  gs_pr@fast=2.7e-11/1.7e-11[ok]  gs_pr_ascoded@pow2=2.7e-11/1.7e-11[ok]  gs_pr_ascoded@fast=2.7e-11/1.7e-11[ok]  gs_full@pow2=2.7e-11/1.7e-11[ok]  gs_full@fast=2.7e-11/1.7e-11[ok]  gs_half@pow2=2.7e-11/1.7e-11[ok]  gs_half@fast=2.7e-11/1.7e-11[ok]
  |                          same executable with refined coefficients, vs ref (cloud): gs_pr@pow2:1.3e-11  gs_pr@fast:1.3e-11  gs_full@pow2:1.3e-11  gs_full@fast:1.3e-11  gs_half@pow2:1.3e-11  gs_half@fast:1.3e-11
  |                          by kind [max over non-main variants, cloud]: normal(n=20): main=2.7e-11 ref=1.7e-11  warmup(n=10): main=1.0e-11 ref=1.4e-11
  |   2,4096,4     aligo02   cond=8.2e+10  main=0.0e+00/3.1e-08[concerning]  main_hoisted=1.6e-12/3.1e-08[concerning]  gemm_linv=3.4e-08/8.1e-09[ok]  gemm_cinv=3.4e-08/8.1e-09[ok]  gs_pr@pow2=3.6e-08/1.6e-08[concerning]  gs_pr@fast=3.6e-08/1.6e-08[concerning]  gs_pr_ascoded@pow2=3.6e-08/1.6e-08[concerning]  gs_pr_ascoded@fast=3.6e-08/1.6e-08[concerning]  gs_full@pow2=3.6e-08/1.6e-08[concerning]  gs_full@fast=3.6e-08/1.6e-08[concerning]  gs_half@pow2=3.6e-08/1.6e-08[concerning]  gs_half@fast=3.6e-08/1.6e-08[concerning]
  |                          same executable with refined coefficients, vs ref (cloud): gs_pr@pow2:1.1e-11  gs_pr@fast:1.1e-11  gs_full@pow2:1.1e-11  gs_full@fast:1.1e-11  gs_half@pow2:1.1e-11  gs_half@fast:1.1e-11
  |   2,4096,4     aligo2    cond=7.9e+06  main=0.0e+00/4.9e-12[ok]  main_hoisted=8.2e-14/4.9e-12[ok]  gemm_linv=5.9e-12/2.4e-12[ok]  gemm_cinv=5.9e-12/2.4e-12[ok]  gs_pr@pow2=1.5e-11/1.7e-11[ok]  gs_pr@fast=1.5e-11/1.7e-11[ok]  gs_pr_ascoded@pow2=1.5e-11/1.7e-11[ok]  gs_pr_ascoded@fast=1.5e-11/1.7e-11[ok]  gs_full@pow2=1.5e-11/1.7e-11[ok]  gs_full@fast=1.5e-11/1.7e-11[ok]  gs_half@pow2=1.5e-11/1.7e-11[ok]  gs_half@fast=1.5e-11/1.7e-11[ok]
  |                          same executable with refined coefficients, vs ref (cloud): gs_pr@pow2:1.4e-14  gs_pr@fast:1.4e-14  gs_full@pow2:1.7e-14  gs_full@fast:1.7e-14  gs_half@pow2:1.6e-14  gs_half@fast:1.6e-14
  |   2,4096,4     aligo20   cond=5.6e+02  main=0.0e+00/1.1e-14[ok]  main_hoisted=4.1e-15/1.1e-14[ok]  gemm_linv=1.1e-14/9.2e-15[ok]  gemm_cinv=2.0e-14/9.3e-15[ok]  gs_pr@pow2=1.7e-14/8.3e-15[ok]  gs_pr@fast=1.7e-14/8.3e-15[ok]  gs_pr_ascoded@pow2=1.9e-14/8.7e-15[ok]  gs_pr_ascoded@fast=1.9e-14/8.7e-15[ok]  gs_full@pow2=1.7e-14/9.7e-15[ok]  gs_full@fast=1.7e-14/9.7e-15[ok]  gs_half@pow2=1.6e-14/1.3e-14[ok]  gs_half@fast=1.6e-14/1.3e-14[ok]
  |                          same executable with refined coefficients, vs ref (cloud): gs_pr@pow2:8.7e-15  gs_pr@fast:8.7e-15  gs_full@pow2:7.1e-15  gs_full@fast:7.1e-15  gs_half@pow2:1.3e-14  gs_half@fast:1.3e-14
  |   2,4096,4     expcos    cond=7.8e+02  main=0.0e+00/1.0e-14[ok]  main_hoisted=9.7e-15/1.0e-14[OK]  gemm_linv=1.3e-14/1.5e-14[OK]  gemm_cinv=1.4e-14/1.2e-14[OK]  gs_pr@pow2=2.6e-14/3.6e-14[OK]  gs_pr@fast=2.6e-14/3.6e-14[OK]  gs_pr_ascoded@pow2=2.5e-14/2.7e-14[OK]  gs_pr_ascoded@fast=2.5e-14/2.7e-14[OK]  gs_full@pow2=2.3e-14/3.2e-14[OK]  gs_full@fast=2.3e-14/3.2e-14[OK]  gs_half@pow2=2.4e-14/3.0e-14[OK]  gs_half@fast=2.4e-14/3.0e-14[OK]
  |                          same executable with refined coefficients, vs ref (cloud): gs_pr@pow2:1.1e-14  gs_pr@fast:1.1e-14  gs_full@pow2:1.5e-14  gs_full@fast:1.5e-14  gs_half@pow2:1.4e-14  gs_half@fast:1.4e-14
  |   2,4096,4     white     cond=1.0e+00  main=0.0e+00/1.3e-14[ok]  main_hoisted=0.0e+00/1.3e-14[OK]  gemm_linv=1.2e-15/1.2e-14[OK]  gemm_cinv=1.3e-15/1.4e-14[OK]  gs_pr@pow2=9.4e-15/1.2e-14[OK]  gs_pr@fast=9.4e-15/1.2e-14[OK]  gs_pr_ascoded@pow2=9.4e-15/1.2e-14[OK]  gs_pr_ascoded@fast=9.4e-15/1.2e-14[OK]  gs_full@pow2=1.5e-14/1.4e-14[OK]  gs_full@fast=1.5e-14/1.4e-14[OK]  gs_half@pow2=6.1e-15/1.4e-14[OK]  gs_half@fast=6.1e-15/1.4e-14[OK]
  |                          same executable with refined coefficients, vs ref (cloud): gs_pr@pow2:1.2e-14  gs_pr@fast:1.2e-14  gs_full@pow2:1.4e-14  gs_full@fast:1.4e-14  gs_half@pow2:1.4e-14  gs_half@fast:1.4e-14
  |   2,4096,4     gw150914  cond=1.5e+12  main=0.0e+00/2.4e-07[concerning]  main_hoisted=6.5e-12/2.4e-07[concerning]  gemm_linv=4.9e-07/6.4e-07[concerning]  gemm_cinv=4.9e-07/6.4e-07[concerning]  gs_pr@pow2=1.2e-05/1.2e-05[fail]  gs_pr@fast=1.2e-05/1.2e-05[fail]  gs_pr_ascoded@pow2=1.2e-05/1.2e-05[fail]  gs_pr_ascoded@fast=1.2e-05/1.2e-05[fail]  gs_full@pow2=1.2e-05/1.2e-05[fail]  gs_full@fast=1.2e-05/1.2e-05[fail]  gs_half@pow2=1.2e-05/1.2e-05[fail]  gs_half@fast=1.2e-05/1.2e-05[fail]
  |                          same executable with refined coefficients, vs ref (cloud): gs_pr@pow2:1.4e-08  gs_pr@fast:1.4e-08  gs_full@pow2:1.4e-08  gs_full@fast:1.4e-08  gs_half@pow2:1.4e-08  gs_half@fast:1.4e-08
  |                          by kind [max over non-main variants, cloud]: normal(n=20): main=1.2e-05 ref=1.2e-05  warmup(n=10): main=9.8e-06 ref=1.0e-05
  | 
  | === PER-GRADIENT DEVICE TIME (us/grad) [leg gpu_f64] ===
  |     slope method over two fori_loop counts, medians of 5; per-cell budget 25 s; constants are jit ARGUMENTS
  |     threads: {'OMP_NUM_THREADS': '1', 'NPROC': None, 'xla_cpu_pool_threads': 0}
  |   --- (n_det=2, N=205, n_modes=2) k=8  family aligo02  cond=5.7e+09 ---
  |     main                       1205.5 us [1175..1211]    1.00x main  R=[84, 252] rep=5  trsm=10 potrf=1 trsm_big=6 dot=5
  |     main_hoisted               1121.7 us [1106..1135]    1.07x main  R=[91, 273] rep=5  trsm=8 potrf=1 trsm_big=4 dot=5
  |     gemm_linv                   291.9 us [289..305]    4.13x main  R=[272, 816] rep=5  trsm=4 potrf=1 dot=9
  |     gemm_cinv                   293.3 us [292..300]    4.11x main  R=[318, 954] rep=5  trsm=4 potrf=1 dot=9
  |     gs_pr@pow2                  544.9 us [530..613]    2.21x main  R=[74, 222] rep=5  trsm=4 potrf=1 dot=5 fft=30
  |     gs_pr@fast                  858.1 us [832..864]    1.40x main  R=[105, 315] rep=5  trsm=4 potrf=1 dot=5 fft=30
  |     gs_pr_ascoded@pow2          585.6 us [573..615]    2.06x main  R=[97, 291] rep=5  trsm=4 potrf=1 dot=5 fft=34
  |     gs_pr_ascoded@fast          923.5 us [901..931]    1.31x main  R=[95, 285] rep=5  trsm=4 potrf=1 dot=5 fft=34
  |     gs_full@pow2                405.3 us [393..422]    2.97x main  R=[134, 402] rep=5  trsm=4 potrf=1 dot=5 fft=16
  |     gs_full@fast                573.1 us [561..584]    2.10x main  R=[138, 414] rep=5  trsm=4 potrf=1 dot=5 fft=16
  |     gs_half@pow2                342.1 us [339..363]    3.52x main  R=[165, 495] rep=5  trsm=4 potrf=1 dot=9 fft=8
  |     gs_half@fast                435.9 us [435..451]    2.77x main  R=[193, 579] rep=5  trsm=4 potrf=1 dot=9 fft=8
  |     floor                        61.7 us [61..66]   19.54x main  R=[400, 1200] rep=5  
  |   --- (n_det=2, N=205, n_modes=2) k=8  family expcos  cond=7.3e+02 ---
  |     main                       1205.6 us [1176..1208]    1.00x main  R=[87, 261] rep=5  
  |     main_hoisted               1135.6 us [1107..1136]    1.06x main  R=[87, 261] rep=5  
  |     gemm_linv                   294.5 us [290..298]    4.09x main  R=[293, 879] rep=5  
  |     gemm_cinv                   295.9 us [291..299]    4.07x main  R=[313, 939] rep=5  
  |     gs_pr@pow2                  552.6 us [516..597]    2.18x main  R=[99, 297] rep=5  
  |     gs_pr@fast                  844.7 us [833..859]    1.43x main  R=[98, 294] rep=5  
  |     gs_pr_ascoded@pow2          596.9 us [582..661]    2.02x main  R=[69, 207] rep=5  
  |     gs_pr_ascoded@fast          907.9 us [902..957]    1.33x main  R=[75, 225] rep=5  
  |     gs_full@pow2                417.0 us [399..444]    2.89x main  R=[135, 405] rep=5  
  |     gs_full@fast                548.1 us [541..576]    2.20x main  R=[133, 399] rep=5  
  |     gs_half@pow2                358.9 us [356..387]    3.36x main  R=[172, 516] rep=5  
  |     gs_half@fast                441.1 us [434..449]    2.73x main  R=[164, 492] rep=5  
  |     floor                        66.4 us [62..67]   18.16x main  R=[400, 1200] rep=5  
  |   --- (n_det=2, N=410, n_modes=2) k=8  family aligo02  cond=1.1e+10 ---
  |     main                       2420.3 us [2363..2432]    1.00x main  R=[48, 144] rep=5  trsm=10 potrf=1 trsm_big=6 dot=5
  |     main_hoisted               2306.3 us [2249..2308]    1.05x main  R=[49, 147] rep=5  trsm=8 potrf=1 trsm_big=4 dot=5
  |     gemm_linv                   356.2 us [348..358]    6.79x main  R=[237, 711] rep=5  trsm=4 potrf=1 dot=9
  |     gemm_cinv                   357.6 us [351..364]    6.77x main  R=[278, 834] rep=5  trsm=4 potrf=1 dot=9
  |     gs_pr@pow2                  780.7 us [759..810]    3.10x main  R=[102, 306] rep=5  trsm=4 potrf=1 dot=5 fft=30
  |     gs_pr@fast                  838.5 us [819..867]    2.89x main  R=[97, 291] rep=5  trsm=4 potrf=1 dot=5 fft=30
  |     gs_pr_ascoded@pow2          797.9 us [790..801]    3.03x main  R=[101, 303] rep=5  trsm=4 potrf=1 dot=5 fft=34
  |     gs_pr_ascoded@fast          902.9 us [889..915]    2.68x main  R=[96, 288] rep=5  trsm=4 potrf=1 dot=5 fft=34
  |     gs_full@pow2                537.8 us [532..561]    4.50x main  R=[134, 402] rep=5  trsm=4 potrf=1 dot=5 fft=16
  |     gs_full@fast                571.1 us [567..588]    4.24x main  R=[133, 399] rep=5  trsm=4 potrf=1 dot=5 fft=16
  |     gs_half@pow2                449.5 us [442..455]    5.38x main  R=[180, 540] rep=5  trsm=4 potrf=1 dot=9 fft=8
  |     gs_half@fast                471.2 us [460..483]    5.14x main  R=[168, 504] rep=5  trsm=4 potrf=1 dot=9 fft=8
  |     floor                        66.3 us [64..69]   36.49x main  R=[400, 1200] rep=5  
  |   --- (n_det=2, N=410, n_modes=2) k=8  family expcos  cond=7.7e+02 ---
  |     main                       2421.1 us [2383..2425]    1.00x main  R=[49, 147] rep=5  
  |     main_hoisted               2309.3 us [2249..2311]    1.05x main  R=[50, 150] rep=5  
  |     gemm_linv                   353.6 us [346..357]    6.85x main  R=[230, 690] rep=5  
  |     gemm_cinv                   362.6 us [354..364]    6.68x main  R=[304, 912] rep=5  
  |     gs_pr@pow2                  780.9 us [769..794]    3.10x main  R=[98, 294] rep=5  
  |     gs_pr@fast                  842.3 us [824..865]    2.87x main  R=[101, 303] rep=5  
  |     gs_pr_ascoded@pow2          832.6 us [815..854]    2.91x main  R=[96, 288] rep=5  
  |     gs_pr_ascoded@fast          913.9 us [891..930]    2.65x main  R=[96, 288] rep=5  
  |     gs_full@pow2                540.1 us [533..555]    4.48x main  R=[134, 402] rep=5  
  |     gs_full@fast                573.2 us [569..594]    4.22x main  R=[135, 405] rep=5  
  |     gs_half@pow2                451.2 us [447..469]    5.37x main  R=[135, 405] rep=5  
  |     gs_half@fast                472.7 us [464..488]    5.12x main  R=[169, 507] rep=5  
  |     floor                        67.9 us [64..69]   35.66x main  R=[400, 1200] rep=5  
  |   --- (n_det=2, N=1024, n_modes=2) k=8  family aligo02  cond=2.8e+10 ---
  |     main                       6932.3 us [6778..6938]    1.00x main  R=[19, 57] rep=5  trsm=10 potrf=1 gemm=2 trsm_big=6 dot=3
  |     main_hoisted               6658.0 us [6501..6697]    1.04x main  R=[20, 60] rep=5  trsm=8 potrf=1 gemm=2 trsm_big=4 dot=3
  |     gemm_linv                   509.7 us [500..512]   13.60x main  R=[217, 651] rep=5  trsm=4 potrf=1 gemm=2 dot=7
  |     gemm_cinv                   513.5 us [503..517]   13.50x main  R=[210, 630] rep=5  trsm=4 potrf=1 gemm=2 dot=7
  |     gs_pr@pow2                 1179.7 us [1174..1203]    5.88x main  R=[73, 219] rep=5  trsm=4 potrf=1 gemm=2 dot=3 fft=30
  |     gs_pr@fast                 1201.1 us [1175..1202]    5.77x main  R=[91, 273] rep=5  trsm=4 potrf=1 gemm=2 dot=3 fft=30
  |     gs_pr_ascoded@pow2         1305.6 us [1284..1325]    5.31x main  R=[81, 243] rep=5  trsm=4 potrf=1 gemm=2 dot=3 fft=34
  |     gs_pr_ascoded@fast         1303.7 us [1276..1313]    5.32x main  R=[86, 258] rep=5  trsm=4 potrf=1 gemm=2 dot=3 fft=34
  |     gs_full@pow2                774.6 us [754..778]    8.95x main  R=[132, 396] rep=5  trsm=4 potrf=1 gemm=2 dot=3 fft=16
  |     gs_full@fast                779.9 us [756..783]    8.89x main  R=[136, 408] rep=5  trsm=4 potrf=1 gemm=2 dot=3 fft=16
  |     gs_half@pow2                578.1 us [575..591]   11.99x main  R=[150, 450] rep=5  trsm=4 potrf=1 gemm=4 dot=5 fft=8
  |     gs_half@fast                591.0 us [576..592]   11.73x main  R=[148, 444] rep=5  trsm=4 potrf=1 gemm=4 dot=5 fft=8
  |     floor                        68.9 us [69..74]  100.58x main  R=[400, 1200] rep=5  
  |   --- (n_det=2, N=1024, n_modes=2) k=8  family expcos  cond=7.8e+02 ---
  |     main                       6939.0 us [6773..6942]    1.00x main  R=[19, 57] rep=5  
  |     main_hoisted               6653.7 us [6495..6663]    1.04x main  R=[20, 60] rep=5  
  |     gemm_linv                   511.7 us [499..513]   13.56x main  R=[223, 669] rep=5  
  |     gemm_cinv                   510.8 us [500..514]   13.58x main  R=[199, 597] rep=5  
  |     gs_pr@pow2                 1176.4 us [1166..1205]    5.90x main  R=[72, 216] rep=5  
  |     gs_pr@fast                 1201.6 us [1176..1208]    5.77x main  R=[93, 279] rep=5  
  |     gs_pr_ascoded@pow2         1312.6 us [1284..1314]    5.29x main  R=[87, 261] rep=5  
  |     gs_pr_ascoded@fast         1301.9 us [1271..1305]    5.33x main  R=[88, 264] rep=5  
  |     gs_full@pow2                767.6 us [756..792]    9.04x main  R=[128, 384] rep=5  
  |     gs_full@fast                766.7 us [755..775]    9.05x main  R=[124, 372] rep=5  
  |     gs_half@pow2                578.2 us [576..592]   12.00x main  R=[150, 450] rep=5  
  |     gs_half@fast                591.9 us [578..601]   11.72x main  R=[154, 462] rep=5  
  |     floor                        69.0 us [69..74]  100.58x main  R=[400, 1200] rep=5  
  |   --- (n_det=2, N=2048, n_modes=4) k=16  family aligo02  cond=5.6e+10 ---
  |     main                       8852.8 us [8653..8921]    1.00x main  R=[15, 45] rep=5  trsm=10 potrf=1 trsm_big=6 dot=5
  |     main_hoisted               8348.0 us [8108..8406]    1.06x main  R=[16, 48] rep=5  trsm=8 potrf=1 trsm_big=4 dot=5
  |     gemm_linv                  1658.9 us [1619..1712]    5.34x main  R=[70, 210] rep=5  trsm=4 potrf=1 dot=9
  |     gemm_cinv                  1722.4 us [1614..1755]    5.14x main  R=[74, 222] rep=5  trsm=4 potrf=1 dot=9
  |     gs_pr@pow2                 2233.0 us [2184..2244]    3.96x main  R=[53, 159] rep=5  trsm=4 potrf=1 dot=5 fft=30
  |     gs_pr@fast                 2233.6 us [2186..2236]    3.96x main  R=[52, 156] rep=5  trsm=4 potrf=1 dot=5 fft=30
  |     gs_pr_ascoded@pow2         2447.5 us [2395..2459]    3.62x main  R=[48, 144] rep=5  trsm=4 potrf=1 dot=5 fft=34
  |     gs_pr_ascoded@fast         2452.2 us [2392..2460]    3.61x main  R=[48, 144] rep=5  trsm=4 potrf=1 dot=5 fft=34
  |     gs_full@pow2               1351.6 us [1320..1355]    6.55x main  R=[83, 249] rep=5  trsm=4 potrf=1 dot=5 fft=16
  |     gs_full@fast               1353.3 us [1322..1355]    6.54x main  R=[84, 252] rep=5  trsm=4 potrf=1 dot=5 fft=16
  |     gs_half@pow2                850.1 us [838..866]   10.41x main  R=[119, 357] rep=5  trsm=4 potrf=1 dot=9 fft=8
  |     gs_half@fast                857.1 us [839..876]   10.33x main  R=[119, 357] rep=5  trsm=4 potrf=1 dot=9 fft=8
  |     floor                        91.9 us [92..99]   96.29x main  R=[400, 1200] rep=5  
  |   --- (n_det=2, N=2048, n_modes=4) k=16  family expcos  cond=7.8e+02 ---
  |     main                       8843.2 us [8672..8852]    1.00x main  R=[15, 45] rep=5  
  |     main_hoisted               8330.8 us [8178..8359]    1.06x main  R=[15, 45] rep=5  
  |     gemm_linv                  1655.8 us [1616..1711]    5.34x main  R=[78, 234] rep=5  
  |     gemm_cinv                  1721.9 us [1623..1765]    5.14x main  R=[73, 219] rep=5  
  |     gs_pr@pow2                 2230.8 us [2185..2235]    3.96x main  R=[53, 159] rep=5  
  |     gs_pr@fast                 2232.7 us [2185..2235]    3.96x main  R=[54, 162] rep=5  
  |     gs_pr_ascoded@pow2         2452.2 us [2392..2458]    3.61x main  R=[48, 144] rep=5  
  |     gs_pr_ascoded@fast         2452.9 us [2390..2454]    3.61x main  R=[48, 144] rep=5  
  |     gs_full@pow2               1353.7 us [1319..1363]    6.53x main  R=[82, 246] rep=5  
  |     gs_full@fast               1351.7 us [1320..1354]    6.54x main  R=[83, 249] rep=5  
  |     gs_half@pow2                850.5 us [836..861]   10.40x main  R=[117, 351] rep=5  
  |     gs_half@fast                848.5 us [839..862]   10.42x main  R=[116, 348] rep=5  
  |     floor                        93.1 us [92..99]   94.98x main  R=[400, 1200] rep=5  
  |   --- (n_det=3, N=1024, n_modes=8) k=32  family aligo02  cond=2.8e+10 ---
  |     main                      10495.8 us [10274..10542]    1.00x main  R=[12, 36] rep=5  trsm=13 potrf=1 trsm_big=9 dot=7
  |     main_hoisted              10139.0 us [9899..10145]    1.04x main  R=[13, 39] rep=5  trsm=10 potrf=1 trsm_big=6 dot=7
  |     gemm_linv                  1269.0 us [1224..1272]    8.27x main  R=[82, 246] rep=5  trsm=4 potrf=1 dot=13  hoisted:{'gemm': {'grad': 0, 'loop_body': 6}, 'dot': {'grad': 13, 'loop_body': 7}}
  |     gemm_cinv                  1266.0 us [1244..1325]    8.29x main  R=[84, 252] rep=5  trsm=4 potrf=1 dot=12  hoisted:{'gemm': {'grad': 0, 'loop_body': 6}, 'dot': {'grad': 12, 'loop_body': 6}}
  |     gs_pr@pow2                 1818.0 us [1775..1835]    5.77x main  R=[67, 201] rep=5  trsm=4 potrf=1 dot=6 fft=45
  |     gs_pr@fast                 1818.3 us [1774..1821]    5.77x main  R=[64, 192] rep=5  trsm=4 potrf=1 dot=6 fft=45
  |     gs_pr_ascoded@pow2         1984.1 us [1936..1987]    5.29x main  R=[59, 177] rep=5  trsm=4 potrf=1 dot=6 fft=51
  |     gs_pr_ascoded@fast         1983.2 us [1934..1984]    5.29x main  R=[60, 180] rep=5  trsm=4 potrf=1 dot=6 fft=51
  |     gs_full@pow2               1204.7 us [1170..1213]    8.71x main  R=[93, 279] rep=5  trsm=4 potrf=1 dot=6 fft=24
  |     gs_full@fast               1201.5 us [1170..1209]    8.74x main  R=[96, 288] rep=5  trsm=4 potrf=1 dot=6 fft=24
  |     gs_half@pow2                837.9 us [817..846]   12.53x main  R=[121, 363] rep=5  trsm=4 potrf=1 dot=13 fft=12
  |     gs_half@fast                837.4 us [820..854]   12.53x main  R=[114, 342] rep=5  trsm=4 potrf=1 dot=13 fft=12
  |     floor                       108.6 us [109..115]   96.67x main  R=[400, 1200] rep=5  
  |   --- (n_det=3, N=1024, n_modes=8) k=32  family expcos  cond=7.8e+02 ---
  |     main                      10532.8 us [10273..10555]    1.00x main  R=[12, 36] rep=5  
  |     main_hoisted              10143.3 us [9986..10148]    1.04x main  R=[13, 39] rep=5  
  |     gemm_linv                  1250.7 us [1227..1277]    8.42x main  R=[83, 249] rep=5  
  |     gemm_cinv                  1292.9 us [1245..1342]    8.15x main  R=[84, 252] rep=5  
  |     gs_pr@pow2                 1818.2 us [1780..1831]    5.79x main  R=[64, 192] rep=5  
  |     gs_pr@fast                 1828.5 us [1788..1833]    5.76x main  R=[65, 195] rep=5  
  |     gs_pr_ascoded@pow2         1993.1 us [1941..2025]    5.28x main  R=[58, 174] rep=5  
  |     gs_pr_ascoded@fast         1985.7 us [1938..2005]    5.30x main  R=[60, 180] rep=5  
  |     gs_full@pow2               1203.0 us [1169..1208]    8.76x main  R=[94, 282] rep=5  
  |     gs_full@fast               1206.9 us [1170..1208]    8.73x main  R=[91, 273] rep=5  
  |     gs_half@pow2                845.5 us [829..862]   12.46x main  R=[105, 315] rep=5  
  |     gs_half@fast                843.9 us [817..849]   12.48x main  R=[109, 327] rep=5  
  |     floor                       109.8 us [110..117]   95.93x main  R=[400, 1200] rep=5  
  |   --- (n_det=2, N=4096, n_modes=4) k=16  family aligo02  cond=8.2e+10 ---
  |     main                      18864.0 us [18490..19012]    1.00x main  R=[8, 24] rep=5  trsm=10 potrf=1 trsm_big=6 dot=5
  |     main_hoisted              17915.7 us [17695..17982]    1.05x main  R=[8, 24] rep=5  trsm=8 potrf=1 trsm_big=4 dot=5
  |     gemm_linv                  5453.7 us [5074..5640]    3.46x main  R=[29, 87] rep=5  trsm=4 potrf=1 dot=9
  |     gemm_cinv                  5663.1 us [5243..5771]    3.33x main  R=[29, 87] rep=5  trsm=4 potrf=1 dot=9
  |     gs_pr@pow2                 2728.8 us [2668..2734]    6.91x main  R=[44, 132] rep=5  trsm=4 potrf=1 dot=5 fft=30
  |     gs_pr@fast                 2724.7 us [2675..2736]    6.92x main  R=[45, 135] rep=5  trsm=4 potrf=1 dot=5 fft=30
  |     gs_pr_ascoded@pow2         2989.5 us [2913..2992]    6.31x main  R=[41, 123] rep=5  trsm=4 potrf=1 dot=5 fft=34
  |     gs_pr_ascoded@fast         2982.0 us [2898..2990]    6.33x main  R=[41, 123] rep=5  trsm=4 potrf=1 dot=5 fft=34
  |     gs_full@pow2               1726.1 us [1683..1751]   10.93x main  R=[67, 201] rep=5  trsm=4 potrf=1 dot=5 fft=16
  |     gs_full@fast               1727.8 us [1699..1750]   10.92x main  R=[67, 201] rep=5  trsm=4 potrf=1 dot=5 fft=16
  |     gs_half@pow2               1059.8 us [1033..1065]   17.80x main  R=[99, 297] rep=5  trsm=4 potrf=1 dot=9 fft=8
  |     gs_half@fast               1053.8 us [1034..1069]   17.90x main  R=[101, 303] rep=5  trsm=4 potrf=1 dot=9 fft=8
  |     floor                        78.9 us [79..85]  239.17x main  R=[400, 1200] rep=5  
  |   --- (n_det=2, N=4096, n_modes=4) k=16  family expcos  cond=7.8e+02 ---
  |     main                      18873.1 us [18686..18991]    1.00x main  R=[8, 24] rep=5  
  |     main_hoisted              17837.3 us [17652..17867]    1.06x main  R=[8, 24] rep=5  
  |     gemm_linv                  5507.1 us [5061..5673]    3.43x main  R=[29, 87] rep=5  
  |     gemm_cinv                  5714.4 us [5238..5930]    3.30x main  R=[29, 87] rep=5  
  |     gs_pr@pow2                 2728.6 us [2680..2732]    6.92x main  R=[44, 132] rep=5  
  |     gs_pr@fast                 2722.2 us [2673..2769]    6.93x main  R=[45, 135] rep=5  
  |     gs_pr_ascoded@pow2         3004.7 us [2932..3012]    6.28x main  R=[40, 120] rep=5  
  |     gs_pr_ascoded@fast         2985.7 us [2933..3022]    6.32x main  R=[41, 123] rep=5  
  |     gs_full@pow2               1741.5 us [1683..1750]   10.84x main  R=[67, 201] rep=5  
  |     gs_full@fast               1732.3 us [1713..1747]   10.89x main  R=[62, 186] rep=5  
  |     gs_half@pow2               1058.9 us [1039..1078]   17.82x main  R=[99, 297] rep=5  
  |     gs_half@fast               1067.7 us [1047..1075]   17.68x main  R=[100, 300] rep=5  
  |     floor                        81.1 us [80..85]  232.65x main  R=[400, 1200] rep=5  
  | 
  | === COMPILE TIME of jit(grad) [leg gpu_f64] ===
  |   2,205,2      main                   lower  0.10 s  compile  0.51 s
  |   2,205,2      main_hoisted           lower  0.10 s  compile  0.54 s
  |   2,205,2      gemm_linv              lower  0.09 s  compile  0.71 s
  |   2,205,2      gemm_cinv              lower  0.09 s  compile  0.75 s
  |   2,205,2      gs_pr@pow2             lower  0.13 s  compile  0.70 s
  |   2,205,2      gs_pr@fast             lower  0.13 s  compile  0.66 s
  |   2,205,2      gs_pr_ascoded@pow2     lower  0.14 s  compile  0.69 s
  |   2,205,2      gs_pr_ascoded@fast     lower  0.13 s  compile  0.69 s
  |   2,205,2      gs_full@pow2           lower  0.12 s  compile  0.67 s
  |   2,205,2      gs_full@fast           lower  0.12 s  compile  0.62 s
  |   2,205,2      gs_half@pow2           lower  0.11 s  compile  0.77 s
  |   2,205,2      gs_half@fast           lower  0.11 s  compile  0.72 s
  |   2,205,2      floor                  lower  0.07 s  compile  0.46 s
  |   2,410,2      main                   lower  0.09 s  compile  0.53 s
  |   2,410,2      main_hoisted           lower  0.09 s  compile  0.58 s
  |   2,410,2      gemm_linv              lower  0.09 s  compile  0.71 s
  |   2,410,2      gemm_cinv              lower  0.09 s  compile  0.73 s
  |   2,410,2      gs_pr@pow2             lower  0.13 s  compile  0.70 s
  |   2,410,2      gs_pr@fast             lower  0.13 s  compile  0.68 s
  |   2,410,2      gs_pr_ascoded@pow2     lower  0.13 s  compile  0.78 s
  |   2,410,2      gs_pr_ascoded@fast     lower  0.13 s  compile  0.67 s
  |   2,410,2      gs_full@pow2           lower  0.12 s  compile  0.68 s
  |   2,410,2      gs_full@fast           lower  0.12 s  compile  0.73 s
  |   2,410,2      gs_half@pow2           lower  0.12 s  compile  0.67 s
  |   2,410,2      gs_half@fast           lower  0.11 s  compile  0.62 s
  |   2,410,2      floor                  lower  0.07 s  compile  0.43 s
  |   2,1024,2     main                   lower  0.09 s  compile  0.49 s
  |   2,1024,2     main_hoisted           lower  0.10 s  compile  0.51 s
  |   2,1024,2     gemm_linv              lower  0.09 s  compile  0.64 s
  |   2,1024,2     gemm_cinv              lower  0.09 s  compile  0.61 s
  |   2,1024,2     gs_pr@pow2             lower  0.13 s  compile  0.70 s
  |   2,1024,2     gs_pr@fast             lower  0.14 s  compile  0.69 s
  |   2,1024,2     gs_pr_ascoded@pow2     lower  0.13 s  compile  0.58 s
  |   2,1024,2     gs_pr_ascoded@fast     lower  0.13 s  compile  0.63 s
  |   2,1024,2     gs_full@pow2           lower  0.13 s  compile  0.59 s
  |   2,1024,2     gs_full@fast           lower  0.12 s  compile  0.69 s
  |   2,1024,2     gs_half@pow2           lower  0.12 s  compile  0.67 s
  |   2,1024,2     gs_half@fast           lower  0.14 s  compile  0.65 s
  |   2,1024,2     floor                  lower  0.07 s  compile  0.42 s
  |   2,2048,4     main                   lower  0.10 s  compile  0.55 s
  |   2,2048,4     main_hoisted           lower  0.09 s  compile  0.55 s
  |   2,2048,4     gemm_linv              lower  0.10 s  compile  0.67 s
  |   2,2048,4     gemm_cinv              lower  0.10 s  compile  0.68 s
  |   2,2048,4     gs_pr@pow2             lower  0.14 s  compile  0.75 s
  |   2,2048,4     gs_pr@fast             lower  0.14 s  compile  0.71 s
  |   2,2048,4     gs_pr_ascoded@pow2     lower  0.16 s  compile  0.71 s
  |   2,2048,4     gs_pr_ascoded@fast     lower  0.14 s  compile  0.70 s
  |   2,2048,4     gs_full@pow2           lower  0.14 s  compile  0.68 s
  |   2,2048,4     gs_full@fast           lower  0.13 s  compile  0.67 s
  |   2,2048,4     gs_half@pow2           lower  0.13 s  compile  0.68 s
  |   2,2048,4     gs_half@fast           lower  0.12 s  compile  0.71 s
  |   2,2048,4     floor                  lower  0.07 s  compile  0.49 s
  |   3,1024,8     main                   lower  0.11 s  compile  0.68 s
  |   3,1024,8     main_hoisted           lower  0.10 s  compile  0.69 s
  |   3,1024,8     gemm_linv              lower  0.11 s  compile  0.72 s
  |   3,1024,8     gemm_cinv              lower  0.10 s  compile  0.75 s
  |   3,1024,8     gs_pr@pow2             lower  0.16 s  compile  0.81 s
  |   3,1024,8     gs_pr@fast             lower  0.16 s  compile  0.83 s
  |   3,1024,8     gs_pr_ascoded@pow2     lower  0.17 s  compile  0.81 s
  |   3,1024,8     gs_pr_ascoded@fast     lower  0.16 s  compile  0.80 s
  |   3,1024,8     gs_full@pow2           lower  0.15 s  compile  0.82 s
  |   3,1024,8     gs_full@fast           lower  0.14 s  compile  0.80 s
  |   3,1024,8     gs_half@pow2           lower  0.12 s  compile  0.76 s
  |   3,1024,8     gs_half@fast           lower  0.14 s  compile  0.77 s
  |   3,1024,8     floor                  lower  0.07 s  compile  0.46 s
  |   2,4096,4     main                   lower  0.10 s  compile  0.62 s
  |   2,4096,4     main_hoisted           lower  0.09 s  compile  0.54 s
  |   2,4096,4     gemm_linv              lower  0.11 s  compile  0.68 s
  |   2,4096,4     gemm_cinv              lower  0.10 s  compile  0.75 s
  |   2,4096,4     gs_pr@pow2             lower  0.15 s  compile  0.68 s
  |   2,4096,4     gs_pr@fast             lower  0.14 s  compile  0.74 s
  |   2,4096,4     gs_pr_ascoded@pow2     lower  0.14 s  compile  0.70 s
  |   2,4096,4     gs_pr_ascoded@fast     lower  0.14 s  compile  0.74 s
  |   2,4096,4     gs_full@pow2           lower  0.13 s  compile  0.72 s
  |   2,4096,4     gs_full@fast           lower  0.13 s  compile  0.73 s
  |   2,4096,4     gs_half@pow2           lower  0.12 s  compile  0.62 s
  |   2,4096,4     gs_half@fast           lower  0.12 s  compile  0.67 s
  |   2,4096,4     floor                  lower  0.07 s  compile  0.46 s
  | 
  | === ACCURACY vs reference and vs float64 twin [leg gpu_f64, float64] ===
  |     matmul: jax_default_matmul_precision='None'
  |   config       family    variant                 nats_ref  relg_ref relg_ref*  relg_twn relg_twn* finite
  |   (* = cloud-normalized; by-kind numbers in the JSON)
  |   2,205,2      aligo02   main                    4.31e-07  1.13e-07  1.47e-08  2.77e-12  2.74e-13   True
  |   2,205,2      aligo02   main_hoisted            3.07e-07  1.13e-07  1.47e-08  1.54e-12  1.33e-13   True
  |   2,205,2      aligo02   gemm_linv               4.53e-08  1.45e-07  1.43e-08  8.17e-13  5.35e-14   True
  |   2,205,2      aligo02   gemm_cinv               4.53e-08  1.45e-07  1.43e-08  8.66e-13  6.42e-14   True
  |   2,205,2      aligo02   gs_pr@pow2              4.38e-07  3.04e-07  2.35e-08  7.39e-13  4.84e-14   True
  |   2,205,2      aligo02   gs_pr@fast              4.38e-07  3.04e-07  2.35e-08  1.09e-12  7.14e-14   True
  |   2,205,2      aligo02   gs_pr_ascoded@pow2      4.38e-07  3.04e-07  2.35e-08  7.88e-13  5.16e-14   True
  |   2,205,2      aligo02   gs_pr_ascoded@fast      4.38e-07  3.04e-07  2.35e-08  9.82e-13  6.44e-14   True
  |   2,205,2      aligo02   gs_full@pow2            4.38e-07  3.04e-07  2.35e-08  9.24e-13  6.06e-14   True
  |   2,205,2      aligo02   gs_full@fast            4.38e-07  3.04e-07  2.35e-08  9.82e-13  6.44e-14   True
  |   2,205,2      aligo02   gs_half@pow2            4.38e-07  3.04e-07  2.35e-08  9.53e-13  6.25e-14   True
  |   2,205,2      aligo02   gs_half@fast            4.38e-07  3.04e-07  2.35e-08  9.53e-13  6.25e-14   True
  |   2,205,2      aligo2    main                    6.16e-10  5.27e-11  1.27e-11  4.83e-13  3.52e-14   True
  |   2,205,2      aligo2    main_hoisted            3.98e-10  5.27e-11  1.27e-11  5.64e-13  5.84e-14   True
  |   2,205,2      aligo2    gemm_linv               1.56e-10  3.32e-11  3.66e-12  1.68e-13  2.55e-14   True
  |   2,205,2      aligo2    gemm_cinv               1.56e-10  3.32e-11  3.66e-12  1.67e-13  2.19e-14   True
  |   2,205,2      aligo2    gs_pr@pow2              4.14e-10  3.18e-11  7.56e-12  1.58e-13  3.87e-14   True
  |   2,205,2      aligo2    gs_pr@fast              4.14e-10  3.18e-11  7.56e-12  2.17e-13  2.63e-14   True
  |   2,205,2      aligo2    gs_pr_ascoded@pow2      4.14e-10  3.18e-11  7.56e-12  1.63e-13  3.88e-14   True
  |   2,205,2      aligo2    gs_pr_ascoded@fast      4.14e-10  3.18e-11  7.56e-12  1.97e-13  3.46e-14   True
  |   2,205,2      aligo2    gs_full@pow2            4.14e-10  3.18e-11  7.56e-12  1.83e-13  2.86e-14   True
  |   2,205,2      aligo2    gs_full@fast            4.14e-10  3.18e-11  7.56e-12  1.96e-13  3.06e-14   True
  |   2,205,2      aligo2    gs_half@pow2            4.14e-10  3.18e-11  7.56e-12  2.08e-13  3.19e-14   True
  |   2,205,2      aligo2    gs_half@fast            4.14e-10  3.18e-11  7.56e-12  1.58e-13  2.99e-14   True
  |   2,205,2      aligo20   main                    7.03e-13  6.62e-13  6.80e-14  2.17e-12  3.23e-14   True
  |   2,205,2      aligo20   main_hoisted            8.74e-13  1.53e-12  7.05e-14  1.52e-12  4.43e-14   True
  |   2,205,2      aligo20   gemm_linv               7.32e-13  2.44e-12  7.40e-14  6.49e-13  2.97e-14   True
  |   2,205,2      aligo20   gemm_cinv               1.05e-12  3.22e-12  6.05e-14  3.69e-12  2.51e-14   True
  |   2,205,2      aligo20   gs_pr@pow2              1.05e-12  6.23e-12  6.20e-14  1.44e-12  2.99e-14   True
  |   2,205,2      aligo20   gs_pr@fast              1.02e-12  4.27e-12  5.86e-14  1.63e-12  4.45e-14   True
  |   2,205,2      aligo20   gs_pr_ascoded@pow2      1.05e-12  4.33e-12  7.29e-14  7.69e-13  3.18e-14   True
  |   2,205,2      aligo20   gs_pr_ascoded@fast      9.02e-13  5.40e-12  5.51e-14  6.93e-13  3.57e-14   True
  |   2,205,2      aligo20   gs_full@pow2            1.05e-12  5.07e-12  6.35e-14  8.89e-13  4.24e-14   True
  |   2,205,2      aligo20   gs_full@fast            9.59e-13  4.00e-12  5.46e-14  1.73e-12  4.05e-14   True
  |   2,205,2      aligo20   gs_half@pow2            7.89e-13  1.31e-12  6.25e-14  3.83e-12  5.50e-14   True
  |   2,205,2      aligo20   gs_half@fast            7.89e-13  1.42e-12  5.81e-14  1.47e-12  4.24e-14   True
  |   2,205,2      expcos    main                    8.61e-12  4.82e-11  2.10e-12  8.34e-13  1.39e-13   True
  |   2,205,2      expcos    main_hoisted            8.41e-12  4.80e-11  2.10e-12  8.22e-13  1.38e-13   True
  |   2,205,2      expcos    gemm_linv               8.53e-12  4.81e-11  2.10e-12  8.11e-13  1.48e-13   True
  |   2,205,2      expcos    gemm_cinv               8.58e-12  4.77e-11  2.10e-12  7.41e-13  1.38e-13   True
  |   2,205,2      expcos    gs_pr@pow2              1.05e-11  4.77e-11  2.11e-12  7.53e-13  1.28e-13   True
  |   2,205,2      expcos    gs_pr@fast              1.03e-11  4.75e-11  2.11e-12  7.18e-13  1.24e-13   True
  |   2,205,2      expcos    gs_pr_ascoded@pow2      1.05e-11  4.77e-11  2.11e-12  7.99e-13  1.28e-13   True
  |   2,205,2      expcos    gs_pr_ascoded@fast      1.02e-11  4.75e-11  2.11e-12  7.53e-13  1.19e-13   True
  |   2,205,2      expcos    gs_full@pow2            1.05e-11  4.77e-11  2.11e-12  8.23e-13  1.38e-13   True
  |   2,205,2      expcos    gs_full@fast            1.05e-11  4.74e-11  2.11e-12  7.99e-13  1.28e-13   True
  |   2,205,2      expcos    gs_half@pow2            1.04e-11  4.80e-11  2.11e-12  7.30e-13  1.38e-13   True
  |   2,205,2      expcos    gs_half@fast            1.03e-11  4.77e-11  2.11e-12  7.41e-13  1.24e-13   True
  |   2,205,2      white     main                    5.12e-13  1.08e-12  2.63e-14  1.18e-12  3.03e-14   True
  |   2,205,2      white     main_hoisted            5.12e-13  1.08e-12  2.63e-14  1.18e-12  3.03e-14   True
  |   2,205,2      white     gemm_linv               5.12e-13  1.23e-12  2.99e-14  1.45e-12  3.53e-14   True
  |   2,205,2      white     gemm_cinv               5.12e-13  1.13e-12  2.75e-14  1.18e-12  2.87e-14   True
  |   2,205,2      white     gs_pr@pow2              4.55e-13  9.08e-13  3.27e-14  8.10e-13  2.18e-14   True
  |   2,205,2      white     gs_pr@fast              5.12e-13  1.28e-12  3.11e-14  1.23e-12  2.99e-14   True
  |   2,205,2      white     gs_pr_ascoded@pow2      4.55e-13  9.08e-13  3.27e-14  8.10e-13  2.18e-14   True
  |   2,205,2      white     gs_pr_ascoded@fast      5.12e-13  1.28e-12  3.11e-14  1.23e-12  2.99e-14   True
  |   2,205,2      white     gs_full@pow2            4.55e-13  6.14e-13  2.95e-14  8.10e-13  2.12e-14   True
  |   2,205,2      white     gs_full@fast            5.68e-13  8.84e-13  2.79e-14  8.84e-13  2.15e-14   True
  |   2,205,2      white     gs_half@pow2            5.12e-13  9.82e-13  3.69e-14  1.23e-12  2.99e-14   True
  |   2,205,2      white     gs_half@fast            5.68e-13  6.63e-13  3.01e-14  1.25e-12  3.05e-14   True
  |   2,205,2      gw150914  main                    3.82e-10  9.10e-11  1.01e-11  3.17e-13  4.85e-14   True
  |   2,205,2      gw150914  main_hoisted            1.78e-10  9.08e-11  1.01e-11  4.54e-13  3.66e-14   True
  |   2,205,2      gw150914  gemm_linv               1.91e-10  1.58e-10  1.19e-11  4.70e-13  3.06e-14   True
  |   2,205,2      gw150914  gemm_cinv               1.91e-10  1.57e-10  1.19e-11  3.58e-13  2.33e-14   True
  |   2,205,2      gw150914  gs_pr@pow2              2.47e-10  5.25e-11  6.32e-12  2.59e-13  1.99e-14   True
  |   2,205,2      gw150914  gs_pr@fast              2.47e-10  5.26e-11  6.32e-12  3.49e-13  3.64e-14   True
  |   2,205,2      gw150914  gs_pr_ascoded@pow2      2.47e-10  5.25e-11  6.32e-12  3.13e-13  2.40e-14   True
  |   2,205,2      gw150914  gs_pr_ascoded@fast      2.47e-10  5.26e-11  6.32e-12  3.67e-13  2.59e-14   True
  |   2,205,2      gw150914  gs_full@pow2            2.47e-10  5.26e-11  6.32e-12  3.10e-13  2.20e-14   True
  |   2,205,2      gw150914  gs_full@fast            2.47e-10  5.25e-11  6.31e-12  2.77e-13  2.06e-14   True
  |   2,205,2      gw150914  gs_half@pow2            2.47e-10  5.23e-11  6.29e-12  3.67e-13  2.39e-14   True
  |   2,205,2      gw150914  gs_half@fast            2.47e-10  5.23e-11  6.30e-12  2.48e-13  2.00e-14   True
  |   2,410,2      aligo02   main                    1.64e-06  6.95e-07  1.22e-08  2.61e-12  2.85e-13   True
  |   2,410,2      aligo02   main_hoisted            2.05e-07  6.95e-07  1.22e-08  7.51e-12  2.00e-13   True
  |   2,410,2      aligo02   gemm_linv               5.57e-08  2.88e-07  1.65e-08  3.30e-12  8.68e-14   True
  |   2,410,2      aligo02   gemm_cinv               5.57e-08  2.88e-07  1.65e-08  3.12e-13  5.21e-14   True
  |   2,410,2      aligo02   gs_pr@pow2              4.16e-07  5.67e-07  2.68e-08  6.50e-13  6.18e-14   True
  |   2,410,2      aligo02   gs_pr@fast              4.16e-07  5.67e-07  2.68e-08  1.70e-12  6.79e-14   True
  |   2,410,2      aligo02   gs_pr_ascoded@pow2      4.16e-07  5.67e-07  2.68e-08  7.83e-13  7.50e-14   True
  |   2,410,2      aligo02   gs_pr_ascoded@fast      4.16e-07  5.67e-07  2.68e-08  1.84e-12  7.36e-14   True
  |   2,410,2      aligo02   gs_full@pow2            4.16e-07  5.67e-07  2.68e-08  1.45e-12  5.80e-14   True
  |   2,410,2      aligo02   gs_full@fast            4.16e-07  5.67e-07  2.68e-08  1.73e-12  6.90e-14   True
  |   2,410,2      aligo02   gs_half@pow2            4.16e-07  5.67e-07  2.68e-08  2.48e-13  4.79e-14   True
  |   2,410,2      aligo02   gs_half@fast            4.16e-07  5.67e-07  2.68e-08  6.07e-13  4.41e-14   True
  |   2,410,2      aligo2    main                    6.01e-10  3.53e-10  5.10e-12  1.73e-12  6.90e-14   True
  |   2,410,2      aligo2    main_hoisted            2.86e-10  3.52e-10  5.10e-12  8.76e-13  7.39e-14   True
  |   2,410,2      aligo2    gemm_linv               9.14e-11  4.01e-10  4.36e-12  6.80e-13  3.25e-14   True
  |   2,410,2      aligo2    gemm_cinv               9.14e-11  4.01e-10  4.36e-12  4.82e-13  3.27e-14   True
  |   2,410,2      aligo2    gs_pr@pow2              4.51e-10  3.25e-10  8.41e-12  3.08e-13  2.77e-14   True
  |   2,410,2      aligo2    gs_pr@fast              4.51e-10  3.25e-10  8.41e-12  3.93e-13  2.72e-14   True
  |   2,410,2      aligo2    gs_pr_ascoded@pow2      4.51e-10  3.25e-10  8.41e-12  5.40e-13  2.68e-14   True
  |   2,410,2      aligo2    gs_pr_ascoded@fast      4.51e-10  3.25e-10  8.41e-12  3.42e-13  3.79e-14   True
  |   2,410,2      aligo2    gs_full@pow2            4.51e-10  3.25e-10  8.41e-12  2.59e-13  2.17e-14   True
  |   2,410,2      aligo2    gs_full@fast            4.51e-10  3.25e-10  8.41e-12  3.64e-13  2.48e-14   True
  |   2,410,2      aligo2    gs_half@pow2            4.51e-10  3.24e-10  8.42e-12  6.57e-13  2.59e-14   True
  |   2,410,2      aligo2    gs_half@fast            4.51e-10  3.24e-10  8.42e-12  8.64e-13  4.33e-14   True
  |   2,410,2      aligo20   main                    1.60e-12  4.49e-11  2.35e-13  1.14e-11  3.22e-14   True
  |   2,410,2      aligo20   main_hoisted            1.89e-12  4.35e-11  2.43e-13  1.27e-12  4.52e-14   True
  |   2,410,2      aligo20   gemm_linv               1.60e-12  4.35e-11  2.51e-13  2.16e-11  4.88e-14   True
  |   2,410,2      aligo20   gemm_cinv               1.58e-12  5.87e-11  1.86e-13  5.09e-12  5.05e-14   True
  |   2,410,2      aligo20   gs_pr@pow2              1.69e-12  6.38e-11  2.13e-13  1.15e-11  3.94e-14   True
  |   2,410,2      aligo20   gs_pr@fast              1.81e-12  6.26e-11  2.09e-13  1.10e-11  5.54e-14   True
  |   2,410,2      aligo20   gs_pr_ascoded@pow2      1.64e-12  6.51e-11  2.00e-13  1.27e-11  4.18e-14   True
  |   2,410,2      aligo20   gs_pr_ascoded@fast      1.75e-12  6.64e-11  2.03e-13  1.65e-11  6.16e-14   True
  |   2,410,2      aligo20   gs_full@pow2            1.63e-12  6.38e-11  2.02e-13  1.15e-11  4.80e-14   True
  |   2,410,2      aligo20   gs_full@fast            1.75e-12  6.38e-11  2.20e-13  1.57e-11  4.31e-14   True
  |   2,410,2      aligo20   gs_half@pow2            1.77e-12  5.62e-11  2.02e-13  3.39e-12  4.56e-14   True
  |   2,410,2      aligo20   gs_half@fast            1.82e-12  6.00e-11  2.00e-13  6.77e-12  4.55e-14   True
  |   2,410,2      expcos    main                    1.08e-11  5.88e-12  3.96e-12  2.47e-12  1.54e-13   True
  |   2,410,2      expcos    main_hoisted            1.07e-11  6.06e-12  3.97e-12  2.18e-12  1.60e-13   True
  |   2,410,2      expcos    gemm_linv               1.07e-11  6.40e-12  3.97e-12  2.90e-12  1.53e-13   True
  |   2,410,2      expcos    gemm_cinv               1.06e-11  7.46e-12  3.97e-12  4.07e-12  1.69e-13   True
  |   2,410,2      expcos    gs_pr@pow2              9.38e-12  7.12e-12  3.99e-12  3.84e-12  1.65e-13   True
  |   2,410,2      expcos    gs_pr@fast              9.38e-12  7.30e-12  3.98e-12  3.68e-12  1.68e-13   True
  |   2,410,2      expcos    gs_pr_ascoded@pow2      9.38e-12  6.95e-12  3.98e-12  3.67e-12  1.66e-13   True
  |   2,410,2      expcos    gs_pr_ascoded@fast      9.38e-12  7.25e-12  3.98e-12  3.63e-12  1.66e-13   True
  |   2,410,2      expcos    gs_full@pow2            9.32e-12  7.80e-12  3.99e-12  4.36e-12  1.74e-13   True
  |   2,410,2      expcos    gs_full@fast            9.49e-12  7.05e-12  3.98e-12  3.11e-12  1.69e-13   True
  |   2,410,2      expcos    gs_half@pow2            9.15e-12  6.40e-12  3.99e-12  2.60e-12  1.65e-13   True
  |   2,410,2      expcos    gs_half@fast            9.15e-12  6.81e-12  3.99e-12  3.07e-12  1.65e-13   True
  |   2,410,2      white     main                    3.41e-13  2.85e-13  5.38e-14  3.75e-13  2.80e-14   True
  |   2,410,2      white     main_hoisted            3.41e-13  2.85e-13  5.38e-14  3.75e-13  2.80e-14   True
  |   2,410,2      white     gemm_linv               3.41e-13  3.70e-13  5.29e-14  4.83e-13  2.29e-14   True
  |   2,410,2      white     gemm_cinv               3.41e-13  3.22e-13  5.29e-14  4.91e-13  2.12e-14   True
  |   2,410,2      white     gs_pr@pow2              3.41e-13  3.06e-13  5.55e-14  4.07e-13  1.94e-14   True
  |   2,410,2      white     gs_pr@fast              3.41e-13  2.75e-13  5.55e-14  3.52e-13  2.54e-14   True
  |   2,410,2      white     gs_pr_ascoded@pow2      3.41e-13  3.06e-13  5.55e-14  4.07e-13  1.94e-14   True
  |   2,410,2      white     gs_pr_ascoded@fast      3.41e-13  2.75e-13  5.55e-14  3.52e-13  2.54e-14   True
  |   2,410,2      white     gs_full@pow2            3.98e-13  3.16e-13  4.84e-14  4.39e-13  1.93e-14   True
  |   2,410,2      white     gs_full@fast            3.41e-13  3.02e-13  5.91e-14  4.79e-13  2.07e-14   True
  |   2,410,2      white     gs_half@pow2            3.41e-13  2.33e-13  5.20e-14  5.05e-13  1.88e-14   True
  |   2,410,2      white     gs_half@fast            3.41e-13  3.55e-13  5.73e-14  4.95e-13  1.93e-14   True
  |   2,410,2      gw150914  main                    2.18e-10  3.68e-10  1.27e-11  1.69e-12  1.14e-13   True
  |   2,410,2      gw150914  main_hoisted            2.69e-10  3.67e-10  1.27e-11  6.05e-13  1.01e-13   True
  |   2,410,2      gw150914  gemm_linv               6.32e-11  5.42e-11  1.09e-11  5.63e-13  3.10e-14   True
  |   2,410,2      gw150914  gemm_cinv               6.32e-11  5.42e-11  1.09e-11  5.63e-13  3.60e-14   True
  |   2,410,2      gw150914  gs_pr@pow2              1.43e-09  6.25e-10  3.18e-11  5.63e-13  3.88e-14   True
  |   2,410,2      gw150914  gs_pr@fast              1.43e-09  6.25e-10  3.18e-11  5.63e-13  5.05e-14   True
  |   2,410,2      gw150914  gs_pr_ascoded@pow2      1.43e-09  6.25e-10  3.18e-11  5.63e-13  3.81e-14   True
  |   2,410,2      gw150914  gs_pr_ascoded@fast      1.43e-09  6.25e-10  3.18e-11  5.63e-13  4.18e-14   True
  |   2,410,2      gw150914  gs_full@pow2            1.43e-09  6.25e-10  3.18e-11  6.76e-13  5.26e-14   True
  |   2,410,2      gw150914  gs_full@fast            1.43e-09  6.25e-10  3.18e-11  5.63e-13  3.79e-14   True
  |   2,410,2      gw150914  gs_half@pow2            1.43e-09  6.25e-10  3.18e-11  5.63e-13  2.18e-14   True
  |   2,410,2      gw150914  gs_half@fast            1.43e-09  6.25e-10  3.18e-11  5.63e-13  2.27e-14   True
  |   2,1024,2     aligo02   main                    2.85e-06  3.41e-07  2.32e-08  1.46e-11  8.52e-13   True
  |   2,1024,2     aligo02   main_hoisted            2.18e-07  3.41e-07  2.32e-08  1.60e-11  8.87e-13   True
  |   2,1024,2     aligo02   gemm_linv               3.01e-08  1.04e-07  6.99e-09  3.16e-13  2.81e-14   True
  |   2,1024,2     aligo02   gemm_cinv               3.01e-08  1.04e-07  6.99e-09  6.53e-13  2.06e-14   True
  |   2,1024,2     aligo02   gs_pr@pow2              4.17e-07  2.65e-07  1.64e-08  1.22e-12  3.52e-14   True
  |   2,1024,2     aligo02   gs_pr@fast              4.17e-07  2.65e-07  1.64e-08  1.22e-12  3.52e-14   True
  |   2,1024,2     aligo02   gs_pr_ascoded@pow2      4.17e-07  2.65e-07  1.64e-08  1.14e-12  3.88e-14   True
  |   2,1024,2     aligo02   gs_pr_ascoded@fast      4.17e-07  2.65e-07  1.64e-08  1.14e-12  3.88e-14   True
  |   2,1024,2     aligo02   gs_full@pow2            4.17e-07  2.65e-07  1.64e-08  1.63e-12  3.45e-14   True
  |   2,1024,2     aligo02   gs_full@fast            4.17e-07  2.65e-07  1.64e-08  1.63e-12  3.45e-14   True
  |   2,1024,2     aligo02   gs_half@pow2            4.17e-07  2.65e-07  1.64e-08  6.07e-13  3.15e-14   True
  |   2,1024,2     aligo02   gs_half@fast            4.17e-07  2.65e-07  1.64e-08  6.07e-13  3.15e-14   True
  |   2,1024,2     aligo2    main                    3.07e-10  1.76e-10  1.63e-11  3.00e-12  8.95e-14   True
  |   2,1024,2     aligo2    main_hoisted            1.76e-10  1.76e-10  1.63e-11  2.06e-12  1.42e-13   True
  |   2,1024,2     aligo2    gemm_linv               8.64e-11  1.90e-10  7.02e-12  4.13e-13  6.81e-14   True
  |   2,1024,2     aligo2    gemm_cinv               8.64e-11  1.90e-10  6.99e-12  6.35e-13  7.86e-14   True
  |   2,1024,2     aligo2    gs_pr@pow2              5.67e-10  6.22e-10  7.85e-12  7.59e-13  9.30e-14   True
  |   2,1024,2     aligo2    gs_pr@fast              5.67e-10  6.22e-10  7.85e-12  7.59e-13  9.30e-14   True
  |   2,1024,2     aligo2    gs_pr_ascoded@pow2      5.67e-10  6.22e-10  7.85e-12  5.74e-13  7.03e-14   True
  |   2,1024,2     aligo2    gs_pr_ascoded@fast      5.67e-10  6.22e-10  7.85e-12  5.74e-13  7.03e-14   True
  |   2,1024,2     aligo2    gs_full@pow2            5.67e-10  6.22e-10  7.85e-12  6.54e-13  8.02e-14   True
  |   2,1024,2     aligo2    gs_full@fast            5.67e-10  6.22e-10  7.85e-12  6.54e-13  8.02e-14   True
  |   2,1024,2     aligo2    gs_half@pow2            5.67e-10  6.23e-10  7.84e-12  5.15e-13  7.65e-14   True
  |   2,1024,2     aligo2    gs_half@fast            5.67e-10  6.23e-10  7.84e-12  5.15e-13  7.65e-14   True
  |   2,1024,2     aligo20   main                    1.11e-12  1.82e-11  7.36e-14  3.61e-12  5.65e-14   True
  |   2,1024,2     aligo20   main_hoisted            1.11e-12  1.87e-11  7.56e-14  3.27e-12  4.85e-14   True
  |   2,1024,2     aligo20   gemm_linv               8.81e-13  1.59e-11  5.32e-14  1.92e-12  7.27e-14   True
  |   2,1024,2     aligo20   gemm_cinv               8.78e-13  1.59e-11  8.38e-14  9.69e-12  5.01e-14   True
  |   2,1024,2     aligo20   gs_pr@pow2              1.12e-12  1.75e-11  8.04e-14  1.08e-11  5.97e-14   True
  |   2,1024,2     aligo20   gs_pr@fast              1.12e-12  1.75e-11  8.04e-14  1.08e-11  5.97e-14   True
  |   2,1024,2     aligo20   gs_pr_ascoded@pow2      1.12e-12  1.65e-11  6.38e-14  9.80e-12  5.55e-14   True
  |   2,1024,2     aligo20   gs_pr_ascoded@fast      1.12e-12  1.65e-11  6.38e-14  9.80e-12  5.55e-14   True
  |   2,1024,2     aligo20   gs_full@pow2            1.11e-12  1.59e-11  9.06e-14  1.16e-11  4.65e-14   True
  |   2,1024,2     aligo20   gs_full@fast            1.11e-12  1.59e-11  9.06e-14  1.16e-11  4.65e-14   True
  |   2,1024,2     aligo20   gs_half@pow2            1.11e-12  1.64e-11  6.41e-14  1.92e-11  5.54e-14   True
  |   2,1024,2     aligo20   gs_half@fast            1.11e-12  1.64e-11  6.41e-14  1.92e-11  5.54e-14   True
  |   2,1024,2     expcos    main                    5.00e-12  1.31e-11  1.50e-12  3.24e-13  8.77e-14   True
  |   2,1024,2     expcos    main_hoisted            5.46e-12  1.31e-11  1.51e-12  3.08e-13  1.14e-13   True
  |   2,1024,2     expcos    gemm_linv               5.46e-12  1.31e-11  1.51e-12  3.41e-13  1.14e-13   True
  |   2,1024,2     expcos    gemm_cinv               5.46e-12  1.31e-11  1.50e-12  3.37e-13  1.14e-13   True
  |   2,1024,2     expcos    gs_pr@pow2              6.59e-12  1.32e-11  1.51e-12  3.37e-13  1.24e-13   True
  |   2,1024,2     expcos    gs_pr@fast              6.59e-12  1.32e-11  1.51e-12  3.37e-13  1.24e-13   True
  |   2,1024,2     expcos    gs_pr_ascoded@pow2      6.59e-12  1.31e-11  1.51e-12  3.85e-13  1.24e-13   True
  |   2,1024,2     expcos    gs_pr_ascoded@fast      6.59e-12  1.31e-11  1.51e-12  3.85e-13  1.24e-13   True
  |   2,1024,2     expcos    gs_full@pow2            6.59e-12  1.32e-11  1.51e-12  3.85e-13  1.19e-13   True
  |   2,1024,2     expcos    gs_full@fast            6.59e-12  1.32e-11  1.51e-12  3.85e-13  1.19e-13   True
  |   2,1024,2     expcos    gs_half@pow2            6.59e-12  1.32e-11  1.51e-12  4.82e-13  1.29e-13   True
  |   2,1024,2     expcos    gs_half@fast            6.59e-12  1.32e-11  1.51e-12  4.82e-13  1.29e-13   True
  |   2,1024,2     white     main                    4.55e-13  2.73e-12  3.08e-14  5.55e-13  2.49e-14   True
  |   2,1024,2     white     main_hoisted            4.55e-13  2.73e-12  3.08e-14  5.55e-13  2.49e-14   True
  |   2,1024,2     white     gemm_linv               4.55e-13  2.84e-12  2.57e-14  3.42e-13  2.83e-14   True
  |   2,1024,2     white     gemm_cinv               4.55e-13  2.81e-12  2.50e-14  3.12e-13  3.01e-14   True
  |   2,1024,2     white     gs_pr@pow2              4.55e-13  2.80e-12  2.83e-14  3.97e-13  2.28e-14   True
  |   2,1024,2     white     gs_pr@fast              4.55e-13  2.80e-12  2.83e-14  3.97e-13  2.28e-14   True
  |   2,1024,2     white     gs_pr_ascoded@pow2      4.55e-13  2.80e-12  2.83e-14  3.97e-13  2.28e-14   True
  |   2,1024,2     white     gs_pr_ascoded@fast      4.55e-13  2.80e-12  2.83e-14  3.97e-13  2.28e-14   True
  |   2,1024,2     white     gs_full@pow2            4.55e-13  2.86e-12  2.83e-14  3.52e-13  2.91e-14   True
  |   2,1024,2     white     gs_full@fast            4.55e-13  2.86e-12  2.83e-14  3.52e-13  2.91e-14   True
  |   2,1024,2     white     gs_half@pow2            4.55e-13  2.90e-12  3.49e-14  5.35e-13  3.15e-14   True
  |   2,1024,2     white     gs_half@fast            4.55e-13  2.90e-12  3.49e-14  5.35e-13  3.15e-14   True
  |   2,1024,2     gw150914  main                    6.89e-09  4.97e-10  4.91e-11  4.49e-12  1.58e-13   True
  |   2,1024,2     gw150914  main_hoisted            1.54e-09  4.93e-10  4.92e-11  7.09e-12  1.39e-13   True
  |   2,1024,2     gw150914  gemm_linv               1.11e-09  1.71e-10  3.62e-11  5.87e-12  9.73e-14   True
  |   2,1024,2     gw150914  gemm_cinv               1.11e-09  1.70e-10  3.62e-11  3.47e-12  6.11e-14   True
  |   2,1024,2     gw150914  gs_pr@pow2              5.55e-08  1.44e-08  1.77e-09  3.11e-12  6.43e-14   True
  |   2,1024,2     gw150914  gs_pr@fast              5.55e-08  1.44e-08  1.77e-09  3.11e-12  6.43e-14   True
  |   2,1024,2     gw150914  gs_pr_ascoded@pow2      5.55e-08  1.44e-08  1.77e-09  2.69e-12  6.31e-14   True
  |   2,1024,2     gw150914  gs_pr_ascoded@fast      5.55e-08  1.44e-08  1.77e-09  2.69e-12  6.31e-14   True
  |   2,1024,2     gw150914  gs_full@pow2            5.55e-08  1.44e-08  1.77e-09  2.65e-12  5.20e-14   True
  |   2,1024,2     gw150914  gs_full@fast            5.55e-08  1.44e-08  1.77e-09  2.65e-12  5.20e-14   True
  |   2,1024,2     gw150914  gs_half@pow2            5.55e-08  1.44e-08  1.77e-09  9.95e-13  4.02e-14   True
  |   2,1024,2     gw150914  gs_half@fast            5.55e-08  1.44e-08  1.77e-09  9.95e-13  4.02e-14   True
  |   2,2048,4     aligo02   main                    1.12e-05  6.29e-07  6.63e-08  6.00e-11  4.01e-12   True
  |   2,2048,4     aligo02   main_hoisted            7.65e-07  6.29e-07  6.64e-08  7.15e-11  4.01e-12   True
  |   2,2048,4     aligo02   gemm_linv               3.26e-07  7.56e-08  1.13e-08  1.06e-12  2.64e-13   True
  |   2,2048,4     aligo02   gemm_cinv               3.26e-07  7.56e-08  1.13e-08  1.05e-12  4.23e-13   True
  |   2,2048,4     aligo02   gs_pr@pow2              1.01e-06  3.65e-07  2.57e-08  1.59e-12  4.23e-13   True
  |   2,2048,4     aligo02   gs_pr@fast              1.01e-06  3.65e-07  2.57e-08  1.59e-12  4.23e-13   True
  |   2,2048,4     aligo02   gs_pr_ascoded@pow2      1.01e-06  3.65e-07  2.57e-08  1.59e-12  2.84e-13   True
  |   2,2048,4     aligo02   gs_pr_ascoded@fast      1.01e-06  3.65e-07  2.57e-08  1.59e-12  2.84e-13   True
  |   2,2048,4     aligo02   gs_full@pow2            1.01e-06  3.65e-07  2.57e-08  1.59e-12  3.70e-13   True
  |   2,2048,4     aligo02   gs_full@fast            1.01e-06  3.65e-07  2.57e-08  1.59e-12  3.70e-13   True
  |   2,2048,4     aligo02   gs_half@pow2            1.01e-06  3.65e-07  2.57e-08  1.99e-12  3.17e-13   True
  |   2,2048,4     aligo02   gs_half@fast            1.01e-06  3.65e-07  2.57e-08  1.99e-12  3.17e-13   True
  |   2,2048,4     aligo2    main                    1.29e-09  1.29e-10  9.00e-12  4.69e-11  4.91e-13   True
  |   2,2048,4     aligo2    main_hoisted            3.20e-10  1.25e-10  9.00e-12  4.69e-11  4.91e-13   True
  |   2,2048,4     aligo2    gemm_linv               8.19e-11  4.39e-10  5.49e-12  2.13e-11  2.23e-13   True
  |   2,2048,4     aligo2    gemm_cinv               8.19e-11  4.27e-10  5.42e-12  3.84e-11  4.02e-13   True
  |   2,2048,4     aligo2    gs_pr@pow2              3.02e-10  4.39e-10  9.43e-12  2.99e-11  3.12e-13   True
  |   2,2048,4     aligo2    gs_pr@fast              3.02e-10  4.39e-10  9.43e-12  2.99e-11  3.12e-13   True
  |   2,2048,4     aligo2    gs_pr_ascoded@pow2      3.02e-10  4.35e-10  9.43e-12  3.41e-11  3.57e-13   True
  |   2,2048,4     aligo2    gs_pr_ascoded@fast      3.02e-10  4.35e-10  9.43e-12  3.41e-11  3.57e-13   True
  |   2,2048,4     aligo2    gs_full@pow2            3.02e-10  4.44e-10  9.45e-12  2.13e-11  2.34e-13   True
  |   2,2048,4     aligo2    gs_full@fast            3.02e-10  4.44e-10  9.45e-12  2.13e-11  2.34e-13   True
  |   2,2048,4     aligo2    gs_half@pow2            3.02e-10  4.52e-10  9.43e-12  1.71e-11  2.84e-13   True
  |   2,2048,4     aligo2    gs_half@fast            3.02e-10  4.52e-10  9.43e-12  1.71e-11  2.84e-13   True
  |   2,2048,4     aligo20   main                    1.40e-11  6.72e-11  5.39e-13  2.39e-11  5.01e-13   True
  |   2,2048,4     aligo20   main_hoisted            1.40e-11  6.69e-11  5.17e-13  2.37e-11  4.59e-13   True
  |   2,2048,4     aligo20   gemm_linv               1.40e-11  6.58e-11  6.03e-13  2.26e-11  4.59e-13   True
  |   2,2048,4     aligo20   gemm_cinv               1.40e-11  6.44e-11  5.01e-13  1.57e-11  4.31e-13   True
  |   2,2048,4     aligo20   gs_pr@pow2              1.45e-11  6.75e-11  5.39e-13  1.75e-11  3.89e-13   True
  |   2,2048,4     aligo20   gs_pr@fast              1.45e-11  6.75e-11  5.39e-13  1.75e-11  3.89e-13   True
  |   2,2048,4     aligo20   gs_pr_ascoded@pow2      1.45e-11  6.69e-11  4.74e-13  1.70e-11  4.67e-13   True
  |   2,2048,4     aligo20   gs_pr_ascoded@fast      1.45e-11  6.69e-11  4.74e-13  1.70e-11  4.67e-13   True
  |   2,2048,4     aligo20   gs_full@pow2            1.45e-11  6.52e-11  4.96e-13  1.54e-11  4.09e-13   True
  |   2,2048,4     aligo20   gs_full@fast            1.45e-11  6.52e-11  4.96e-13  1.54e-11  4.09e-13   True
  |   2,2048,4     aligo20   gs_half@pow2            1.45e-11  6.35e-11  5.42e-13  1.71e-11  3.66e-13   True
  |   2,2048,4     aligo20   gs_half@fast            1.45e-11  6.35e-11  5.42e-13  1.71e-11  3.66e-13   True
  |   2,2048,4     expcos    main                    6.41e-11  1.02e-10  1.08e-11  3.06e-11  5.54e-13   True
  |   2,2048,4     expcos    main_hoisted            6.41e-11  1.03e-10  1.08e-11  2.91e-11  5.27e-13   True
  |   2,2048,4     expcos    gemm_linv               6.41e-11  1.02e-10  1.08e-11  2.77e-11  5.01e-13   True
  |   2,2048,4     expcos    gemm_cinv               6.41e-11  1.02e-10  1.08e-11  2.91e-11  5.27e-13   True
  |   2,2048,4     expcos    gs_pr@pow2              6.37e-11  1.03e-10  1.08e-11  2.77e-11  5.01e-13   True
  |   2,2048,4     expcos    gs_pr@fast              6.37e-11  1.03e-10  1.08e-11  2.77e-11  5.01e-13   True
  |   2,2048,4     expcos    gs_pr_ascoded@pow2      6.37e-11  1.02e-10  1.08e-11  2.62e-11  4.75e-13   True
  |   2,2048,4     expcos    gs_pr_ascoded@fast      6.37e-11  1.02e-10  1.08e-11  2.62e-11  4.75e-13   True
  |   2,2048,4     expcos    gs_full@pow2            6.37e-11  1.02e-10  1.08e-11  2.62e-11  4.75e-13   True
  |   2,2048,4     expcos    gs_full@fast            6.37e-11  1.02e-10  1.08e-11  2.62e-11  4.75e-13   True
  |   2,2048,4     expcos    gs_half@pow2            6.37e-11  1.03e-10  1.08e-11  2.77e-11  5.01e-13   True
  |   2,2048,4     expcos    gs_half@fast            6.37e-11  1.03e-10  1.08e-11  2.77e-11  5.01e-13   True
  |   2,2048,4     white     main                    7.73e-12  2.59e-11  6.96e-13  2.50e-11  2.13e-13   True
  |   2,2048,4     white     main_hoisted            7.73e-12  2.59e-11  6.96e-13  2.50e-11  2.13e-13   True
  |   2,2048,4     white     gemm_linv               7.73e-12  2.25e-11  6.41e-13  1.97e-11  2.67e-13   True
  |   2,2048,4     white     gemm_cinv               7.73e-12  2.59e-11  6.96e-13  1.95e-11  2.67e-13   True
  |   2,2048,4     white     gs_pr@pow2              7.73e-12  2.59e-11  6.96e-13  9.24e-12  3.74e-13   True
  |   2,2048,4     white     gs_pr@fast              7.73e-12  2.59e-11  6.96e-13  9.24e-12  3.74e-13   True
  |   2,2048,4     white     gs_pr_ascoded@pow2      7.73e-12  2.59e-11  6.96e-13  9.24e-12  3.74e-13   True
  |   2,2048,4     white     gs_pr_ascoded@fast      7.73e-12  2.59e-11  6.96e-13  9.24e-12  3.74e-13   True
  |   2,2048,4     white     gs_full@pow2            7.73e-12  2.25e-11  6.04e-13  1.82e-11  2.17e-13   True
  |   2,2048,4     white     gs_full@fast            7.73e-12  2.25e-11  6.04e-13  1.82e-11  2.17e-13   True
  |   2,2048,4     white     gs_half@pow2            7.73e-12  2.65e-11  6.50e-13  3.82e-11  3.10e-13   True
  |   2,2048,4     white     gs_half@fast            7.73e-12  2.65e-11  6.50e-13  3.82e-11  3.10e-13   True
  |   2,2048,4     gw150914  main                    6.45e-08  8.68e-08  9.80e-09  3.37e-11  2.47e-12   True
  |   2,2048,4     gw150914  main_hoisted            2.41e-07  8.68e-08  9.80e-09  3.75e-11  2.70e-12   True
  |   2,2048,4     gw150914  gemm_linv               2.30e-08  2.76e-08  2.29e-09  6.09e-12  5.37e-13   True
  |   2,2048,4     gw150914  gemm_cinv               2.30e-08  2.76e-08  2.29e-09  3.75e-12  3.02e-13   True
  |   2,2048,4     gw150914  gs_pr@pow2              5.71e-07  3.44e-07  4.89e-08  2.81e-12  4.36e-13   True
  |   2,2048,4     gw150914  gs_pr@fast              5.71e-07  3.44e-07  4.89e-08  2.81e-12  4.36e-13   True
  |   2,2048,4     gw150914  gs_pr_ascoded@pow2      5.71e-07  3.44e-07  4.89e-08  3.75e-12  5.37e-13   True
  |   2,2048,4     gw150914  gs_pr_ascoded@fast      5.71e-07  3.44e-07  4.89e-08  3.75e-12  5.37e-13   True
  |   2,2048,4     gw150914  gs_full@pow2            5.71e-07  3.44e-07  4.89e-08  5.62e-12  5.71e-13   True
  |   2,2048,4     gw150914  gs_full@fast            5.71e-07  3.44e-07  4.89e-08  5.62e-12  5.71e-13   True
  |   2,2048,4     gw150914  gs_half@pow2            5.71e-07  3.44e-07  4.89e-08  5.15e-12  4.23e-13   True
  |   2,2048,4     gw150914  gs_half@fast            5.71e-07  3.44e-07  4.89e-08  5.15e-12  4.23e-13   True
  |   3,1024,8     aligo02   main                    2.26e-06  3.98e-07  2.14e-08  1.40e-09  7.70e-13   True
  |   3,1024,8     aligo02   main_hoisted            3.53e-07  3.98e-07  2.14e-08  1.40e-09  7.70e-13   True
  |   3,1024,8     aligo02   gemm_linv               4.78e-07  2.17e-07  6.48e-09  1.22e-09  6.72e-13   True
  |   3,1024,8     aligo02   gemm_cinv               4.78e-07  2.17e-07  6.48e-09  1.47e-09  8.10e-13   True
  |   3,1024,8     aligo02   gs_pr@pow2              4.17e-07  5.66e-07  2.10e-08  1.36e-09  7.51e-13   True
  |   3,1024,8     aligo02   gs_pr@fast              4.17e-07  5.66e-07  2.10e-08  1.36e-09  7.51e-13   True
  |   3,1024,8     aligo02   gs_pr_ascoded@pow2      4.17e-07  5.66e-07  2.10e-08  1.22e-09  6.72e-13   True
  |   3,1024,8     aligo02   gs_pr_ascoded@fast      4.17e-07  5.66e-07  2.10e-08  1.22e-09  6.72e-13   True
  |   3,1024,8     aligo02   gs_full@pow2            4.17e-07  5.66e-07  2.10e-08  1.11e-09  6.12e-13   True
  |   3,1024,8     aligo02   gs_full@fast            4.17e-07  5.66e-07  2.10e-08  1.11e-09  6.12e-13   True
  |   3,1024,8     aligo02   gs_half@pow2            4.17e-07  5.66e-07  2.10e-08  1.25e-09  6.91e-13   True
  |   3,1024,8     aligo02   gs_half@fast            4.17e-07  5.66e-07  2.10e-08  1.25e-09  6.91e-13   True
  |   3,1024,8     aligo2    main                    3.56e-09  2.40e-11  8.04e-12  1.02e-13  4.24e-14   True
  |   3,1024,8     aligo2    main_hoisted            3.02e-10  2.41e-11  8.07e-12  1.44e-13  6.39e-14   True
  |   3,1024,8     aligo2    gemm_linv               2.00e-11  4.15e-12  1.57e-12  4.25e-14  1.16e-14   True
  |   3,1024,8     aligo2    gemm_cinv               2.00e-11  4.13e-12  1.57e-12  2.08e-14  7.57e-15   True
  |   3,1024,8     aligo2    gs_pr@pow2              8.19e-11  5.91e-12  2.27e-12  1.84e-14  7.93e-15   True
  |   3,1024,8     aligo2    gs_pr@fast              8.19e-11  5.91e-12  2.27e-12  1.84e-14  7.93e-15   True
  |   3,1024,8     aligo2    gs_pr_ascoded@pow2      8.19e-11  5.93e-12  2.27e-12  3.47e-14  9.19e-15   True
  |   3,1024,8     aligo2    gs_pr_ascoded@fast      8.19e-11  5.93e-12  2.27e-12  3.47e-14  9.19e-15   True
  |   3,1024,8     aligo2    gs_full@pow2            8.19e-11  5.91e-12  2.27e-12  2.79e-14  7.84e-15   True
  |   3,1024,8     aligo2    gs_full@fast            8.19e-11  5.91e-12  2.27e-12  2.79e-14  7.84e-15   True
  |   3,1024,8     aligo2    gs_half@pow2            8.19e-11  5.93e-12  2.27e-12  3.38e-14  1.12e-14   True
  |   3,1024,8     aligo2    gs_half@fast            8.19e-11  5.93e-12  2.27e-12  3.38e-14  1.12e-14   True
  |   3,1024,8     aligo20   main                    9.92e-11  5.98e-11  8.05e-12  1.16e-11  5.14e-13   True
  |   3,1024,8     aligo20   main_hoisted            9.90e-11  5.98e-11  8.05e-12  2.33e-11  6.87e-13   True
  |   3,1024,8     aligo20   gemm_linv               9.88e-11  5.98e-11  8.05e-12  1.50e-11  5.15e-13   True
  |   3,1024,8     aligo20   gemm_cinv               9.88e-11  5.98e-11  8.05e-12  2.33e-11  6.87e-13   True
  |   3,1024,8     aligo20   gs_pr@pow2              9.90e-11  5.98e-11  8.05e-12  2.49e-11  7.36e-13   True
  |   3,1024,8     aligo20   gs_pr@fast              9.90e-11  5.98e-11  8.05e-12  2.49e-11  7.36e-13   True
  |   3,1024,8     aligo20   gs_pr_ascoded@pow2      9.90e-11  5.98e-11  8.05e-12  1.83e-11  5.40e-13   True
  |   3,1024,8     aligo20   gs_pr_ascoded@fast      9.90e-11  5.98e-11  8.05e-12  1.83e-11  5.40e-13   True
  |   3,1024,8     aligo20   gs_full@pow2            9.90e-11  5.98e-11  8.05e-12  2.33e-11  6.87e-13   True
  |   3,1024,8     aligo20   gs_full@fast            9.90e-11  5.98e-11  8.05e-12  2.33e-11  6.87e-13   True
  |   3,1024,8     aligo20   gs_half@pow2            9.90e-11  5.98e-11  8.05e-12  1.99e-11  5.89e-13   True
  |   3,1024,8     aligo20   gs_half@fast            9.90e-11  5.98e-11  8.05e-12  1.99e-11  5.89e-13   True
  |   3,1024,8     expcos    main                    1.39e-09  6.91e-09  6.78e-11  1.89e-09  1.06e-12   True
  |   3,1024,8     expcos    main_hoisted            1.39e-09  6.96e-09  6.78e-11  1.82e-09  1.06e-12   True
  |   3,1024,8     expcos    gemm_linv               1.39e-09  6.87e-09  6.78e-11  1.69e-09  1.06e-12   True
  |   3,1024,8     expcos    gemm_cinv               1.39e-09  6.87e-09  6.79e-11  1.76e-09  1.06e-12   True
  |   3,1024,8     expcos    gs_pr@pow2              1.39e-09  6.81e-09  6.79e-11  1.68e-09  1.06e-12   True
  |   3,1024,8     expcos    gs_pr@fast              1.39e-09  6.81e-09  6.79e-11  1.68e-09  1.06e-12   True
  |   3,1024,8     expcos    gs_pr_ascoded@pow2      1.39e-09  6.81e-09  6.79e-11  1.68e-09  1.06e-12   True
  |   3,1024,8     expcos    gs_pr_ascoded@fast      1.39e-09  6.81e-09  6.79e-11  1.68e-09  1.06e-12   True
  |   3,1024,8     expcos    gs_full@pow2            1.39e-09  6.94e-09  6.79e-11  1.81e-09  1.05e-12   True
  |   3,1024,8     expcos    gs_full@fast            1.39e-09  6.94e-09  6.79e-11  1.81e-09  1.05e-12   True
  |   3,1024,8     expcos    gs_half@pow2            1.39e-09  6.91e-09  6.79e-11  1.81e-09  1.05e-12   True
  |   3,1024,8     expcos    gs_half@fast            1.39e-09  6.91e-09  6.79e-11  1.81e-09  1.05e-12   True
  |   3,1024,8     white     main                    6.61e-10  1.63e-09  3.67e-11  9.50e-11  2.39e-12   True
  |   3,1024,8     white     main_hoisted            6.61e-10  1.63e-09  3.67e-11  9.50e-11  2.39e-12   True
  |   3,1024,8     white     gemm_linv               6.61e-10  1.63e-09  3.67e-11  6.56e-11  2.39e-12   True
  |   3,1024,8     white     gemm_cinv               6.61e-10  1.63e-09  3.67e-11  1.09e-10  2.38e-12   True
  |   3,1024,8     white     gs_pr@pow2              6.61e-10  1.63e-09  3.67e-11  9.27e-11  2.39e-12   True
  |   3,1024,8     white     gs_pr@fast              6.61e-10  1.63e-09  3.67e-11  9.27e-11  2.39e-12   True
  |   3,1024,8     white     gs_pr_ascoded@pow2      6.61e-10  1.63e-09  3.67e-11  9.27e-11  2.39e-12   True
  |   3,1024,8     white     gs_pr_ascoded@fast      6.61e-10  1.63e-09  3.67e-11  9.27e-11  2.39e-12   True
  |   3,1024,8     white     gs_full@pow2            6.61e-10  1.63e-09  3.67e-11  1.20e-10  2.39e-12   True
  |   3,1024,8     white     gs_full@fast            6.61e-10  1.63e-09  3.67e-11  1.20e-10  2.39e-12   True
  |   3,1024,8     white     gs_half@pow2            6.61e-10  1.63e-09  3.67e-11  7.69e-11  2.39e-12   True
  |   3,1024,8     white     gs_half@fast            6.61e-10  1.63e-09  3.67e-11  7.69e-11  2.39e-12   True
  |   3,1024,8     gw150914  main                    1.34e-09  2.37e-09  1.37e-11  1.05e-09  8.81e-12   True
  |   3,1024,8     gw150914  main_hoisted            3.26e-10  2.37e-09  1.36e-11  1.05e-09  8.88e-12   True
  |   3,1024,8     gw150914  gemm_linv               2.09e-10  4.44e-10  1.31e-11  1.31e-09  8.81e-12   True
  |   3,1024,8     gw150914  gemm_cinv               2.09e-10  5.93e-10  1.31e-11  1.58e-09  8.80e-12   True
  |   3,1024,8     gw150914  gs_pr@pow2              4.17e-10  1.05e-09  1.68e-11  7.89e-10  8.81e-12   True
  |   3,1024,8     gw150914  gs_pr@fast              4.17e-10  1.05e-09  1.68e-11  7.89e-10  8.81e-12   True
  |   3,1024,8     gw150914  gs_pr_ascoded@pow2      4.17e-10  3.14e-10  1.68e-11  1.58e-09  8.81e-12   True
  |   3,1024,8     gw150914  gs_pr_ascoded@fast      4.17e-10  3.14e-10  1.68e-11  1.58e-09  8.81e-12   True
  |   3,1024,8     gw150914  gs_full@pow2            4.17e-10  2.96e-10  1.68e-11  1.05e-09  8.80e-12   True
  |   3,1024,8     gw150914  gs_full@fast            4.17e-10  2.96e-10  1.68e-11  1.05e-09  8.80e-12   True
  |   3,1024,8     gw150914  gs_half@pow2            4.17e-10  5.26e-10  1.68e-11  1.05e-09  8.80e-12   True
  |   3,1024,8     gw150914  gs_half@fast            4.17e-10  5.26e-10  1.68e-11  1.05e-09  8.80e-12   True
  |   2,4096,4     aligo02   main                    7.23e-06  2.76e-07  3.05e-08  1.55e-11  1.45e-12   True
  |   2,4096,4     aligo02   main_hoisted            4.35e-07  2.76e-07  3.05e-08  1.60e-11  1.77e-12   True
  |   2,4096,4     aligo02   gemm_linv               9.08e-08  1.98e-08  8.09e-09  1.05e-13  1.09e-14   True
  |   2,4096,4     aligo02   gemm_cinv               9.08e-08  1.98e-08  8.09e-09  5.11e-14  8.27e-15   True
  |   2,4096,4     aligo02   gs_pr@pow2              3.76e-07  1.77e-07  1.57e-08  2.68e-14  1.01e-14   True
  |   2,4096,4     aligo02   gs_pr@fast              3.76e-07  1.77e-07  1.57e-08  2.68e-14  1.01e-14   True
  |   2,4096,4     aligo02   gs_pr_ascoded@pow2      3.76e-07  1.77e-07  1.57e-08  4.49e-14  9.98e-15   True
  |   2,4096,4     aligo02   gs_pr_ascoded@fast      3.76e-07  1.77e-07  1.57e-08  4.49e-14  9.98e-15   True
  |   2,4096,4     aligo02   gs_full@pow2            3.76e-07  1.77e-07  1.57e-08  4.44e-14  5.60e-15   True
  |   2,4096,4     aligo02   gs_full@fast            3.76e-07  1.77e-07  1.57e-08  4.44e-14  5.60e-15   True
  |   2,4096,4     aligo02   gs_half@pow2            3.76e-07  1.77e-07  1.57e-08  3.50e-14  5.95e-15   True
  |   2,4096,4     aligo02   gs_half@fast            3.76e-07  1.77e-07  1.57e-08  3.50e-14  5.95e-15   True
  |   2,4096,4     aligo2    main                    1.40e-09  4.07e-11  4.87e-12  2.61e-13  8.47e-14   True
  |   2,4096,4     aligo2    main_hoisted            5.82e-11  4.08e-11  4.88e-12  3.53e-13  9.27e-14   True
  |   2,4096,4     aligo2    gemm_linv               5.82e-11  1.60e-11  2.43e-12  5.47e-14  8.23e-15   True
  |   2,4096,4     aligo2    gemm_cinv               5.82e-11  1.60e-11  2.44e-12  3.44e-14  5.92e-15   True
  |   2,4096,4     aligo2    gs_pr@pow2              1.24e-10  1.39e-10  1.66e-11  6.20e-14  7.37e-15   True
  |   2,4096,4     aligo2    gs_pr@fast              1.24e-10  1.39e-10  1.66e-11  6.20e-14  7.37e-15   True
  |   2,4096,4     aligo2    gs_pr_ascoded@pow2      1.24e-10  1.39e-10  1.66e-11  4.67e-14  7.43e-15   True
  |   2,4096,4     aligo2    gs_pr_ascoded@fast      1.24e-10  1.39e-10  1.66e-11  4.67e-14  7.43e-15   True
  |   2,4096,4     aligo2    gs_full@pow2            1.24e-10  1.39e-10  1.66e-11  3.00e-14  6.59e-15   True
  |   2,4096,4     aligo2    gs_full@fast            1.24e-10  1.39e-10  1.66e-11  3.00e-14  6.59e-15   True
  |   2,4096,4     aligo2    gs_half@pow2            1.24e-10  1.39e-10  1.66e-11  6.02e-14  1.02e-14   True
  |   2,4096,4     aligo2    gs_half@fast            1.24e-10  1.39e-10  1.66e-11  6.02e-14  1.02e-14   True
  |   2,4096,4     aligo20   main                    1.25e-12  6.87e-14  1.09e-14  2.77e-13  3.24e-14   True
  |   2,4096,4     aligo20   main_hoisted            6.25e-13  5.95e-14  1.08e-14  3.62e-13  3.50e-14   True
  |   2,4096,4     aligo20   gemm_linv               4.55e-13  6.11e-14  9.16e-15  6.43e-14  8.79e-15   True
  |   2,4096,4     aligo20   gemm_cinv               4.55e-13  6.62e-14  9.31e-15  7.30e-14  6.92e-15   True
  |   2,4096,4     aligo20   gs_pr@pow2              4.55e-13  5.99e-14  8.29e-15  5.64e-14  8.29e-15   True
  |   2,4096,4     aligo20   gs_pr@fast              4.55e-13  5.99e-14  8.29e-15  5.64e-14  8.29e-15   True
  |   2,4096,4     aligo20   gs_pr_ascoded@pow2      4.55e-13  7.07e-14  8.69e-15  3.32e-14  6.96e-15   True
  |   2,4096,4     aligo20   gs_pr_ascoded@fast      4.55e-13  7.07e-14  8.69e-15  3.32e-14  6.96e-15   True
  |   2,4096,4     aligo20   gs_full@pow2            5.68e-13  7.32e-14  9.70e-15  8.48e-14  8.04e-15   True
  |   2,4096,4     aligo20   gs_full@fast            5.68e-13  7.32e-14  9.70e-15  8.48e-14  8.04e-15   True
  |   2,4096,4     aligo20   gs_half@pow2            5.12e-13  1.37e-13  1.30e-14  9.92e-14  9.41e-15   True
  |   2,4096,4     aligo20   gs_half@fast            5.12e-13  1.37e-13  1.30e-14  9.92e-14  9.41e-15   True
  |   2,4096,4     expcos    main                    1.82e-12  8.25e-14  1.01e-14  2.53e-13  1.26e-14   True
  |   2,4096,4     expcos    main_hoisted            1.82e-12  9.07e-14  1.04e-14  2.06e-13  1.04e-14   True
  |   2,4096,4     expcos    gemm_linv               1.82e-12  1.37e-13  1.47e-14  1.27e-13  1.03e-14   True
  |   2,4096,4     expcos    gemm_cinv               1.82e-12  6.14e-14  1.23e-14  1.76e-13  1.15e-14   True
  |   2,4096,4     expcos    gs_pr@pow2              9.09e-13  1.04e-13  3.62e-14  1.24e-13  8.97e-15   True
  |   2,4096,4     expcos    gs_pr@fast              9.09e-13  1.04e-13  3.62e-14  1.24e-13  8.97e-15   True
  |   2,4096,4     expcos    gs_pr_ascoded@pow2      9.09e-13  1.50e-13  2.68e-14  1.77e-13  7.02e-15   True
  |   2,4096,4     expcos    gs_pr_ascoded@fast      9.09e-13  1.50e-13  2.68e-14  1.77e-13  7.02e-15   True
  |   2,4096,4     expcos    gs_full@pow2            9.09e-13  2.24e-13  3.21e-14  2.31e-13  9.03e-15   True
  |   2,4096,4     expcos    gs_full@fast            9.09e-13  2.24e-13  3.21e-14  2.31e-13  9.03e-15   True
  |   2,4096,4     expcos    gs_half@pow2            9.09e-13  2.81e-13  2.99e-14  1.06e-13  8.79e-15   True
  |   2,4096,4     expcos    gs_half@fast            9.09e-13  2.81e-13  2.99e-14  1.06e-13  8.79e-15   True
  |   2,4096,4     white     main                    9.09e-13  1.25e-12  1.27e-14  1.14e-12  1.35e-14   True
  |   2,4096,4     white     main_hoisted            9.09e-13  1.25e-12  1.27e-14  1.14e-12  1.35e-14   True
  |   2,4096,4     white     gemm_linv               9.09e-13  1.30e-12  1.24e-14  1.01e-12  1.39e-14   True
  |   2,4096,4     white     gemm_cinv               9.09e-13  1.23e-12  1.39e-14  9.34e-13  1.15e-14   True
  |   2,4096,4     white     gs_pr@pow2              9.09e-13  1.05e-12  1.20e-14  7.63e-13  1.38e-14   True
  |   2,4096,4     white     gs_pr@fast              9.09e-13  1.05e-12  1.20e-14  7.63e-13  1.38e-14   True
  |   2,4096,4     white     gs_pr_ascoded@pow2      9.09e-13  1.05e-12  1.20e-14  7.63e-13  1.38e-14   True
  |   2,4096,4     white     gs_pr_ascoded@fast      9.09e-13  1.05e-12  1.20e-14  7.63e-13  1.38e-14   True
  |   2,4096,4     white     gs_full@pow2            9.09e-13  8.59e-13  1.35e-14  2.44e-13  1.09e-14   True
  |   2,4096,4     white     gs_full@fast            9.09e-13  8.59e-13  1.35e-14  2.44e-13  1.09e-14   True
  |   2,4096,4     white     gs_half@pow2            9.09e-13  6.55e-13  1.37e-14  6.20e-13  1.54e-14   True
  |   2,4096,4     white     gs_half@fast            9.09e-13  6.55e-13  1.37e-14  6.20e-13  1.54e-14   True
  |   2,4096,4     gw150914  main                    3.29e-06  9.69e-03  2.39e-07  6.76e-08  4.64e-12   True
  |   2,4096,4     gw150914  main_hoisted            2.27e-05  9.69e-03  2.39e-07  5.29e-08  2.12e-12   True
  |   2,4096,4     gw150914  gemm_linv               2.68e-05  4.15e-02  6.44e-07  6.07e-09  8.10e-13   True
  |   2,4096,4     gw150914  gemm_cinv               2.68e-05  4.15e-02  6.44e-07  1.21e-08  8.32e-13   True
  |   2,4096,4     gw150914  gs_pr@pow2              8.53e-04  2.31e-01  1.23e-05  2.46e-08  7.98e-13   True
  |   2,4096,4     gw150914  gs_pr@fast              8.53e-04  2.31e-01  1.23e-05  2.46e-08  7.98e-13   True
  |   2,4096,4     gw150914  gs_pr_ascoded@pow2      8.53e-04  2.31e-01  1.23e-05  3.54e-08  1.43e-12   True
  |   2,4096,4     gw150914  gs_pr_ascoded@fast      8.53e-04  2.31e-01  1.23e-05  3.54e-08  1.43e-12   True
  |   2,4096,4     gw150914  gs_full@pow2            8.53e-04  2.31e-01  1.23e-05  3.26e-08  7.28e-13   True
  |   2,4096,4     gw150914  gs_full@fast            8.53e-04  2.31e-01  1.23e-05  3.26e-08  7.28e-13   True
  |   2,4096,4     gw150914  gs_half@pow2            8.53e-04  2.31e-01  1.23e-05  2.57e-09  2.27e-12   True
  |   2,4096,4     gw150914  gs_half@fast            8.53e-04  2.31e-01  1.23e-05  2.57e-09  2.27e-12   True
  | 
  | === LEG gpu_f64 DONE in 1543.4 s -> /mnt/home/misi/src/ringdown/benchmarks/gs/results/local.gpu_f64.json ===
  |   (leg wall 1549.1 s, exit 0)

------------------------------------------------------------------------------
=== LEG: gpu_f32 ===
  $ /mnt/home/misi/src/ringdown/.venv/bin/python /mnt/home/misi/src/ringdown/benchmarks/gs/bench_gs.py --no-sub --out /mnt/home/misi/src/ringdown/benchmarks/gs/results/local.gpu_f32.json --parent-pid 2744913 --platform gpu --x64 0 --leg gpu_f32 --sections env,f32acc,devtime,compile --inputs /mnt/home/misi/src/ringdown/benchmarks/gs/inputs --ref /mnt/home/misi/src/ringdown/benchmarks/gs/results/local.ref.npz --nfft both --timing-families aligo02,expcos --nuts-variants main,main_hoisted,gs_half,gemm_linv --nuts-n 300 --nuts-seeds 0,1 --cpu-omp 8 --gs-coeffs pr --spectra-from f64 --ref-logdet cholesky --tag local-a6000-run2
  | 
  | === ENVIRONMENT [leg gpu_f32] ===
  |   hostname             ccalin016.flatironinstitute.org
  |   jax_backend          gpu
  |   jax_devices          ['cuda:0']
  |   jax_device_kinds     ['NVIDIA RTX A6000']
  |   jax_enable_x64       False
  |   jax_default_matmul_precision None
  |   dtype                float32
  |   fft_backend_hint     cufft
  |   cpu_model            Intel(R) Xeon(R) Gold 6244 CPU @ 3.60GHz
  |   cpu_affinity_count   32
  |   nvidia_smi           NVIDIA RTX A6000, 595.91.07, 49140 MiB, 8.6, 2100 MHz
  |   configs              [[2, 205, 2], [2, 410, 2], [2, 1024, 2], [2, 2048, 4], [3, 1024, 8], [2, 4096, 4]]
  |   families             ['aligo02', 'aligo2', 'aligo20', 'expcos', 'white', 'gw150914']
  |   threads              {'OMP_NUM_THREADS': '1', 'MKL_NUM_THREADS': None, 'OPENBLAS_NUM_THREADS': None, 'NPROC': None, 'XLA_FLAGS': None, 'JAX_PLATFORMS': 'cuda'}
  |   xla_cpu_pool         0
  |   matmul               TF32 allowed for float32 dots (JAX default on Ampere+ GPUs)
  |   policies             gs_coeffs=pr spectra_from=f64 logdetC_source=longdouble
  |   ringdown             /mnt/home/misi/src/ringdown (v1.1.0-42-g0246591)
  |   gpu_state            0 %, 1800 MHz, 2100 MHz, 61, 61.28 W, 819 MiB
  | 
  | === PER-GRADIENT DEVICE TIME (us/grad) [leg gpu_f32] ===
  |     slope method over two fori_loop counts, medians of 5; per-cell budget 25 s; constants are jit ARGUMENTS
  |     threads: {'OMP_NUM_THREADS': '1', 'NPROC': None, 'xla_cpu_pool_threads': 0}
  |   --- (n_det=2, N=205, n_modes=2) k=8  family aligo02  cond=5.7e+09 ---
  |     main                        300.9 us [289..320]    1.00x main  R=[223, 669] rep=5  trsm=10 potrf=1 trsm_big=6 dot=5
  |     main_hoisted                258.9 us [254..265]    1.16x main  R=[370, 1110] rep=5  trsm=8 potrf=1 trsm_big=4 dot=5
  |     gemm_linv                    98.9 us [87..110]    3.04x main  R=[400, 1200] rep=5  trsm=4 potrf=1 dot=9
  |     gemm_cinv                   100.9 us [95..113]    2.98x main  R=[400, 1200] rep=5  trsm=4 potrf=1 dot=9
  |     gs_pr@pow2                  524.3 us [470..533]    0.57x main  R=[73, 219] rep=5  trsm=4 potrf=1 dot=5 fft=30
  |     gs_pr@fast                  274.8 us [270..277]    1.09x main  R=[103, 309] rep=5  trsm=4 potrf=1 dot=5 fft=30
  |     gs_pr_ascoded@pow2          367.7 us [357..373]    0.82x main  R=[98, 294] rep=5  trsm=4 potrf=1 dot=5 fft=34
  |     gs_pr_ascoded@fast          362.6 us [352..368]    0.83x main  R=[97, 291] rep=5  trsm=4 potrf=1 dot=5 fft=34
  |     gs_full@pow2                210.7 us [207..218]    1.43x main  R=[137, 411] rep=5  trsm=4 potrf=1 dot=5 fft=16
  |     gs_full@fast                328.6 us [326..334]    0.92x main  R=[139, 417] rep=5  trsm=4 potrf=1 dot=5 fft=16
  |     gs_half@pow2                220.2 us [217..223]    1.37x main  R=[168, 504] rep=5  trsm=4 potrf=1 dot=9 fft=8
  |     gs_half@fast                159.4 us [150..161]    1.89x main  R=[166, 498] rep=5  trsm=4 potrf=1 dot=9 fft=8
  |     floor                        24.8 us [25..25]   12.15x main  R=[400, 1200] rep=5  
  |   --- (n_det=2, N=205, n_modes=2) k=8  family expcos  cond=7.3e+02 ---
  |     main                        304.5 us [292..314]    1.00x main  R=[298, 894] rep=5  
  |     main_hoisted                268.1 us [257..275]    1.14x main  R=[360, 1080] rep=5  
  |     gemm_linv                   102.3 us [96..109]    2.98x main  R=[400, 1200] rep=5  
  |     gemm_cinv                   107.7 us [99..113]    2.83x main  R=[400, 1200] rep=5  
  |     gs_pr@pow2                  339.9 us [329..347]    0.90x main  R=[102, 306] rep=5  
  |     gs_pr@fast                  344.9 us [338..345]    0.88x main  R=[100, 300] rep=5  
  |     gs_pr_ascoded@pow2          357.2 us [348..359]    0.85x main  R=[98, 294] rep=5  
  |     gs_pr_ascoded@fast          357.5 us [341..364]    0.85x main  R=[75, 225] rep=5  
  |     gs_full@pow2                210.9 us [208..212]    1.44x main  R=[140, 420] rep=5  
  |     gs_full@fast                214.7 us [210..217]    1.42x main  R=[142, 426] rep=5  
  |     gs_half@pow2                147.9 us [145..155]    2.06x main  R=[179, 537] rep=5  
  |     gs_half@fast                161.1 us [130..189]    1.89x main  R=[173, 519] rep=5  
  |     floor                        24.6 us [25..25]   12.38x main  R=[400, 1200] rep=5  
  |   --- (n_det=2, N=410, n_modes=2) k=8  family aligo02  cond=1.1e+10 ---
  |     main                        443.5 us [434..453]    1.00x main  R=[214, 642] rep=5  trsm=10 potrf=1 trsm_big=6 dot=5
  |     main_hoisted                394.6 us [385..402]    1.12x main  R=[238, 714] rep=5  trsm=8 potrf=1 trsm_big=4 dot=5
  |     gemm_linv                   109.8 us [102..115]    4.04x main  R=[400, 1200] rep=5  trsm=4 potrf=1 dot=9
  |     gemm_cinv                   110.2 us [102..112]    4.03x main  R=[400, 1200] rep=5  trsm=4 potrf=1 dot=9
  |     gs_pr@pow2                  354.1 us [340..360]    1.25x main  R=[98, 294] rep=5  trsm=4 potrf=1 dot=5 fft=30
  |     gs_pr@fast                  277.5 us [273..280]    1.60x main  R=[102, 306] rep=5  trsm=4 potrf=1 dot=5 fft=30
  |     gs_pr_ascoded@pow2          355.8 us [351..357]    1.25x main  R=[155, 465] rep=5  trsm=4 potrf=1 dot=5 fft=34
  |     gs_pr_ascoded@fast          355.6 us [339..357]    1.25x main  R=[97, 291] rep=5  trsm=4 potrf=1 dot=5 fft=34
  |     gs_full@pow2                210.8 us [206..224]    2.10x main  R=[148, 444] rep=5  trsm=4 potrf=1 dot=5 fft=16
  |     gs_full@fast                210.3 us [206..211]    2.11x main  R=[143, 429] rep=5  trsm=4 potrf=1 dot=5 fft=16
  |     gs_half@pow2                146.3 us [126..187]    3.03x main  R=[187, 561] rep=5  trsm=4 potrf=1 dot=9 fft=8
  |     gs_half@fast                168.1 us [149..170]    2.64x main  R=[400, 1200] rep=5  trsm=4 potrf=1 dot=9 fft=8
  |     floor                        19.9 us [20..20]   22.28x main  R=[400, 1200] rep=5  
  |   --- (n_det=2, N=410, n_modes=2) k=8  family expcos  cond=7.7e+02 ---
  |     main                        454.8 us [446..458]    1.00x main  R=[202, 606] rep=5  
  |     main_hoisted                379.4 us [376..382]    1.20x main  R=[224, 672] rep=5  
  |     gemm_linv                   111.4 us [100..125]    4.08x main  R=[400, 1200] rep=5  
  |     gemm_cinv                   113.2 us [109..121]    4.02x main  R=[400, 1200] rep=5  
  |     gs_pr@pow2                  340.0 us [332..342]    1.34x main  R=[102, 306] rep=5  
  |     gs_pr@fast                  355.0 us [345..359]    1.28x main  R=[102, 306] rep=5  
  |     gs_pr_ascoded@pow2          355.9 us [344..358]    1.28x main  R=[100, 300] rep=5  
  |     gs_pr_ascoded@fast          357.3 us [346..359]    1.27x main  R=[99, 297] rep=5  
  |     gs_full@pow2                207.9 us [203..209]    2.19x main  R=[147, 441] rep=5  
  |     gs_full@fast                207.3 us [204..219]    2.19x main  R=[138, 414] rep=5  
  |     gs_half@pow2                150.7 us [140..161]    3.02x main  R=[360, 1080] rep=5  
  |     gs_half@fast                191.8 us [134..196]    2.37x main  R=[171, 513] rep=5  
  |     floor                        20.0 us [20..20]   22.78x main  R=[400, 1200] rep=5  
  |   --- (n_det=2, N=1024, n_modes=2) k=8  family aligo02  cond=2.8e+10 ---
  |     main                       1040.4 us [1017..1042]    1.00x main  R=[97, 291] rep=5  trsm=10 potrf=1 trsm_big=6 dot=5
  |     main_hoisted                917.7 us [897..924]    1.13x main  R=[105, 315] rep=5  trsm=8 potrf=1 trsm_big=4 dot=5
  |     gemm_linv                   152.0 us [148..156]    6.84x main  R=[400, 1200] rep=5  trsm=4 potrf=1 dot=9
  |     gemm_cinv                   154.3 us [151..156]    6.74x main  R=[400, 1200] rep=5  trsm=4 potrf=1 dot=9
  |     gs_pr@pow2                  469.4 us [467..481]    2.22x main  R=[98, 294] rep=5  trsm=4 potrf=1 dot=5 fft=30
  |     gs_pr@fast                  341.2 us [332..342]    3.05x main  R=[106, 318] rep=5  trsm=4 potrf=1 dot=5 fft=30
  |     gs_pr_ascoded@pow2          365.1 us [356..368]    2.85x main  R=[98, 294] rep=5  trsm=4 potrf=1 dot=5 fft=34
  |     gs_pr_ascoded@fast          367.4 us [356..370]    2.83x main  R=[97, 291] rep=5  trsm=4 potrf=1 dot=5 fft=34
  |     gs_full@pow2                216.4 us [213..218]    4.81x main  R=[129, 387] rep=5  trsm=4 potrf=1 dot=5 fft=16
  |     gs_full@fast                190.4 us [187..195]    5.46x main  R=[138, 414] rep=5  trsm=4 potrf=1 dot=5 fft=16
  |     gs_half@pow2                163.0 us [151..179]    6.38x main  R=[192, 576] rep=5  trsm=4 potrf=1 dot=9 fft=8
  |     gs_half@fast                185.1 us [183..200]    5.62x main  R=[176, 528] rep=5  trsm=4 potrf=1 dot=9 fft=8
  |     floor                        21.3 us [21..21]   48.75x main  R=[400, 1200] rep=5  
  |   --- (n_det=2, N=1024, n_modes=2) k=8  family expcos  cond=7.8e+02 ---
  |     main                       1041.9 us [1020..1042]    1.00x main  R=[104, 312] rep=5  
  |     main_hoisted                917.1 us [899..918]    1.14x main  R=[119, 357] rep=5  
  |     gemm_linv                   151.3 us [148..157]    6.89x main  R=[400, 1200] rep=5  
  |     gemm_cinv                   156.0 us [153..159]    6.68x main  R=[400, 1200] rep=5  
  |     gs_pr@pow2                  346.6 us [335..350]    3.01x main  R=[99, 297] rep=5  
  |     gs_pr@fast                  344.8 us [335..346]    3.02x main  R=[100, 300] rep=5  
  |     gs_pr_ascoded@pow2          371.2 us [361..389]    2.81x main  R=[96, 288] rep=5  
  |     gs_pr_ascoded@fast          576.6 us [565..583]    1.81x main  R=[101, 303] rep=5  
  |     gs_full@pow2                216.6 us [214..218]    4.81x main  R=[140, 420] rep=5  
  |     gs_full@fast                215.8 us [213..217]    4.83x main  R=[133, 399] rep=5  
  |     gs_half@pow2                199.6 us [197..203]    5.22x main  R=[172, 516] rep=5  
  |     gs_half@fast                188.0 us [159..191]    5.54x main  R=[167, 501] rep=5  
  |     floor                        21.7 us [22..22]   48.06x main  R=[400, 1200] rep=5  
  |   --- (n_det=2, N=2048, n_modes=4) k=16  family aligo02  cond=5.6e+10 ---
  |     main                       2421.5 us [2379..2425]    1.00x main  R=[48, 144] rep=5  trsm=10 potrf=1 trsm_big=6 dot=5
  |     main_hoisted               2170.1 us [2124..2175]    1.12x main  R=[52, 156] rep=5  trsm=8 potrf=1 trsm_big=4 dot=5
  |     gemm_linv                   311.6 us [311..317]    7.77x main  R=[297, 891] rep=5  trsm=4 potrf=1 dot=9
  |     gemm_cinv                   319.5 us [313..321]    7.58x main  R=[400, 1200] rep=5  trsm=4 potrf=1 dot=9
  |     gs_pr@pow2                  349.9 us [298..411]    6.92x main  R=[100, 300] rep=5  trsm=4 potrf=1 dot=5 fft=30
  |     gs_pr@fast                  344.1 us [334..395]    7.04x main  R=[100, 300] rep=5  trsm=4 potrf=1 dot=5 fft=30
  |     gs_pr_ascoded@pow2          317.7 us [286..358]    7.62x main  R=[96, 288] rep=5  trsm=4 potrf=1 dot=5 fft=34
  |     gs_pr_ascoded@fast          363.8 us [314..456]    6.66x main  R=[96, 288] rep=5  trsm=4 potrf=1 dot=5 fft=34
  |     gs_full@pow2                220.9 us [209..256]   10.96x main  R=[135, 405] rep=5  trsm=4 potrf=1 dot=5 fft=16
  |     gs_full@fast                232.8 us [199..268]   10.40x main  R=[142, 426] rep=5  trsm=4 potrf=1 dot=5 fft=16
  |     gs_half@pow2                188.3 us [178..202]   12.86x main  R=[398, 1194] rep=5  trsm=4 potrf=1 dot=9 fft=8
  |     gs_half@fast                189.9 us [161..205]   12.75x main  R=[190, 570] rep=5  trsm=4 potrf=1 dot=9 fft=8
  |     floor                        29.4 us [29..29]   82.41x main  R=[400, 1200] rep=5  
  |   --- (n_det=2, N=2048, n_modes=4) k=16  family expcos  cond=7.8e+02 ---
  |     main                       2814.9 us [2743..2843]    1.00x main  R=[42, 126] rep=5  
  |     main_hoisted               2581.3 us [2524..2590]    1.09x main  R=[45, 135] rep=5  
  |     gemm_linv                   314.8 us [311..318]    8.94x main  R=[400, 1200] rep=5  
  |     gemm_cinv                   320.0 us [313..321]    8.80x main  R=[400, 1200] rep=5  
  |     gs_pr@pow2                  348.3 us [299..397]    8.08x main  R=[100, 300] rep=5  
  |     gs_pr@fast                  516.0 us [468..518]    5.46x main  R=[100, 300] rep=5  
  |     gs_pr_ascoded@pow2          353.8 us [299..417]    7.96x main  R=[96, 288] rep=5  
  |     gs_pr_ascoded@fast          292.4 us [284..316]    9.63x main  R=[101, 303] rep=5  
  |     gs_full@pow2                241.9 us [233..270]   11.64x main  R=[160, 480] rep=5  
  |     gs_full@fast                229.7 us [191..257]   12.25x main  R=[149, 447] rep=5  
  |     gs_half@pow2                159.8 us [150..185]   17.61x main  R=[179, 537] rep=5  
  |     gs_half@fast                191.4 us [165..202]   14.70x main  R=[187, 561] rep=5  
  |     floor                        29.4 us [29..29]   95.69x main  R=[400, 1200] rep=5  
  |   --- (n_det=3, N=1024, n_modes=8) k=32  family aligo02  cond=2.8e+10 ---
  |     main                       1795.6 us [1752..1818]    1.00x main  R=[64, 192] rep=5  trsm=13 potrf=1 trsm_big=9 dot=7
  |     main_hoisted               1601.0 us [1567..1607]    1.12x main  R=[66, 198] rep=5  trsm=10 potrf=1 trsm_big=6 dot=7
  |     gemm_linv                   203.1 us [200..205]    8.84x main  R=[400, 1200] rep=5  trsm=4 potrf=1 dot=13
  |     gemm_cinv                   203.8 us [202..207]    8.81x main  R=[400, 1200] rep=5  trsm=4 potrf=1 dot=12
  |     gs_pr@pow2                  758.0 us [739..767]    2.37x main  R=[78, 234] rep=5  trsm=4 potrf=1 dot=6 fft=45
  |     gs_pr@fast                  762.7 us [734..769]    2.35x main  R=[79, 237] rep=5  trsm=4 potrf=1 dot=6 fft=45
  |     gs_pr_ascoded@pow2          413.4 us [391..482]    4.34x main  R=[76, 228] rep=5  trsm=4 potrf=1 dot=6 fft=51
  |     gs_pr_ascoded@fast          530.2 us [505..540]    3.39x main  R=[75, 225] rep=5  trsm=4 potrf=1 dot=6 fft=51
  |     gs_full@pow2                314.4 us [249..338]    5.71x main  R=[115, 345] rep=5  trsm=4 potrf=1 dot=6 fft=24
  |     gs_full@fast                293.3 us [255..316]    6.12x main  R=[86, 258] rep=5  trsm=4 potrf=1 dot=6 fft=24
  |     gs_half@pow2                240.7 us [200..249]    7.46x main  R=[152, 456] rep=5  trsm=4 potrf=1 dot=13 fft=12
  |     gs_half@fast                274.1 us [214..285]    6.55x main  R=[113, 339] rep=5  trsm=4 potrf=1 dot=13 fft=12
  |     floor                        28.8 us [28..29]   62.30x main  R=[400, 1200] rep=5  
  |   --- (n_det=3, N=1024, n_modes=8) k=32  family expcos  cond=7.8e+02 ---
  |     main                       1800.2 us [1759..1806]    1.00x main  R=[62, 186] rep=5  
  |     main_hoisted               1606.5 us [1566..1620]    1.12x main  R=[72, 216] rep=5  
  |     gemm_linv                   204.5 us [202..209]    8.80x main  R=[400, 1200] rep=5  
  |     gemm_cinv                   204.1 us [203..207]    8.82x main  R=[385, 1155] rep=5  
  |     gs_pr@pow2                  484.1 us [463..489]    3.72x main  R=[77, 231] rep=5  
  |     gs_pr@fast                  481.0 us [461..484]    3.74x main  R=[76, 228] rep=5  
  |     gs_pr_ascoded@pow2          822.3 us [793..830]    2.19x main  R=[76, 228] rep=5  
  |     gs_pr_ascoded@fast          818.6 us [788..847]    2.20x main  R=[76, 228] rep=5  
  |     gs_full@pow2                361.3 us [296..379]    4.98x main  R=[86, 258] rep=5  
  |     gs_full@fast                296.4 us [244..314]    6.07x main  R=[112, 336] rep=5  
  |     gs_half@pow2                231.6 us [215..240]    7.77x main  R=[150, 450] rep=5  
  |     gs_half@fast                235.5 us [194..290]    7.64x main  R=[143, 429] rep=5  
  |     floor                        28.4 us [28..29]   63.30x main  R=[400, 1200] rep=5  
  |   --- (n_det=2, N=4096, n_modes=4) k=16  family aligo02  cond=8.2e+10 ---
  |     main                       5100.5 us [4990..5121]    1.00x main  R=[25, 75] rep=5  trsm=10 potrf=1 trsm_big=6 dot=5
  |     main_hoisted               4617.8 us [4509..4628]    1.10x main  R=[27, 81] rep=5  trsm=8 potrf=1 trsm_big=4 dot=5
  |     gemm_linv                   909.5 us [905..912]    5.61x main  R=[191, 573] rep=5  trsm=4 potrf=1 dot=9
  |     gemm_cinv                   914.7 us [911..917]    5.58x main  R=[193, 579] rep=5  trsm=4 potrf=1 dot=9
  |     gs_pr@pow2                  458.7 us [447..465]   11.12x main  R=[81, 243] rep=5  trsm=4 potrf=1 dot=5 fft=30
  |     gs_pr@fast                  412.1 us [343..439]   12.38x main  R=[102, 306] rep=5  trsm=4 potrf=1 dot=5 fft=30
  |     gs_pr_ascoded@pow2          399.3 us [356..465]   12.77x main  R=[96, 288] rep=5  trsm=4 potrf=1 dot=5 fft=34
  |     gs_pr_ascoded@fast          421.0 us [406..475]   12.11x main  R=[94, 282] rep=5  trsm=4 potrf=1 dot=5 fft=34
  |     gs_full@pow2                290.4 us [258..319]   17.56x main  R=[143, 429] rep=5  trsm=4 potrf=1 dot=5 fft=16
  |     gs_full@fast                306.5 us [268..327]   16.64x main  R=[135, 405] rep=5  trsm=4 potrf=1 dot=5 fft=16
  |     gs_half@pow2                213.7 us [202..221]   23.87x main  R=[380, 1140] rep=5  trsm=4 potrf=1 dot=9 fft=8
  |     gs_half@fast                220.6 us [196..226]   23.12x main  R=[180, 540] rep=5  trsm=4 potrf=1 dot=9 fft=8
  |     floor                        22.3 us [22..22]  228.71x main  R=[400, 1200] rep=5  
  |   --- (n_det=2, N=4096, n_modes=4) k=16  family expcos  cond=7.8e+02 ---
  |     main                       6466.4 us [6325..6505]    1.00x main  R=[20, 60] rep=5  
  |     main_hoisted               5989.0 us [5860..6000]    1.08x main  R=[22, 66] rep=5  
  |     gemm_linv                   911.8 us [905..912]    7.09x main  R=[207, 621] rep=5  
  |     gemm_cinv                   912.1 us [907..915]    7.09x main  R=[190, 570] rep=5  
  |     gs_pr@pow2                  463.3 us [345..478]   13.96x main  R=[80, 240] rep=5  
  |     gs_pr@fast                  421.0 us [365..464]   15.36x main  R=[104, 312] rep=5  
  |     gs_pr_ascoded@pow2          389.9 us [384..465]   16.58x main  R=[96, 288] rep=5  
  |     gs_pr_ascoded@fast          433.8 us [378..466]   14.91x main  R=[97, 291] rep=5  
  |     gs_full@pow2                297.2 us [278..351]   21.76x main  R=[134, 402] rep=5  
  |     gs_full@fast                301.5 us [284..322]   21.45x main  R=[137, 411] rep=5  
  |     gs_half@pow2                215.8 us [197..253]   29.97x main  R=[168, 504] rep=5  
  |     gs_half@fast                219.6 us [217..244]   29.44x main  R=[136, 408] rep=5  
  |     floor                        22.3 us [22..22]  290.39x main  R=[400, 1200] rep=5  
  | 
  | === COMPILE TIME of jit(grad) [leg gpu_f32] ===
  |   2,205,2      main                   lower  0.09 s  compile  0.75 s
  |   2,205,2      main_hoisted           lower  0.08 s  compile  0.76 s
  |   2,205,2      gemm_linv              lower  0.08 s  compile  0.71 s
  |   2,205,2      gemm_cinv              lower  0.08 s  compile  0.76 s
  |   2,205,2      gs_pr@pow2             lower  0.13 s  compile  0.76 s
  |   2,205,2      gs_pr@fast             lower  0.13 s  compile  0.74 s
  |   2,205,2      gs_pr_ascoded@pow2     lower  0.13 s  compile  0.76 s
  |   2,205,2      gs_pr_ascoded@fast     lower  0.13 s  compile  0.76 s
  |   2,205,2      gs_full@pow2           lower  0.11 s  compile  0.69 s
  |   2,205,2      gs_full@fast           lower  0.12 s  compile  0.75 s
  |   2,205,2      gs_half@pow2           lower  0.11 s  compile  0.65 s
  |   2,205,2      gs_half@fast           lower  0.11 s  compile  0.72 s
  |   2,205,2      floor                  lower  0.08 s  compile  0.61 s
  |   2,410,2      main                   lower  0.09 s  compile  0.59 s
  |   2,410,2      main_hoisted           lower  0.08 s  compile  0.60 s
  |   2,410,2      gemm_linv              lower  0.08 s  compile  0.67 s
  |   2,410,2      gemm_cinv              lower  0.10 s  compile  0.69 s
  |   2,410,2      gs_pr@pow2             lower  0.13 s  compile  0.82 s
  |   2,410,2      gs_pr@fast             lower  0.14 s  compile  0.83 s
  |   2,410,2      gs_pr_ascoded@pow2     lower  0.14 s  compile  0.78 s
  |   2,410,2      gs_pr_ascoded@fast     lower  0.13 s  compile  0.75 s
  |   2,410,2      gs_full@pow2           lower  0.12 s  compile  0.78 s
  |   2,410,2      gs_full@fast           lower  0.30 s  compile  0.77 s
  |   2,410,2      gs_half@pow2           lower  0.11 s  compile  0.67 s
  |   2,410,2      gs_half@fast           lower  0.11 s  compile  0.67 s
  |   2,410,2      floor                  lower  0.06 s  compile  0.47 s
  |   2,1024,2     main                   lower  0.08 s  compile  0.60 s
  |   2,1024,2     main_hoisted           lower  0.10 s  compile  0.60 s
  |   2,1024,2     gemm_linv              lower  0.08 s  compile  0.65 s
  |   2,1024,2     gemm_cinv              lower  0.08 s  compile  0.69 s
  |   2,1024,2     gs_pr@pow2             lower  0.14 s  compile  0.73 s
  |   2,1024,2     gs_pr@fast             lower  0.14 s  compile  0.80 s
  |   2,1024,2     gs_pr_ascoded@pow2     lower  0.14 s  compile  0.74 s
  |   2,1024,2     gs_pr_ascoded@fast     lower  0.13 s  compile  0.71 s
  |   2,1024,2     gs_full@pow2           lower  0.12 s  compile  0.72 s
  |   2,1024,2     gs_full@fast           lower  0.12 s  compile  0.74 s
  |   2,1024,2     gs_half@pow2           lower  0.12 s  compile  0.72 s
  |   2,1024,2     gs_half@fast           lower  0.11 s  compile  0.68 s
  |   2,1024,2     floor                  lower  0.07 s  compile  0.47 s
  |   2,2048,4     main                   lower  0.09 s  compile  0.57 s
  |   2,2048,4     main_hoisted           lower  0.09 s  compile  0.62 s
  |   2,2048,4     gemm_linv              lower  0.09 s  compile  0.61 s
  |   2,2048,4     gemm_cinv              lower  0.09 s  compile  0.63 s
  |   2,2048,4     gs_pr@pow2             lower  0.13 s  compile  0.79 s
  |   2,2048,4     gs_pr@fast             lower  0.13 s  compile  0.74 s
  |   2,2048,4     gs_pr_ascoded@pow2     lower  0.13 s  compile  0.77 s
  |   2,2048,4     gs_pr_ascoded@fast     lower  0.14 s  compile  0.72 s
  |   2,2048,4     gs_full@pow2           lower  0.12 s  compile  0.70 s
  |   2,2048,4     gs_full@fast           lower  0.11 s  compile  0.75 s
  |   2,2048,4     gs_half@pow2           lower  0.12 s  compile  0.71 s
  |   2,2048,4     gs_half@fast           lower  0.11 s  compile  0.63 s
  |   2,2048,4     floor                  lower  0.06 s  compile  0.49 s
  |   3,1024,8     main                   lower  0.09 s  compile  0.77 s
  |   3,1024,8     main_hoisted           lower  0.09 s  compile  0.77 s
  |   3,1024,8     gemm_linv              lower  0.09 s  compile  0.81 s
  |   3,1024,8     gemm_cinv              lower  0.10 s  compile  0.80 s
  |   3,1024,8     gs_pr@pow2             lower  0.15 s  compile  1.09 s
  |   3,1024,8     gs_pr@fast             lower  0.15 s  compile  1.00 s
  |   3,1024,8     gs_pr_ascoded@pow2     lower  0.15 s  compile  0.97 s
  |   3,1024,8     gs_pr_ascoded@fast     lower  0.15 s  compile  1.04 s
  |   3,1024,8     gs_full@pow2           lower  0.14 s  compile  0.77 s
  |   3,1024,8     gs_full@fast           lower  0.13 s  compile  0.80 s
  |   3,1024,8     gs_half@pow2           lower  0.12 s  compile  0.68 s
  |   3,1024,8     gs_half@fast           lower  0.12 s  compile  0.73 s
  |   3,1024,8     floor                  lower  0.07 s  compile  0.48 s
  |   2,4096,4     main                   lower  0.09 s  compile  0.56 s
  |   2,4096,4     main_hoisted           lower  0.09 s  compile  0.58 s
  |   2,4096,4     gemm_linv              lower  0.09 s  compile  0.66 s
  |   2,4096,4     gemm_cinv              lower  0.10 s  compile  0.68 s
  |   2,4096,4     gs_pr@pow2             lower  0.14 s  compile  0.77 s
  |   2,4096,4     gs_pr@fast             lower  0.13 s  compile  0.77 s
  |   2,4096,4     gs_pr_ascoded@pow2     lower  0.14 s  compile  0.77 s
  |   2,4096,4     gs_pr_ascoded@fast     lower  0.14 s  compile  0.76 s
  |   2,4096,4     gs_full@pow2           lower  0.12 s  compile  0.78 s
  |   2,4096,4     gs_full@fast           lower  0.12 s  compile  0.79 s
  |   2,4096,4     gs_half@pow2           lower  0.11 s  compile  1.03 s
  |   2,4096,4     gs_half@fast           lower  0.12 s  compile  1.04 s
  |   2,4096,4     floor                  lower  0.06 s  compile  0.52 s
  | 
  | === ACCURACY vs reference and vs float64 twin [leg gpu_f32, float32] ===
  |     matmul: TF32 allowed for float32 dots (JAX default on Ampere+)
  |   config       family    variant                 nats_ref  relg_ref relg_ref*  relg_twn relg_twn* finite
  |   (* = cloud-normalized; by-kind numbers in the JSON)
  |   2,205,2      aligo02   main                    1.78e-02  6.02e-02  4.99e-03  6.02e-02  4.99e-03   True
  |   2,205,2      aligo02   main_hoisted            1.80e-02  6.32e-02  3.72e-03  6.32e-02  3.72e-03   True
  |   2,205,2      aligo02   gemm_linv               2.57e-02  1.76e-01  6.67e-03  1.76e-01  6.67e-03   True
  |   2,205,2      aligo02   gemm_cinv               1.98e-02  9.39e-02  3.97e-03  9.39e-02  3.97e-03   True
  |   2,205,2      aligo02   gs_pr@pow2              1.33e-02  2.67e-01  2.40e-03  2.67e-01  2.40e-03   True
  |   2,205,2      aligo02   gs_pr@fast              1.33e-02  2.67e-01  2.41e-03  2.67e-01  2.41e-03   True
  |   2,205,2      aligo02   gs_pr_ascoded@pow2      1.33e-02  2.67e-01  2.40e-03  2.67e-01  2.40e-03   True
  |   2,205,2      aligo02   gs_pr_ascoded@fast      1.33e-02  2.67e-01  2.41e-03  2.67e-01  2.41e-03   True
  |   2,205,2      aligo02   gs_full@pow2            1.33e-02  2.67e-01  2.39e-03  2.67e-01  2.39e-03   True
  |   2,205,2      aligo02   gs_full@fast            1.33e-02  2.67e-01  2.41e-03  2.67e-01  2.41e-03   True
  |   2,205,2      aligo02   gs_half@pow2            2.58e-02  7.02e-02  3.31e-03  7.02e-02  3.31e-03   True
  |   2,205,2      aligo02   gs_half@fast            2.58e-02  7.02e-02  3.32e-03  7.02e-02  3.32e-03   True
  |   2,205,2      aligo2    main                    2.21e-02  4.22e-02  4.23e-03  4.22e-02  4.23e-03   True
  |   2,205,2      aligo2    main_hoisted            2.21e-02  4.22e-02  4.23e-03  4.22e-02  4.23e-03   True
  |   2,205,2      aligo2    gemm_linv               2.81e-02  5.14e-02  6.43e-03  5.14e-02  6.43e-03   True
  |   2,205,2      aligo2    gemm_cinv               3.09e-02  6.30e-02  1.01e-02  6.30e-02  1.01e-02   True
  |   2,205,2      aligo2    gs_pr@pow2              2.40e-02  6.17e-02  5.66e-03  6.17e-02  5.66e-03   True
  |   2,205,2      aligo2    gs_pr@fast              2.40e-02  6.17e-02  5.66e-03  6.17e-02  5.66e-03   True
  |   2,205,2      aligo2    gs_pr_ascoded@pow2      2.40e-02  6.17e-02  5.66e-03  6.17e-02  5.66e-03   True
  |   2,205,2      aligo2    gs_pr_ascoded@fast      2.40e-02  6.29e-02  5.66e-03  6.29e-02  5.66e-03   True
  |   2,205,2      aligo2    gs_full@pow2            2.40e-02  6.17e-02  5.66e-03  6.17e-02  5.66e-03   True
  |   2,205,2      aligo2    gs_full@fast            2.40e-02  6.17e-02  5.66e-03  6.17e-02  5.66e-03   True
  |   2,205,2      aligo2    gs_half@pow2            2.60e-02  4.61e-02  4.25e-03  4.61e-02  4.25e-03   True
  |   2,205,2      aligo2    gs_half@fast            2.60e-02  4.61e-02  4.25e-03  4.61e-02  4.25e-03   True
  |   2,205,2      aligo20   main                    2.07e-02  5.60e-02  5.00e-03  5.60e-02  5.00e-03   True
  |   2,205,2      aligo20   main_hoisted            2.07e-02  5.53e-02  5.02e-03  5.53e-02  5.02e-03   True
  |   2,205,2      aligo20   gemm_linv               3.39e-02  5.79e-02  7.22e-03  5.79e-02  7.22e-03   True
  |   2,205,2      aligo20   gemm_cinv               2.30e-02  1.84e-01  7.45e-03  1.84e-01  7.45e-03   True
  |   2,205,2      aligo20   gs_pr@pow2              1.27e-02  6.37e-02  6.28e-03  6.37e-02  6.28e-03   True
  |   2,205,2      aligo20   gs_pr@fast              1.27e-02  6.35e-02  6.28e-03  6.35e-02  6.28e-03   True
  |   2,205,2      aligo20   gs_pr_ascoded@pow2      1.27e-02  6.40e-02  6.28e-03  6.40e-02  6.28e-03   True
  |   2,205,2      aligo20   gs_pr_ascoded@fast      1.27e-02  6.47e-02  6.28e-03  6.47e-02  6.28e-03   True
  |   2,205,2      aligo20   gs_full@pow2            1.27e-02  5.93e-02  6.28e-03  5.93e-02  6.28e-03   True
  |   2,205,2      aligo20   gs_full@fast            1.27e-02  6.35e-02  6.28e-03  6.35e-02  6.28e-03   True
  |   2,205,2      aligo20   gs_half@pow2            3.45e-02  1.73e-01  5.77e-03  1.73e-01  5.77e-03   True
  |   2,205,2      aligo20   gs_half@fast            3.45e-02  1.72e-01  5.77e-03  1.72e-01  5.77e-03   True
  |   2,205,2      expcos    main                    2.63e-02  1.09e-01  1.36e-02  1.09e-01  1.36e-02   True
  |   2,205,2      expcos    main_hoisted            2.63e-02  9.93e-02  1.24e-02  9.93e-02  1.24e-02   True
  |   2,205,2      expcos    gemm_linv               8.46e-02  6.75e-02  1.75e-02  6.75e-02  1.75e-02   True
  |   2,205,2      expcos    gemm_cinv               1.03e-01  6.82e-02  1.02e-02  6.82e-02  1.02e-02   True
  |   2,205,2      expcos    gs_pr@pow2              4.32e-02  5.53e-02  8.55e-03  5.53e-02  8.55e-03   True
  |   2,205,2      expcos    gs_pr@fast              4.34e-02  5.02e-02  8.56e-03  5.02e-02  8.56e-03   True
  |   2,205,2      expcos    gs_pr_ascoded@pow2      4.32e-02  5.54e-02  8.56e-03  5.54e-02  8.56e-03   True
  |   2,205,2      expcos    gs_pr_ascoded@fast      4.34e-02  5.01e-02  8.55e-03  5.01e-02  8.55e-03   True
  |   2,205,2      expcos    gs_full@pow2            4.33e-02  5.50e-02  8.56e-03  5.50e-02  8.56e-03   True
  |   2,205,2      expcos    gs_full@fast            4.32e-02  4.55e-02  8.56e-03  4.55e-02  8.56e-03   True
  |   2,205,2      expcos    gs_half@pow2            2.33e-02  3.36e-02  8.78e-03  3.36e-02  8.78e-03   True
  |   2,205,2      expcos    gs_half@fast            2.33e-02  3.37e-02  8.78e-03  3.37e-02  8.78e-03   True
  |   2,205,2      white     main                    3.42e-02  4.11e-02  3.66e-03  4.11e-02  3.66e-03   True
  |   2,205,2      white     main_hoisted            3.42e-02  4.11e-02  3.66e-03  4.11e-02  3.66e-03   True
  |   2,205,2      white     gemm_linv               3.42e-02  4.15e-02  3.19e-03  4.15e-02  3.19e-03   True
  |   2,205,2      white     gemm_cinv               3.42e-02  4.18e-02  2.52e-03  4.18e-02  2.52e-03   True
  |   2,205,2      white     gs_pr@pow2              3.42e-02  4.38e-02  2.18e-03  4.38e-02  2.18e-03   True
  |   2,205,2      white     gs_pr@fast              3.42e-02  4.56e-02  2.68e-03  4.56e-02  2.68e-03   True
  |   2,205,2      white     gs_pr_ascoded@pow2      3.42e-02  4.38e-02  2.18e-03  4.38e-02  2.18e-03   True
  |   2,205,2      white     gs_pr_ascoded@fast      3.42e-02  4.56e-02  2.68e-03  4.56e-02  2.68e-03   True
  |   2,205,2      white     gs_full@pow2            3.42e-02  4.56e-02  2.68e-03  4.56e-02  2.68e-03   True
  |   2,205,2      white     gs_full@fast            3.42e-02  4.57e-02  2.18e-03  4.57e-02  2.18e-03   True
  |   2,205,2      white     gs_half@pow2            3.42e-02  4.11e-02  3.66e-03  4.11e-02  3.66e-03   True
  |   2,205,2      white     gs_half@fast            3.42e-02  4.11e-02  3.66e-03  4.11e-02  3.66e-03   True
  |   2,205,2      gw150914  main                    1.62e-02  4.56e-02  4.45e-03  4.56e-02  4.45e-03   True
  |   2,205,2      gw150914  main_hoisted            1.60e-02  4.57e-02  4.45e-03  4.57e-02  4.45e-03   True
  |   2,205,2      gw150914  gemm_linv               3.20e-02  4.68e-02  6.98e-03  4.68e-02  6.98e-03   True
  |   2,205,2      gw150914  gemm_cinv               3.30e-02  2.57e-02  5.12e-03  2.57e-02  5.12e-03   True
  |   2,205,2      gw150914  gs_pr@pow2              1.62e-02  7.88e-02  8.35e-03  7.88e-02  8.35e-03   True
  |   2,205,2      gw150914  gs_pr@fast              1.62e-02  7.88e-02  8.35e-03  7.88e-02  8.35e-03   True
  |   2,205,2      gw150914  gs_pr_ascoded@pow2      1.61e-02  7.88e-02  8.35e-03  7.88e-02  8.35e-03   True
  |   2,205,2      gw150914  gs_pr_ascoded@fast      1.62e-02  7.88e-02  8.35e-03  7.88e-02  8.35e-03   True
  |   2,205,2      gw150914  gs_full@pow2            1.62e-02  7.88e-02  8.35e-03  7.88e-02  8.35e-03   True
  |   2,205,2      gw150914  gs_full@fast            1.62e-02  7.88e-02  8.35e-03  7.88e-02  8.35e-03   True
  |   2,205,2      gw150914  gs_half@pow2            2.45e-02  7.01e-02  5.81e-03  7.01e-02  5.81e-03   True
  |   2,205,2      gw150914  gs_half@fast            2.45e-02  7.01e-02  5.82e-03  7.01e-02  5.82e-03   True
  |   2,410,2      aligo02   main                    2.27e-02  1.16e-01  6.34e-03  1.16e-01  6.34e-03   True
  |   2,410,2      aligo02   main_hoisted            2.12e-02  1.17e-01  6.37e-03  1.17e-01  6.37e-03   True
  |   2,410,2      aligo02   gemm_linv               2.72e-02  8.79e-02  6.94e-03  8.79e-02  6.94e-03   True
  |   2,410,2      aligo02   gemm_cinv               1.64e-02  1.14e-01  5.64e-03  1.14e-01  5.64e-03   True
  |   2,410,2      aligo02   gs_pr@pow2              1.02e-02  9.04e-02  6.57e-03  9.04e-02  6.57e-03   True
  |   2,410,2      aligo02   gs_pr@fast              1.22e-02  9.04e-02  6.57e-03  9.03e-02  6.57e-03   True
  |   2,410,2      aligo02   gs_pr_ascoded@pow2      1.02e-02  9.04e-02  6.57e-03  9.04e-02  6.57e-03   True
  |   2,410,2      aligo02   gs_pr_ascoded@fast      1.22e-02  9.04e-02  6.62e-03  9.04e-02  6.62e-03   True
  |   2,410,2      aligo02   gs_full@pow2            1.22e-02  9.04e-02  6.57e-03  9.04e-02  6.57e-03   True
  |   2,410,2      aligo02   gs_full@fast            1.22e-02  9.03e-02  6.65e-03  9.03e-02  6.65e-03   True
  |   2,410,2      aligo02   gs_half@pow2            2.32e-02  1.19e-01  3.87e-03  1.19e-01  3.87e-03   True
  |   2,410,2      aligo02   gs_half@fast            2.32e-02  1.19e-01  3.87e-03  1.19e-01  3.87e-03   True
  |   2,410,2      aligo2    main                    3.05e-02  3.95e-02  5.06e-03  3.95e-02  5.06e-03   True
  |   2,410,2      aligo2    main_hoisted            3.03e-02  3.97e-02  5.04e-03  3.97e-02  5.04e-03   True
  |   2,410,2      aligo2    gemm_linv               2.93e-02  4.42e-02  3.71e-03  4.42e-02  3.71e-03   True
  |   2,410,2      aligo2    gemm_cinv               2.35e-02  3.76e-02  2.81e-03  3.76e-02  2.81e-03   True
  |   2,410,2      aligo2    gs_pr@pow2              1.22e-02  5.68e-02  7.83e-03  5.68e-02  7.83e-03   True
  |   2,410,2      aligo2    gs_pr@fast              1.22e-02  5.69e-02  7.83e-03  5.69e-02  7.83e-03   True
  |   2,410,2      aligo2    gs_pr_ascoded@pow2      1.22e-02  5.68e-02  7.83e-03  5.68e-02  7.83e-03   True
  |   2,410,2      aligo2    gs_pr_ascoded@fast      1.22e-02  5.69e-02  7.82e-03  5.69e-02  7.82e-03   True
  |   2,410,2      aligo2    gs_full@pow2            1.22e-02  5.68e-02  7.83e-03  5.68e-02  7.83e-03   True
  |   2,410,2      aligo2    gs_full@fast            1.22e-02  5.69e-02  7.83e-03  5.69e-02  7.83e-03   True
  |   2,410,2      aligo2    gs_half@pow2            2.86e-02  5.44e-02  4.29e-03  5.44e-02  4.29e-03   True
  |   2,410,2      aligo2    gs_half@fast            2.86e-02  5.44e-02  4.29e-03  5.44e-02  4.29e-03   True
  |   2,410,2      aligo20   main                    2.70e-02  1.34e+00  4.90e-03  1.34e+00  4.90e-03   True
  |   2,410,2      aligo20   main_hoisted            2.70e-02  1.35e+00  4.90e-03  1.35e+00  4.90e-03   True
  |   2,410,2      aligo20   gemm_linv               5.20e-02  7.68e-01  5.38e-03  7.68e-01  5.38e-03   True
  |   2,410,2      aligo20   gemm_cinv               4.06e-02  1.90e+00  8.87e-03  1.90e+00  8.87e-03   True
  |   2,410,2      aligo20   gs_pr@pow2              2.61e-02  4.62e-01  5.13e-03  4.62e-01  5.13e-03   True
  |   2,410,2      aligo20   gs_pr@fast              2.61e-02  4.64e-01  5.12e-03  4.64e-01  5.12e-03   True
  |   2,410,2      aligo20   gs_pr_ascoded@pow2      2.61e-02  4.62e-01  5.13e-03  4.62e-01  5.13e-03   True
  |   2,410,2      aligo20   gs_pr_ascoded@fast      2.61e-02  4.60e-01  5.12e-03  4.60e-01  5.12e-03   True
  |   2,410,2      aligo20   gs_full@pow2            2.61e-02  4.62e-01  5.12e-03  4.62e-01  5.12e-03   True
  |   2,410,2      aligo20   gs_full@fast            2.61e-02  4.66e-01  5.12e-03  4.66e-01  5.12e-03   True
  |   2,410,2      aligo20   gs_half@pow2            3.04e-02  7.88e-01  3.58e-03  7.88e-01  3.58e-03   True
  |   2,410,2      aligo20   gs_half@fast            3.04e-02  7.92e-01  3.57e-03  7.92e-01  3.57e-03   True
  |   2,410,2      expcos    main                    2.33e-02  7.10e-02  7.69e-03  7.10e-02  7.69e-03   True
  |   2,410,2      expcos    main_hoisted            2.31e-02  7.10e-02  7.45e-03  7.10e-02  7.45e-03   True
  |   2,410,2      expcos    gemm_linv               5.75e-02  9.45e-02  6.05e-03  9.45e-02  6.05e-03   True
  |   2,410,2      expcos    gemm_cinv               8.47e-02  6.22e-02  7.63e-03  6.22e-02  7.63e-03   True
  |   2,410,2      expcos    gs_pr@pow2              2.69e-02  6.79e-02  4.72e-03  6.79e-02  4.72e-03   True
  |   2,410,2      expcos    gs_pr@fast              2.70e-02  6.79e-02  4.71e-03  6.79e-02  4.71e-03   True
  |   2,410,2      expcos    gs_pr_ascoded@pow2      2.69e-02  6.80e-02  6.15e-03  6.80e-02  6.15e-03   True
  |   2,410,2      expcos    gs_pr_ascoded@fast      2.70e-02  6.80e-02  4.71e-03  6.80e-02  4.71e-03   True
  |   2,410,2      expcos    gs_full@pow2            2.70e-02  6.79e-02  5.84e-03  6.79e-02  5.84e-03   True
  |   2,410,2      expcos    gs_full@fast            2.70e-02  6.82e-02  4.72e-03  6.82e-02  4.72e-03   True
  |   2,410,2      expcos    gs_half@pow2            2.75e-02  1.56e-01  5.40e-03  1.56e-01  5.40e-03   True
  |   2,410,2      expcos    gs_half@fast            2.75e-02  1.53e-01  5.41e-03  1.53e-01  5.41e-03   True
  |   2,410,2      white     main                    2.31e-02  9.44e-02  5.29e-03  9.44e-02  5.29e-03   True
  |   2,410,2      white     main_hoisted            2.31e-02  9.44e-02  5.29e-03  9.44e-02  5.29e-03   True
  |   2,410,2      white     gemm_linv               2.31e-02  1.02e-01  4.80e-03  1.02e-01  4.80e-03   True
  |   2,410,2      white     gemm_cinv               2.31e-02  7.65e-02  4.16e-03  7.65e-02  4.16e-03   True
  |   2,410,2      white     gs_pr@pow2              2.31e-02  9.48e-02  3.95e-03  9.48e-02  3.95e-03   True
  |   2,410,2      white     gs_pr@fast              2.31e-02  9.49e-02  3.96e-03  9.49e-02  3.96e-03   True
  |   2,410,2      white     gs_pr_ascoded@pow2      2.31e-02  9.48e-02  3.95e-03  9.48e-02  3.95e-03   True
  |   2,410,2      white     gs_pr_ascoded@fast      2.31e-02  9.49e-02  3.96e-03  9.49e-02  3.96e-03   True
  |   2,410,2      white     gs_full@pow2            2.31e-02  9.48e-02  3.95e-03  9.48e-02  3.95e-03   True
  |   2,410,2      white     gs_full@fast            2.30e-02  9.49e-02  3.96e-03  9.49e-02  3.96e-03   True
  |   2,410,2      white     gs_half@pow2            2.31e-02  9.44e-02  5.29e-03  9.44e-02  5.29e-03   True
  |   2,410,2      white     gs_half@fast            2.31e-02  9.44e-02  5.29e-03  9.44e-02  5.29e-03   True
  |   2,410,2      gw150914  main                    1.50e-02  7.54e-02  8.19e-03  7.54e-02  8.19e-03   True
  |   2,410,2      gw150914  main_hoisted            1.50e-02  7.59e-02  8.24e-03  7.59e-02  8.24e-03   True
  |   2,410,2      gw150914  gemm_linv               2.90e-02  4.07e-02  6.61e-03  4.07e-02  6.61e-03   True
  |   2,410,2      gw150914  gemm_cinv               3.26e-02  3.75e-02  5.87e-03  3.75e-02  5.87e-03   True
  |   2,410,2      gw150914  gs_pr@pow2              2.56e-02  2.88e-02  5.19e-03  2.88e-02  5.19e-03   True
  |   2,410,2      gw150914  gs_pr@fast              2.56e-02  2.88e-02  5.19e-03  2.88e-02  5.19e-03   True
  |   2,410,2      gw150914  gs_pr_ascoded@pow2      2.56e-02  2.88e-02  5.19e-03  2.88e-02  5.19e-03   True
  |   2,410,2      gw150914  gs_pr_ascoded@fast      2.56e-02  2.88e-02  5.19e-03  2.88e-02  5.19e-03   True
  |   2,410,2      gw150914  gs_full@pow2            2.56e-02  2.88e-02  5.19e-03  2.88e-02  5.19e-03   True
  |   2,410,2      gw150914  gs_full@fast            2.56e-02  2.94e-02  5.19e-03  2.94e-02  5.19e-03   True
  |   2,410,2      gw150914  gs_half@pow2            2.02e-02  3.14e-02  3.80e-03  3.14e-02  3.80e-03   True
  |   2,410,2      gw150914  gs_half@fast            2.02e-02  3.14e-02  3.79e-03  3.14e-02  3.79e-03   True
  |   2,1024,2     aligo02   main                    3.42e-02  1.72e-01  4.12e-03  1.72e-01  4.12e-03   True
  |   2,1024,2     aligo02   main_hoisted            2.64e-02  1.72e-01  5.26e-03  1.72e-01  5.26e-03   True
  |   2,1024,2     aligo02   gemm_linv               3.08e-02  3.21e-01  4.68e-03  3.21e-01  4.68e-03   True
  |   2,1024,2     aligo02   gemm_cinv               1.56e-02  1.18e-01  4.62e-03  1.18e-01  4.62e-03   True
  |   2,1024,2     aligo02   gs_pr@pow2              1.33e-02  3.76e-01  5.96e-03  3.76e-01  5.96e-03   True
  |   2,1024,2     aligo02   gs_pr@fast              1.33e-02  3.76e-01  5.96e-03  3.76e-01  5.96e-03   True
  |   2,1024,2     aligo02   gs_pr_ascoded@pow2      1.33e-02  3.76e-01  5.96e-03  3.76e-01  5.96e-03   True
  |   2,1024,2     aligo02   gs_pr_ascoded@fast      1.33e-02  3.76e-01  5.96e-03  3.76e-01  5.96e-03   True
  |   2,1024,2     aligo02   gs_full@pow2            1.33e-02  3.76e-01  5.96e-03  3.76e-01  5.96e-03   True
  |   2,1024,2     aligo02   gs_full@fast            1.33e-02  3.76e-01  5.96e-03  3.76e-01  5.96e-03   True
  |   2,1024,2     aligo02   gs_half@pow2            3.01e-02  2.49e-01  3.19e-03  2.49e-01  3.19e-03   True
  |   2,1024,2     aligo02   gs_half@fast            3.01e-02  2.49e-01  3.19e-03  2.49e-01  3.19e-03   True
  |   2,1024,2     aligo2    main                    2.42e-02  7.27e-02  4.37e-03  7.27e-02  4.37e-03   True
  |   2,1024,2     aligo2    main_hoisted            2.22e-02  7.25e-02  4.33e-03  7.25e-02  4.33e-03   True
  |   2,1024,2     aligo2    gemm_linv               2.05e-02  7.91e-02  3.87e-03  7.91e-02  3.87e-03   True
  |   2,1024,2     aligo2    gemm_cinv               2.34e-02  5.45e-02  7.46e-03  5.45e-02  7.46e-03   True
  |   2,1024,2     aligo2    gs_pr@pow2              1.49e-02  7.71e-02  3.54e-03  7.71e-02  3.54e-03   True
  |   2,1024,2     aligo2    gs_pr@fast              1.49e-02  7.71e-02  3.54e-03  7.71e-02  3.54e-03   True
  |   2,1024,2     aligo2    gs_pr_ascoded@pow2      1.49e-02  7.71e-02  3.54e-03  7.71e-02  3.54e-03   True
  |   2,1024,2     aligo2    gs_pr_ascoded@fast      1.49e-02  7.71e-02  3.54e-03  7.71e-02  3.54e-03   True
  |   2,1024,2     aligo2    gs_full@pow2            1.54e-02  7.71e-02  3.54e-03  7.71e-02  3.54e-03   True
  |   2,1024,2     aligo2    gs_full@fast            1.54e-02  7.71e-02  3.54e-03  7.71e-02  3.54e-03   True
  |   2,1024,2     aligo2    gs_half@pow2            3.68e-02  9.10e-02  7.06e-03  9.10e-02  7.06e-03   True
  |   2,1024,2     aligo2    gs_half@fast            3.68e-02  9.10e-02  7.06e-03  9.10e-02  7.06e-03   True
  |   2,1024,2     aligo20   main                    2.15e-02  7.24e-02  4.11e-03  7.24e-02  4.11e-03   True
  |   2,1024,2     aligo20   main_hoisted            2.18e-02  7.24e-02  4.11e-03  7.24e-02  4.11e-03   True
  |   2,1024,2     aligo20   gemm_linv               2.80e-02  8.10e-01  4.21e-03  8.10e-01  4.21e-03   True
  |   2,1024,2     aligo20   gemm_cinv               2.60e-02  2.57e-01  6.81e-03  2.57e-01  6.81e-03   True
  |   2,1024,2     aligo20   gs_pr@pow2              1.52e-02  2.02e-01  7.64e-03  2.02e-01  7.64e-03   True
  |   2,1024,2     aligo20   gs_pr@fast              1.52e-02  2.02e-01  7.64e-03  2.02e-01  7.64e-03   True
  |   2,1024,2     aligo20   gs_pr_ascoded@pow2      1.52e-02  2.02e-01  7.64e-03  2.02e-01  7.64e-03   True
  |   2,1024,2     aligo20   gs_pr_ascoded@fast      1.52e-02  2.02e-01  7.64e-03  2.02e-01  7.64e-03   True
  |   2,1024,2     aligo20   gs_full@pow2            1.52e-02  2.03e-01  7.64e-03  2.03e-01  7.64e-03   True
  |   2,1024,2     aligo20   gs_full@fast            1.52e-02  2.03e-01  7.64e-03  2.03e-01  7.64e-03   True
  |   2,1024,2     aligo20   gs_half@pow2            2.39e-02  4.66e-01  3.73e-03  4.66e-01  3.73e-03   True
  |   2,1024,2     aligo20   gs_half@fast            2.39e-02  4.66e-01  3.73e-03  4.66e-01  3.73e-03   True
  |   2,1024,2     expcos    main                    2.23e-02  9.39e-02  1.08e-02  9.39e-02  1.08e-02   True
  |   2,1024,2     expcos    main_hoisted            2.20e-02  9.40e-02  1.08e-02  9.40e-02  1.08e-02   True
  |   2,1024,2     expcos    gemm_linv               5.35e-02  4.63e-02  9.40e-03  4.63e-02  9.40e-03   True
  |   2,1024,2     expcos    gemm_cinv               6.77e-02  7.07e-02  1.10e-02  7.07e-02  1.10e-02   True
  |   2,1024,2     expcos    gs_pr@pow2              2.33e-02  8.86e-02  1.02e-02  8.86e-02  1.02e-02   True
  |   2,1024,2     expcos    gs_pr@fast              2.33e-02  8.86e-02  1.02e-02  8.86e-02  1.02e-02   True
  |   2,1024,2     expcos    gs_pr_ascoded@pow2      2.33e-02  8.86e-02  1.02e-02  8.86e-02  1.02e-02   True
  |   2,1024,2     expcos    gs_pr_ascoded@fast      2.33e-02  8.86e-02  1.02e-02  8.86e-02  1.02e-02   True
  |   2,1024,2     expcos    gs_full@pow2            2.32e-02  8.87e-02  1.02e-02  8.87e-02  1.02e-02   True
  |   2,1024,2     expcos    gs_full@fast            2.32e-02  8.87e-02  1.02e-02  8.87e-02  1.02e-02   True
  |   2,1024,2     expcos    gs_half@pow2            3.14e-02  9.89e-02  1.14e-02  9.89e-02  1.14e-02   True
  |   2,1024,2     expcos    gs_half@fast            3.14e-02  9.89e-02  1.14e-02  9.89e-02  1.14e-02   True
  |   2,1024,2     white     main                    1.87e-02  4.85e-02  4.12e-03  4.85e-02  4.12e-03   True
  |   2,1024,2     white     main_hoisted            1.87e-02  4.85e-02  4.12e-03  4.85e-02  4.12e-03   True
  |   2,1024,2     white     gemm_linv               1.87e-02  4.92e-02  3.20e-03  4.92e-02  3.20e-03   True
  |   2,1024,2     white     gemm_cinv               1.87e-02  5.37e-02  4.46e-03  5.37e-02  4.46e-03   True
  |   2,1024,2     white     gs_pr@pow2              1.87e-02  5.11e-02  4.61e-03  5.11e-02  4.61e-03   True
  |   2,1024,2     white     gs_pr@fast              1.87e-02  5.11e-02  4.61e-03  5.11e-02  4.61e-03   True
  |   2,1024,2     white     gs_pr_ascoded@pow2      1.87e-02  5.11e-02  4.61e-03  5.11e-02  4.61e-03   True
  |   2,1024,2     white     gs_pr_ascoded@fast      1.87e-02  5.11e-02  4.61e-03  5.11e-02  4.61e-03   True
  |   2,1024,2     white     gs_full@pow2            1.87e-02  5.11e-02  4.61e-03  5.11e-02  4.61e-03   True
  |   2,1024,2     white     gs_full@fast            1.87e-02  5.11e-02  4.61e-03  5.11e-02  4.61e-03   True
  |   2,1024,2     white     gs_half@pow2            1.87e-02  4.85e-02  4.12e-03  4.85e-02  4.12e-03   True
  |   2,1024,2     white     gs_half@fast            1.87e-02  4.85e-02  4.12e-03  4.85e-02  4.12e-03   True
  |   2,1024,2     gw150914  main                    2.46e-02  1.31e-01  5.29e-03  1.31e-01  5.29e-03   True
  |   2,1024,2     gw150914  main_hoisted            2.26e-02  1.40e-01  5.64e-03  1.40e-01  5.64e-03   True
  |   2,1024,2     gw150914  gemm_linv               2.61e-02  2.54e-01  1.03e-02  2.54e-01  1.03e-02   True
  |   2,1024,2     gw150914  gemm_cinv               2.80e-02  3.03e-01  6.56e-03  3.03e-01  6.56e-03   True
  |   2,1024,2     gw150914  gs_pr@pow2              1.62e-02  2.04e-01  8.07e-03  2.04e-01  8.07e-03   True
  |   2,1024,2     gw150914  gs_pr@fast              1.62e-02  2.04e-01  8.07e-03  2.04e-01  8.07e-03   True
  |   2,1024,2     gw150914  gs_pr_ascoded@pow2      1.62e-02  2.04e-01  8.07e-03  2.04e-01  8.07e-03   True
  |   2,1024,2     gw150914  gs_pr_ascoded@fast      1.62e-02  2.04e-01  8.07e-03  2.04e-01  8.07e-03   True
  |   2,1024,2     gw150914  gs_full@pow2            1.62e-02  2.04e-01  8.07e-03  2.04e-01  8.07e-03   True
  |   2,1024,2     gw150914  gs_full@fast            1.62e-02  2.04e-01  8.07e-03  2.04e-01  8.07e-03   True
  |   2,1024,2     gw150914  gs_half@pow2            2.56e-02  2.81e-01  6.07e-03  2.81e-01  6.07e-03   True
  |   2,1024,2     gw150914  gs_half@fast            2.56e-02  2.81e-01  6.07e-03  2.81e-01  6.07e-03   True
  |   2,2048,4     aligo02   main                    1.17e-01  3.24e-01  2.20e-02  3.24e-01  2.20e-02   True
  |   2,2048,4     aligo02   main_hoisted            7.55e-02  2.73e-01  1.86e-02  2.73e-01  1.86e-02   True
  |   2,2048,4     aligo02   gemm_linv               4.56e-02  1.59e-01  1.08e-02  1.59e-01  1.08e-02   True
  |   2,2048,4     aligo02   gemm_cinv               3.41e-02  2.92e-01  3.30e-02  2.92e-01  3.30e-02   True
  |   2,2048,4     aligo02   gs_pr@pow2              2.61e-02  3.18e-01  2.07e-02  3.18e-01  2.07e-02   True
  |   2,2048,4     aligo02   gs_pr@fast              2.61e-02  3.18e-01  2.07e-02  3.18e-01  2.07e-02   True
  |   2,2048,4     aligo02   gs_pr_ascoded@pow2      2.61e-02  3.18e-01  2.07e-02  3.18e-01  2.07e-02   True
  |   2,2048,4     aligo02   gs_pr_ascoded@fast      2.61e-02  3.18e-01  2.07e-02  3.18e-01  2.07e-02   True
  |   2,2048,4     aligo02   gs_full@pow2            2.61e-02  3.18e-01  2.07e-02  3.18e-01  2.07e-02   True
  |   2,2048,4     aligo02   gs_full@fast            2.61e-02  3.18e-01  2.07e-02  3.18e-01  2.07e-02   True
  |   2,2048,4     aligo02   gs_half@pow2            4.27e-02  2.18e-01  1.48e-02  2.18e-01  1.48e-02   True
  |   2,2048,4     aligo02   gs_half@fast            4.27e-02  2.18e-01  1.48e-02  2.18e-01  1.48e-02   True
  |   2,2048,4     aligo2    main                    3.45e-02  3.83e-01  1.44e-02  3.83e-01  1.44e-02   True
  |   2,2048,4     aligo2    main_hoisted            3.06e-02  3.83e-01  1.43e-02  3.83e-01  1.43e-02   True
  |   2,2048,4     aligo2    gemm_linv               6.77e-02  3.74e-01  2.60e-02  3.74e-01  2.60e-02   True
  |   2,2048,4     aligo2    gemm_cinv               3.92e-02  1.50e-01  2.18e-02  1.50e-01  2.18e-02   True
  |   2,2048,4     aligo2    gs_pr@pow2              3.43e-02  2.85e-01  1.03e-02  2.85e-01  1.03e-02   True
  |   2,2048,4     aligo2    gs_pr@fast              3.43e-02  2.85e-01  1.03e-02  2.85e-01  1.03e-02   True
  |   2,2048,4     aligo2    gs_pr_ascoded@pow2      3.43e-02  2.83e-01  1.03e-02  2.83e-01  1.03e-02   True
  |   2,2048,4     aligo2    gs_pr_ascoded@fast      3.43e-02  2.83e-01  1.03e-02  2.83e-01  1.03e-02   True
  |   2,2048,4     aligo2    gs_full@pow2            3.43e-02  2.85e-01  1.03e-02  2.85e-01  1.03e-02   True
  |   2,2048,4     aligo2    gs_full@fast            3.43e-02  2.85e-01  1.03e-02  2.85e-01  1.03e-02   True
  |   2,2048,4     aligo2    gs_half@pow2            4.42e-02  1.57e-01  1.36e-02  1.57e-01  1.36e-02   True
  |   2,2048,4     aligo2    gs_half@fast            4.42e-02  1.57e-01  1.36e-02  1.57e-01  1.36e-02   True
  |   2,2048,4     aligo20   main                    3.42e-02  1.88e-01  2.26e-02  1.88e-01  2.26e-02   True
  |   2,2048,4     aligo20   main_hoisted            3.41e-02  1.87e-01  2.25e-02  1.87e-01  2.25e-02   True
  |   2,2048,4     aligo20   gemm_linv               3.30e-02  1.40e-01  2.66e-02  1.40e-01  2.66e-02   True
  |   2,2048,4     aligo20   gemm_cinv               4.40e-02  2.25e-01  1.88e-02  2.25e-01  1.88e-02   True
  |   2,2048,4     aligo20   gs_pr@pow2              2.33e-02  1.38e-01  2.42e-02  1.38e-01  2.42e-02   True
  |   2,2048,4     aligo20   gs_pr@fast              2.33e-02  1.38e-01  2.42e-02  1.38e-01  2.42e-02   True
  |   2,2048,4     aligo20   gs_pr_ascoded@pow2      2.33e-02  1.38e-01  2.41e-02  1.38e-01  2.41e-02   True
  |   2,2048,4     aligo20   gs_pr_ascoded@fast      2.33e-02  1.38e-01  2.41e-02  1.38e-01  2.41e-02   True
  |   2,2048,4     aligo20   gs_full@pow2            2.33e-02  1.38e-01  2.41e-02  1.38e-01  2.41e-02   True
  |   2,2048,4     aligo20   gs_full@fast            2.33e-02  1.38e-01  2.41e-02  1.38e-01  2.41e-02   True
  |   2,2048,4     aligo20   gs_half@pow2            4.18e-02  1.14e-01  7.29e-03  1.14e-01  7.29e-03   True
  |   2,2048,4     aligo20   gs_half@fast            4.18e-02  1.14e-01  7.29e-03  1.14e-01  7.29e-03   True
  |   2,2048,4     expcos    main                    6.46e-02  1.12e-01  8.81e-03  1.12e-01  8.81e-03   True
  |   2,2048,4     expcos    main_hoisted            6.41e-02  1.18e-01  8.81e-03  1.18e-01  8.81e-03   True
  |   2,2048,4     expcos    gemm_linv               1.21e-01  2.43e-01  1.18e-02  2.43e-01  1.18e-02   True
  |   2,2048,4     expcos    gemm_cinv               2.77e-01  1.95e-01  1.08e-02  1.95e-01  1.08e-02   True
  |   2,2048,4     expcos    gs_pr@pow2              6.85e-02  1.37e-01  7.11e-03  1.37e-01  7.11e-03   True
  |   2,2048,4     expcos    gs_pr@fast              6.85e-02  1.37e-01  7.11e-03  1.37e-01  7.11e-03   True
  |   2,2048,4     expcos    gs_pr_ascoded@pow2      6.82e-02  1.37e-01  7.11e-03  1.37e-01  7.11e-03   True
  |   2,2048,4     expcos    gs_pr_ascoded@fast      6.82e-02  1.37e-01  7.11e-03  1.37e-01  7.11e-03   True
  |   2,2048,4     expcos    gs_full@pow2            6.85e-02  1.47e-01  7.00e-03  1.47e-01  7.00e-03   True
  |   2,2048,4     expcos    gs_full@fast            6.85e-02  1.47e-01  7.00e-03  1.47e-01  7.00e-03   True
  |   2,2048,4     expcos    gs_half@pow2            6.65e-02  1.88e-01  1.08e-02  1.88e-01  1.08e-02   True
  |   2,2048,4     expcos    gs_half@fast            6.65e-02  1.88e-01  1.08e-02  1.88e-01  1.08e-02   True
  |   2,2048,4     white     main                    7.51e-02  1.82e-01  1.86e-02  1.82e-01  1.86e-02   True
  |   2,2048,4     white     main_hoisted            7.51e-02  1.82e-01  1.86e-02  1.82e-01  1.86e-02   True
  |   2,2048,4     white     gemm_linv               7.66e-02  1.01e+00  1.13e-02  1.01e+00  1.13e-02   True
  |   2,2048,4     white     gemm_cinv               7.66e-02  5.32e-01  1.45e-02  5.32e-01  1.45e-02   True
  |   2,2048,4     white     gs_pr@pow2              7.51e-02  6.04e-01  2.72e-02  6.04e-01  2.72e-02   True
  |   2,2048,4     white     gs_pr@fast              7.51e-02  6.04e-01  2.72e-02  6.04e-01  2.72e-02   True
  |   2,2048,4     white     gs_pr_ascoded@pow2      7.51e-02  6.04e-01  2.72e-02  6.04e-01  2.72e-02   True
  |   2,2048,4     white     gs_pr_ascoded@fast      7.51e-02  6.04e-01  2.72e-02  6.04e-01  2.72e-02   True
  |   2,2048,4     white     gs_full@pow2            7.51e-02  5.79e-01  2.72e-02  5.79e-01  2.72e-02   True
  |   2,2048,4     white     gs_full@fast            7.51e-02  5.79e-01  2.72e-02  5.79e-01  2.72e-02   True
  |   2,2048,4     white     gs_half@pow2            7.51e-02  1.82e-01  1.86e-02  1.82e-01  1.86e-02   True
  |   2,2048,4     white     gs_half@fast            7.51e-02  1.82e-01  1.86e-02  1.82e-01  1.86e-02   True
  |   2,2048,4     gw150914  main                    3.56e-02  8.66e-02  2.66e-02  8.66e-02  2.66e-02   True
  |   2,2048,4     gw150914  main_hoisted            2.69e-02  1.13e-01  2.92e-02  1.13e-01  2.92e-02   True
  |   2,2048,4     gw150914  gemm_linv               3.28e-02  1.23e-01  2.47e-02  1.23e-01  2.47e-02   True
  |   2,2048,4     gw150914  gemm_cinv               5.16e-02  2.86e-01  4.43e-02  2.86e-01  4.43e-02   True
  |   2,2048,4     gw150914  gs_pr@pow2              2.95e-02  1.99e-01  3.08e-02  1.99e-01  3.08e-02   True
  |   2,2048,4     gw150914  gs_pr@fast              2.95e-02  1.99e-01  3.08e-02  1.99e-01  3.08e-02   True
  |   2,2048,4     gw150914  gs_pr_ascoded@pow2      2.95e-02  1.16e-01  2.41e-02  1.16e-01  2.41e-02   True
  |   2,2048,4     gw150914  gs_pr_ascoded@fast      2.95e-02  1.16e-01  2.41e-02  1.16e-01  2.41e-02   True
  |   2,2048,4     gw150914  gs_full@pow2            2.87e-02  1.15e-01  2.47e-02  1.15e-01  2.47e-02   True
  |   2,2048,4     gw150914  gs_full@fast            2.87e-02  1.15e-01  2.47e-02  1.15e-01  2.47e-02   True
  |   2,2048,4     gw150914  gs_half@pow2            4.05e-02  7.54e-02  1.15e-02  7.54e-02  1.15e-02   True
  |   2,2048,4     gw150914  gs_half@fast            4.05e-02  7.54e-02  1.15e-02  7.54e-02  1.15e-02   True
  |   3,1024,8     aligo02   main                    3.49e-01  3.81e+00  8.69e-03  3.81e+00  8.69e-03   True
  |   3,1024,8     aligo02   main_hoisted            3.35e-01  3.81e+00  8.70e-03  3.81e+00  8.70e-03   True
  |   3,1024,8     aligo02   gemm_linv               3.37e-01  4.32e+00  9.85e-03  4.32e+00  9.85e-03   True
  |   3,1024,8     aligo02   gemm_cinv               3.53e-01  3.97e+00  9.06e-03  3.97e+00  9.06e-03   True
  |   3,1024,8     aligo02   gs_pr@pow2              3.51e-01  3.78e+00  8.63e-03  3.78e+00  8.63e-03   True
  |   3,1024,8     aligo02   gs_pr@fast              3.51e-01  3.78e+00  8.63e-03  3.78e+00  8.63e-03   True
  |   3,1024,8     aligo02   gs_pr_ascoded@pow2      3.51e-01  3.78e+00  8.63e-03  3.78e+00  8.63e-03   True
  |   3,1024,8     aligo02   gs_pr_ascoded@fast      3.51e-01  3.78e+00  8.63e-03  3.78e+00  8.63e-03   True
  |   3,1024,8     aligo02   gs_full@pow2            3.51e-01  3.78e+00  8.63e-03  3.78e+00  8.63e-03   True
  |   3,1024,8     aligo02   gs_full@fast            3.51e-01  3.78e+00  8.63e-03  3.78e+00  8.63e-03   True
  |   3,1024,8     aligo02   gs_half@pow2            3.39e-01  3.82e+00  8.73e-03  3.82e+00  8.73e-03   True
  |   3,1024,8     aligo02   gs_half@fast            3.39e-01  3.82e+00  8.73e-03  3.82e+00  8.73e-03   True
  |   3,1024,8     aligo2    main                    2.09e-02  2.26e-02  3.82e-03  2.26e-02  3.82e-03   True
  |   3,1024,8     aligo2    main_hoisted            1.89e-02  2.27e-02  3.81e-03  2.27e-02  3.81e-03   True
  |   3,1024,8     aligo2    gemm_linv               1.89e-02  9.55e-03  5.34e-03  9.55e-03  5.34e-03   True
  |   3,1024,8     aligo2    gemm_cinv               2.18e-02  6.17e-03  5.23e-03  6.17e-03  5.23e-03   True
  |   3,1024,8     aligo2    gs_pr@pow2              9.25e-03  7.61e-03  5.10e-03  7.61e-03  5.10e-03   True
  |   3,1024,8     aligo2    gs_pr@fast              9.25e-03  7.61e-03  5.10e-03  7.61e-03  5.10e-03   True
  |   3,1024,8     aligo2    gs_pr_ascoded@pow2      9.25e-03  7.61e-03  5.10e-03  7.61e-03  5.10e-03   True
  |   3,1024,8     aligo2    gs_pr_ascoded@fast      9.25e-03  7.61e-03  5.10e-03  7.61e-03  5.10e-03   True
  |   3,1024,8     aligo2    gs_full@pow2            9.25e-03  7.61e-03  5.10e-03  7.61e-03  5.10e-03   True
  |   3,1024,8     aligo2    gs_full@fast            9.25e-03  7.61e-03  5.10e-03  7.61e-03  5.10e-03   True
  |   3,1024,8     aligo2    gs_half@pow2            2.31e-02  8.22e-03  3.73e-03  8.22e-03  3.73e-03   True
  |   3,1024,8     aligo2    gs_half@fast            2.31e-02  8.22e-03  3.73e-03  8.22e-03  3.73e-03   True
  |   3,1024,8     aligo20   main                    3.61e-02  3.40e-01  4.98e-03  3.40e-01  4.98e-03   True
  |   3,1024,8     aligo20   main_hoisted            3.57e-02  3.39e-01  5.10e-03  3.39e-01  5.10e-03   True
  |   3,1024,8     aligo20   gemm_linv               3.30e-02  4.29e-01  4.69e-03  4.29e-01  4.69e-03   True
  |   3,1024,8     aligo20   gemm_cinv               3.68e-02  9.73e-02  6.52e-03  9.73e-02  6.52e-03   True
  |   3,1024,8     aligo20   gs_pr@pow2              1.82e-02  2.36e-01  4.84e-03  2.36e-01  4.84e-03   True
  |   3,1024,8     aligo20   gs_pr@fast              1.82e-02  2.36e-01  4.84e-03  2.36e-01  4.84e-03   True
  |   3,1024,8     aligo20   gs_pr_ascoded@pow2      1.82e-02  2.39e-01  4.89e-03  2.39e-01  4.89e-03   True
  |   3,1024,8     aligo20   gs_pr_ascoded@fast      1.82e-02  2.39e-01  4.89e-03  2.39e-01  4.89e-03   True
  |   3,1024,8     aligo20   gs_full@pow2            1.83e-02  2.39e-01  4.85e-03  2.39e-01  4.85e-03   True
  |   3,1024,8     aligo20   gs_full@fast            1.83e-02  2.39e-01  4.85e-03  2.39e-01  4.85e-03   True
  |   3,1024,8     aligo20   gs_half@pow2            3.69e-02  5.41e-02  4.66e-03  5.41e-02  4.66e-03   True
  |   3,1024,8     aligo20   gs_half@fast            3.69e-02  5.41e-02  4.66e-03  5.41e-02  4.66e-03   True
  |   3,1024,8     expcos    main                    2.84e-01  1.37e+00  2.57e-02  1.37e+00  2.57e-02   True
  |   3,1024,8     expcos    main_hoisted            2.84e-01  1.40e+00  2.57e-02  1.40e+00  2.57e-02   True
  |   3,1024,8     expcos    gemm_linv               3.18e-01  1.35e+00  2.48e-02  1.35e+00  2.48e-02   True
  |   3,1024,8     expcos    gemm_cinv               2.74e-01  1.39e+00  2.05e-02  1.39e+00  2.05e-02   True
  |   3,1024,8     expcos    gs_pr@pow2              2.62e-01  1.39e+00  2.57e-02  1.39e+00  2.57e-02   True
  |   3,1024,8     expcos    gs_pr@fast              2.62e-01  1.39e+00  2.57e-02  1.39e+00  2.57e-02   True
  |   3,1024,8     expcos    gs_pr_ascoded@pow2      2.61e-01  1.42e+00  2.58e-02  1.42e+00  2.58e-02   True
  |   3,1024,8     expcos    gs_pr_ascoded@fast      2.61e-01  1.42e+00  2.58e-02  1.42e+00  2.58e-02   True
  |   3,1024,8     expcos    gs_full@pow2            2.62e-01  1.41e+00  2.49e-02  1.41e+00  2.49e-02   True
  |   3,1024,8     expcos    gs_full@fast            2.62e-01  1.41e+00  2.49e-02  1.41e+00  2.49e-02   True
  |   3,1024,8     expcos    gs_half@pow2            2.42e-01  1.45e+00  2.68e-02  1.45e+00  2.68e-02   True
  |   3,1024,8     expcos    gs_half@fast            2.42e-01  1.45e+00  2.68e-02  1.45e+00  2.68e-02   True
  |   3,1024,8     white     main                    7.00e-01  8.35e-01  2.77e-02  8.35e-01  2.77e-02   True
  |   3,1024,8     white     main_hoisted            7.00e-01  8.34e-01  2.77e-02  8.34e-01  2.77e-02   True
  |   3,1024,8     white     gemm_linv               7.00e-01  8.29e-01  2.78e-02  8.29e-01  2.78e-02   True
  |   3,1024,8     white     gemm_cinv               7.00e-01  8.66e-01  2.79e-02  8.66e-01  2.79e-02   True
  |   3,1024,8     white     gs_pr@pow2              7.00e-01  8.26e-01  2.77e-02  8.26e-01  2.77e-02   True
  |   3,1024,8     white     gs_pr@fast              7.00e-01  8.26e-01  2.77e-02  8.26e-01  2.77e-02   True
  |   3,1024,8     white     gs_pr_ascoded@pow2      7.00e-01  8.26e-01  2.77e-02  8.26e-01  2.77e-02   True
  |   3,1024,8     white     gs_pr_ascoded@fast      7.00e-01  8.26e-01  2.77e-02  8.26e-01  2.77e-02   True
  |   3,1024,8     white     gs_full@pow2            7.00e-01  8.17e-01  2.77e-02  8.17e-01  2.77e-02   True
  |   3,1024,8     white     gs_full@fast            7.00e-01  8.17e-01  2.77e-02  8.17e-01  2.77e-02   True
  |   3,1024,8     white     gs_half@pow2            7.00e-01  8.39e-01  2.77e-02  8.39e-01  2.77e-02   True
  |   3,1024,8     white     gs_half@fast            7.00e-01  8.39e-01  2.77e-02  8.39e-01  2.77e-02   True
  |   3,1024,8     gw150914  main                    2.05e-01  1.82e+00  1.25e-02  1.82e+00  1.25e-02   True
  |   3,1024,8     gw150914  main_hoisted            2.02e-01  1.54e+00  1.24e-02  1.54e+00  1.24e-02   True
  |   3,1024,8     gw150914  gemm_linv               1.75e-01  1.68e+00  7.05e-03  1.68e+00  7.05e-03   True
  |   3,1024,8     gw150914  gemm_cinv               1.87e-01  1.04e+00  1.64e-02  1.04e+00  1.64e-02   True
  |   3,1024,8     gw150914  gs_pr@pow2              1.87e-01  1.68e+00  9.60e-03  1.68e+00  9.60e-03   True
  |   3,1024,8     gw150914  gs_pr@fast              1.87e-01  1.68e+00  9.60e-03  1.68e+00  9.60e-03   True
  |   3,1024,8     gw150914  gs_pr_ascoded@pow2      1.87e-01  1.40e+00  9.59e-03  1.40e+00  9.59e-03   True
  |   3,1024,8     gw150914  gs_pr_ascoded@fast      1.87e-01  1.40e+00  9.59e-03  1.40e+00  9.59e-03   True
  |   3,1024,8     gw150914  gs_full@pow2            1.87e-01  1.26e+00  9.60e-03  1.26e+00  9.60e-03   True
  |   3,1024,8     gw150914  gs_full@fast            1.87e-01  1.26e+00  9.60e-03  1.26e+00  9.60e-03   True
  |   3,1024,8     gw150914  gs_half@pow2            2.16e-01  1.40e+00  1.41e-02  1.40e+00  1.41e-02   True
  |   3,1024,8     gw150914  gs_half@fast            2.16e-01  1.40e+00  1.41e-02  1.40e+00  1.41e-02   True
  |   2,4096,4     aligo02   main                    6.20e-02  1.91e-02  4.84e-03  1.91e-02  4.84e-03   True
  |   2,4096,4     aligo02   main_hoisted            1.69e-02  2.84e-02  5.07e-03  2.84e-02  5.07e-03   True
  |   2,4096,4     aligo02   gemm_linv               1.72e-02  2.09e-02  2.47e-03  2.09e-02  2.47e-03   True
  |   2,4096,4     aligo02   gemm_cinv               1.10e-02  3.04e-02  2.21e-03  3.04e-02  2.21e-03   True
  |   2,4096,4     aligo02   gs_pr@pow2              1.32e-02  1.22e-02  3.06e-03  1.22e-02  3.06e-03   True
  |   2,4096,4     aligo02   gs_pr@fast              1.32e-02  1.22e-02  3.06e-03  1.22e-02  3.06e-03   True
  |   2,4096,4     aligo02   gs_pr_ascoded@pow2      1.32e-02  1.22e-02  3.06e-03  1.22e-02  3.06e-03   True
  |   2,4096,4     aligo02   gs_pr_ascoded@fast      1.32e-02  1.22e-02  3.06e-03  1.22e-02  3.06e-03   True
  |   2,4096,4     aligo02   gs_full@pow2            1.32e-02  1.22e-02  3.06e-03  1.22e-02  3.06e-03   True
  |   2,4096,4     aligo02   gs_full@fast            1.32e-02  1.22e-02  3.06e-03  1.22e-02  3.06e-03   True
  |   2,4096,4     aligo02   gs_half@pow2            1.09e-02  1.34e-02  2.18e-03  1.34e-02  2.18e-03   True
  |   2,4096,4     aligo02   gs_half@fast            1.09e-02  1.34e-02  2.18e-03  1.34e-02  2.18e-03   True
  |   2,4096,4     aligo2    main                    1.21e-02  2.69e-02  5.24e-03  2.69e-02  5.24e-03   True
  |   2,4096,4     aligo2    main_hoisted            6.20e-03  2.69e-02  5.23e-03  2.69e-02  5.23e-03   True
  |   2,4096,4     aligo2    gemm_linv               2.07e-02  2.72e-02  3.76e-03  2.72e-02  3.76e-03   True
  |   2,4096,4     aligo2    gemm_cinv               2.46e-02  1.62e-02  3.19e-03  1.62e-02  3.19e-03   True
  |   2,4096,4     aligo2    gs_pr@pow2              8.96e-03  3.78e-02  5.20e-03  3.78e-02  5.20e-03   True
  |   2,4096,4     aligo2    gs_pr@fast              8.96e-03  3.78e-02  5.20e-03  3.78e-02  5.20e-03   True
  |   2,4096,4     aligo2    gs_pr_ascoded@pow2      8.96e-03  3.78e-02  5.13e-03  3.78e-02  5.13e-03   True
  |   2,4096,4     aligo2    gs_pr_ascoded@fast      8.96e-03  3.78e-02  5.13e-03  3.78e-02  5.13e-03   True
  |   2,4096,4     aligo2    gs_full@pow2            8.96e-03  3.78e-02  5.20e-03  3.78e-02  5.20e-03   True
  |   2,4096,4     aligo2    gs_full@fast            8.96e-03  3.78e-02  5.20e-03  3.78e-02  5.20e-03   True
  |   2,4096,4     aligo2    gs_half@pow2            1.05e-02  1.39e-02  2.79e-03  1.39e-02  2.79e-03   True
  |   2,4096,4     aligo2    gs_half@fast            1.05e-02  1.39e-02  2.79e-03  1.39e-02  2.79e-03   True
  |   2,4096,4     aligo20   main                    5.72e-03  1.96e-02  4.22e-03  1.96e-02  4.22e-03   True
  |   2,4096,4     aligo20   main_hoisted            6.21e-03  1.97e-02  4.22e-03  1.97e-02  4.22e-03   True
  |   2,4096,4     aligo20   gemm_linv               1.59e-02  3.70e-02  4.56e-03  3.70e-02  4.56e-03   True
  |   2,4096,4     aligo20   gemm_cinv               1.17e-02  2.75e-02  2.60e-03  2.75e-02  2.60e-03   True
  |   2,4096,4     aligo20   gs_pr@pow2              6.81e-03  3.03e-02  2.88e-03  3.03e-02  2.88e-03   True
  |   2,4096,4     aligo20   gs_pr@fast              6.81e-03  3.03e-02  2.88e-03  3.03e-02  2.88e-03   True
  |   2,4096,4     aligo20   gs_pr_ascoded@pow2      6.81e-03  3.03e-02  2.88e-03  3.03e-02  2.88e-03   True
  |   2,4096,4     aligo20   gs_pr_ascoded@fast      6.81e-03  3.03e-02  2.88e-03  3.03e-02  2.88e-03   True
  |   2,4096,4     aligo20   gs_full@pow2            6.84e-03  3.03e-02  2.88e-03  3.03e-02  2.88e-03   True
  |   2,4096,4     aligo20   gs_full@fast            6.84e-03  3.03e-02  2.88e-03  3.03e-02  2.88e-03   True
  |   2,4096,4     aligo20   gs_half@pow2            1.31e-02  1.37e-02  2.47e-03  1.37e-02  2.47e-03   True
  |   2,4096,4     aligo20   gs_half@fast            1.31e-02  1.37e-02  2.47e-03  1.37e-02  2.47e-03   True
  |   2,4096,4     expcos    main                    3.08e-02  5.30e-02  5.33e-03  5.30e-02  5.33e-03   True
  |   2,4096,4     expcos    main_hoisted            3.13e-02  5.30e-02  5.39e-03  5.30e-02  5.39e-03   True
  |   2,4096,4     expcos    gemm_linv               1.10e-01  1.25e-01  9.76e-03  1.25e-01  9.76e-03   True
  |   2,4096,4     expcos    gemm_cinv               2.25e-01  1.10e-01  9.36e-03  1.10e-01  9.36e-03   True
  |   2,4096,4     expcos    gs_pr@pow2              4.01e-02  1.29e-01  7.44e-03  1.29e-01  7.44e-03   True
  |   2,4096,4     expcos    gs_pr@fast              4.01e-02  1.29e-01  7.44e-03  1.29e-01  7.44e-03   True
  |   2,4096,4     expcos    gs_pr_ascoded@pow2      4.01e-02  1.40e-01  8.04e-03  1.40e-01  8.04e-03   True
  |   2,4096,4     expcos    gs_pr_ascoded@fast      4.01e-02  1.40e-01  8.04e-03  1.40e-01  8.04e-03   True
  |   2,4096,4     expcos    gs_full@pow2            3.82e-02  1.23e-01  7.09e-03  1.23e-01  7.09e-03   True
  |   2,4096,4     expcos    gs_full@fast            3.82e-02  1.23e-01  7.09e-03  1.23e-01  7.09e-03   True
  |   2,4096,4     expcos    gs_half@pow2            5.04e-02  7.53e-02  6.32e-03  7.53e-02  6.32e-03   True
  |   2,4096,4     expcos    gs_half@fast            5.04e-02  7.53e-02  6.32e-03  7.53e-02  6.32e-03   True
  |   2,4096,4     white     main                    1.51e-02  1.02e-01  1.06e-02  1.02e-01  1.06e-02   True
  |   2,4096,4     white     main_hoisted            1.51e-02  1.02e-01  1.06e-02  1.02e-01  1.06e-02   True
  |   2,4096,4     white     gemm_linv               1.51e-02  1.03e-01  1.06e-02  1.03e-01  1.06e-02   True
  |   2,4096,4     white     gemm_cinv               1.51e-02  9.74e-02  5.40e-03  9.74e-02  5.40e-03   True
  |   2,4096,4     white     gs_pr@pow2              1.51e-02  9.09e-02  5.56e-03  9.09e-02  5.56e-03   True
  |   2,4096,4     white     gs_pr@fast              1.51e-02  9.09e-02  5.56e-03  9.09e-02  5.56e-03   True
  |   2,4096,4     white     gs_pr_ascoded@pow2      1.51e-02  9.09e-02  5.56e-03  9.09e-02  5.56e-03   True
  |   2,4096,4     white     gs_pr_ascoded@fast      1.51e-02  9.09e-02  5.56e-03  9.09e-02  5.56e-03   True
  |   2,4096,4     white     gs_full@pow2            1.51e-02  9.11e-02  5.56e-03  9.11e-02  5.56e-03   True
  |   2,4096,4     white     gs_full@fast            1.51e-02  9.11e-02  5.56e-03  9.11e-02  5.56e-03   True
  |   2,4096,4     white     gs_half@pow2            1.51e-02  1.02e-01  1.06e-02  1.02e-01  1.06e-02   True
  |   2,4096,4     white     gs_half@fast            1.51e-02  1.02e-01  1.06e-02  1.02e-01  1.06e-02   True
  |   2,4096,4     gw150914  main                    2.76e-01  1.48e+04  4.11e-01  1.50e+04  4.11e-01   True
  |   2,4096,4     gw150914  main_hoisted            1.31e-01  8.56e+03  2.61e-01  8.64e+03  2.61e-01   True
  |   2,4096,4     gw150914  gemm_linv               2.22e-01  9.75e+03  3.66e-01  1.02e+04  3.66e-01   True
  |   2,4096,4     gw150914  gemm_cinv               1.81e-01  2.01e+04  9.28e-01  2.10e+04  9.28e-01   True
  |   2,4096,4     gw150914  gs_pr@pow2              1.55e-01  4.13e+03  2.59e-01  5.37e+03  2.59e-01   True
  |   2,4096,4     gw150914  gs_pr@fast              1.55e-01  4.13e+03  2.59e-01  5.37e+03  2.59e-01   True
  |   2,4096,4     gw150914  gs_pr_ascoded@pow2      1.55e-01  3.80e+03  2.10e-01  4.94e+03  2.10e-01   True
  |   2,4096,4     gw150914  gs_pr_ascoded@fast      1.55e-01  3.80e+03  2.10e-01  4.94e+03  2.10e-01   True
  |   2,4096,4     gw150914  gs_full@pow2            1.55e-01  3.81e+03  2.72e-01  4.95e+03  2.72e-01   True
  |   2,4096,4     gw150914  gs_full@fast            1.55e-01  3.81e+03  2.72e-01  4.95e+03  2.72e-01   True
  |   2,4096,4     gw150914  gs_half@pow2            7.72e-01  6.85e+01  6.66e-01  8.93e+01  6.66e-01   True
  |   2,4096,4     gw150914  gs_half@fast            7.72e-01  6.85e+01  6.66e-01  8.93e+01  6.66e-01   True
  | 
  | === LEG gpu_f32 DONE in 1300.5 s -> /mnt/home/misi/src/ringdown/benchmarks/gs/results/local.gpu_f32.json ===
  |   (leg wall 1306.2 s, exit 0)

------------------------------------------------------------------------------
=== LEG: gpu_f32_hi ===
  $ /mnt/home/misi/src/ringdown/.venv/bin/python /mnt/home/misi/src/ringdown/benchmarks/gs/bench_gs.py --no-sub --out /mnt/home/misi/src/ringdown/benchmarks/gs/results/local.gpu_f32_hi.json --parent-pid 2744913 --platform gpu --x64 0 --matmul-precision highest --leg gpu_f32_hi --sections env,f32acc --inputs /mnt/home/misi/src/ringdown/benchmarks/gs/inputs --ref /mnt/home/misi/src/ringdown/benchmarks/gs/results/local.ref.npz --nfft both --timing-families aligo02,expcos --nuts-variants main,main_hoisted,gs_half,gemm_linv --nuts-n 300 --nuts-seeds 0,1 --cpu-omp 8 --gs-coeffs pr --spectra-from f64 --ref-logdet cholesky --tag local-a6000-run2
  | 
  | === ENVIRONMENT [leg gpu_f32_hi] ===
  |   hostname             ccalin016.flatironinstitute.org
  |   jax_backend          gpu
  |   jax_devices          ['cuda:0']
  |   jax_device_kinds     ['NVIDIA RTX A6000']
  |   jax_enable_x64       False
  |   jax_default_matmul_precision highest
  |   dtype                float32
  |   fft_backend_hint     cufft
  |   cpu_model            Intel(R) Xeon(R) Gold 6244 CPU @ 3.60GHz
  |   cpu_affinity_count   32
  |   nvidia_smi           NVIDIA RTX A6000, 595.91.07, 49140 MiB, 8.6, 2100 MHz
  |   configs              [[2, 205, 2], [2, 410, 2], [2, 1024, 2], [2, 2048, 4], [3, 1024, 8], [2, 4096, 4]]
  |   families             ['aligo02', 'aligo2', 'aligo20', 'expcos', 'white', 'gw150914']
  |   threads              {'OMP_NUM_THREADS': '1', 'MKL_NUM_THREADS': None, 'OPENBLAS_NUM_THREADS': None, 'NPROC': None, 'XLA_FLAGS': None, 'JAX_PLATFORMS': 'cuda'}
  |   xla_cpu_pool         0
  |   matmul               true float32/float64 dots
  |   policies             gs_coeffs=pr spectra_from=f64 logdetC_source=longdouble
  |   ringdown             /mnt/home/misi/src/ringdown (v1.1.0-42-g0246591)
  |   gpu_state            1 %, 1800 MHz, 2100 MHz, 62, 43.08 W, 819 MiB
  | 
  | === ACCURACY vs reference and vs float64 twin [leg gpu_f32_hi, float32] ===
  |     matmul: jax_default_matmul_precision='highest'
  |   config       family    variant                 nats_ref  relg_ref relg_ref*  relg_twn relg_twn* finite
  |   (* = cloud-normalized; by-kind numbers in the JSON)
  |   2,205,2      aligo02   main                    1.26e-03  9.41e-04  6.78e-05  9.42e-04  6.78e-05   True
  |   2,205,2      aligo02   main_hoisted            7.70e-04  1.19e-03  7.50e-05  1.19e-03  7.50e-05   True
  |   2,205,2      aligo02   gemm_linv               5.19e-04  6.96e-04  4.56e-05  6.96e-04  4.56e-05   True
  |   2,205,2      aligo02   gemm_cinv               6.30e-04  4.21e-04  4.74e-05  4.21e-04  4.74e-05   True
  |   2,205,2      aligo02   gs_pr@pow2              6.30e-04  4.21e-04  4.99e-05  4.21e-04  4.99e-05   True
  |   2,205,2      aligo02   gs_pr@fast              6.26e-04  4.21e-04  4.99e-05  4.21e-04  4.99e-05   True
  |   2,205,2      aligo02   gs_pr_ascoded@pow2      7.64e-04  4.21e-04  5.25e-05  4.21e-04  5.25e-05   True
  |   2,205,2      aligo02   gs_pr_ascoded@fast      6.30e-04  4.21e-04  4.31e-05  4.21e-04  4.31e-05   True
  |   2,205,2      aligo02   gs_full@pow2            6.30e-04  4.04e-04  4.38e-05  4.04e-04  4.37e-05   True
  |   2,205,2      aligo02   gs_full@fast            6.30e-04  4.21e-04  4.35e-05  4.21e-04  4.35e-05   True
  |   2,205,2      aligo02   gs_half@pow2            6.30e-04  4.09e-04  4.43e-05  4.09e-04  4.43e-05   True
  |   2,205,2      aligo02   gs_half@fast            6.26e-04  4.03e-04  4.95e-05  4.04e-04  4.95e-05   True
  |   2,205,2      aligo2    main                    7.18e-04  2.03e-04  5.89e-05  2.03e-04  5.89e-05   True
  |   2,205,2      aligo2    main_hoisted            7.18e-04  2.32e-04  6.31e-05  2.32e-04  6.31e-05   True
  |   2,205,2      aligo2    gemm_linv               5.96e-04  2.37e-04  4.33e-05  2.37e-04  4.33e-05   True
  |   2,205,2      aligo2    gemm_cinv               4.74e-04  2.04e-04  4.09e-05  2.04e-04  4.09e-05   True
  |   2,205,2      aligo2    gs_pr@pow2              4.74e-04  2.00e-04  5.04e-05  2.00e-04  5.04e-05   True
  |   2,205,2      aligo2    gs_pr@fast              4.74e-04  2.10e-04  4.20e-05  2.10e-04  4.20e-05   True
  |   2,205,2      aligo2    gs_pr_ascoded@pow2      4.74e-04  2.01e-04  5.28e-05  2.01e-04  5.28e-05   True
  |   2,205,2      aligo2    gs_pr_ascoded@fast      4.74e-04  2.08e-04  4.48e-05  2.08e-04  4.48e-05   True
  |   2,205,2      aligo2    gs_full@pow2            4.74e-04  2.07e-04  5.04e-05  2.07e-04  5.04e-05   True
  |   2,205,2      aligo2    gs_full@fast            4.74e-04  2.04e-04  4.38e-05  2.04e-04  4.38e-05   True
  |   2,205,2      aligo2    gs_half@pow2            5.96e-04  2.26e-04  3.58e-05  2.26e-04  3.58e-05   True
  |   2,205,2      aligo2    gs_half@fast            4.74e-04  2.25e-04  4.15e-05  2.25e-04  4.15e-05   True
  |   2,205,2      aligo20   main                    5.72e-04  3.05e-03  4.61e-05  3.05e-03  4.61e-05   True
  |   2,205,2      aligo20   main_hoisted            5.56e-04  2.36e-03  4.27e-05  2.36e-03  4.27e-05   True
  |   2,205,2      aligo20   gemm_linv               5.49e-04  2.33e-03  4.77e-05  2.33e-03  4.77e-05   True
  |   2,205,2      aligo20   gemm_cinv               5.64e-04  4.93e-04  3.03e-05  4.93e-04  3.03e-05   True
  |   2,205,2      aligo20   gs_pr@pow2              5.33e-04  1.29e-03  3.88e-05  1.29e-03  3.88e-05   True
  |   2,205,2      aligo20   gs_pr@fast              5.33e-04  1.34e-03  3.21e-05  1.34e-03  3.21e-05   True
  |   2,205,2      aligo20   gs_pr_ascoded@pow2      5.49e-04  1.88e-04  3.48e-05  1.88e-04  3.48e-05   True
  |   2,205,2      aligo20   gs_pr_ascoded@fast      5.18e-04  2.62e-04  3.02e-05  2.62e-04  3.02e-05   True
  |   2,205,2      aligo20   gs_full@pow2            5.18e-04  7.25e-04  3.38e-05  7.25e-04  3.38e-05   True
  |   2,205,2      aligo20   gs_full@fast            5.41e-04  5.05e-04  3.06e-05  5.05e-04  3.06e-05   True
  |   2,205,2      aligo20   gs_half@pow2            3.73e-04  1.15e-03  3.08e-05  1.15e-03  3.08e-05   True
  |   2,205,2      aligo20   gs_half@fast            3.27e-04  1.79e-03  3.16e-05  1.79e-03  3.16e-05   True
  |   2,205,2      expcos    main                    3.20e-03  2.91e-02  9.08e-04  2.91e-02  9.08e-04   True
  |   2,205,2      expcos    main_hoisted            3.26e-03  2.91e-02  9.08e-04  2.91e-02  9.08e-04   True
  |   2,205,2      expcos    gemm_linv               3.31e-03  2.90e-02  9.08e-04  2.90e-02  9.08e-04   True
  |   2,205,2      expcos    gemm_cinv               3.24e-03  2.89e-02  9.03e-04  2.89e-02  9.03e-04   True
  |   2,205,2      expcos    gs_pr@pow2              3.20e-03  2.89e-02  9.03e-04  2.89e-02  9.03e-04   True
  |   2,205,2      expcos    gs_pr@fast              3.23e-03  2.89e-02  9.03e-04  2.89e-02  9.03e-04   True
  |   2,205,2      expcos    gs_pr_ascoded@pow2      3.26e-03  2.90e-02  9.04e-04  2.90e-02  9.04e-04   True
  |   2,205,2      expcos    gs_pr_ascoded@fast      3.28e-03  2.89e-02  9.04e-04  2.89e-02  9.04e-04   True
  |   2,205,2      expcos    gs_full@pow2            3.24e-03  2.90e-02  9.04e-04  2.90e-02  9.04e-04   True
  |   2,205,2      expcos    gs_full@fast            3.21e-03  2.89e-02  9.03e-04  2.89e-02  9.03e-04   True
  |   2,205,2      expcos    gs_half@pow2            3.17e-03  2.90e-02  9.06e-04  2.90e-02  9.06e-04   True
  |   2,205,2      expcos    gs_half@fast            3.23e-03  2.89e-02  9.06e-04  2.89e-02  9.06e-04   True
  |   2,205,2      white     main                    1.73e-04  9.67e-04  2.36e-05  9.67e-04  2.36e-05   True
  |   2,205,2      white     main_hoisted            1.73e-04  9.94e-04  2.42e-05  9.94e-04  2.42e-05   True
  |   2,205,2      white     gemm_linv               1.81e-04  1.13e-03  2.74e-05  1.13e-03  2.74e-05   True
  |   2,205,2      white     gemm_cinv               1.81e-04  1.11e-03  2.71e-05  1.11e-03  2.71e-05   True
  |   2,205,2      white     gs_pr@pow2              2.03e-04  1.16e-03  2.84e-05  1.16e-03  2.84e-05   True
  |   2,205,2      white     gs_pr@fast              1.73e-04  9.94e-04  2.42e-05  9.94e-04  2.42e-05   True
  |   2,205,2      white     gs_pr_ascoded@pow2      2.03e-04  1.16e-03  2.84e-05  1.16e-03  2.84e-05   True
  |   2,205,2      white     gs_pr_ascoded@fast      1.73e-04  9.94e-04  2.42e-05  9.94e-04  2.42e-05   True
  |   2,205,2      white     gs_full@pow2            2.03e-04  1.19e-03  2.90e-05  1.19e-03  2.90e-05   True
  |   2,205,2      white     gs_full@fast            2.03e-04  1.14e-03  2.77e-05  1.14e-03  2.77e-05   True
  |   2,205,2      white     gs_half@pow2            2.34e-04  1.27e-03  3.09e-05  1.27e-03  3.09e-05   True
  |   2,205,2      white     gs_half@fast            2.03e-04  8.22e-04  2.12e-05  8.22e-04  2.12e-05   True
  |   2,205,2      gw150914  main                    6.19e-04  5.13e-04  3.79e-05  5.13e-04  3.79e-05   True
  |   2,205,2      gw150914  main_hoisted            5.73e-04  5.21e-04  3.85e-05  5.21e-04  3.85e-05   True
  |   2,205,2      gw150914  gemm_linv               5.73e-04  3.62e-04  3.07e-05  3.62e-04  3.07e-05   True
  |   2,205,2      gw150914  gemm_cinv               6.95e-04  4.32e-04  3.19e-05  4.32e-04  3.19e-05   True
  |   2,205,2      gw150914  gs_pr@pow2              5.73e-04  3.66e-04  2.73e-05  3.66e-04  2.73e-05   True
  |   2,205,2      gw150914  gs_pr@fast              5.95e-04  3.82e-04  2.84e-05  3.82e-04  2.84e-05   True
  |   2,205,2      gw150914  gs_pr_ascoded@pow2      5.73e-04  3.82e-04  3.05e-05  3.82e-04  3.05e-05   True
  |   2,205,2      gw150914  gs_pr_ascoded@fast      5.73e-04  4.20e-04  3.10e-05  4.20e-04  3.10e-05   True
  |   2,205,2      gw150914  gs_full@pow2            5.73e-04  4.16e-04  3.38e-05  4.16e-04  3.38e-05   True
  |   2,205,2      gw150914  gs_full@fast            5.73e-04  4.44e-04  3.28e-05  4.44e-04  3.28e-05   True
  |   2,205,2      gw150914  gs_half@pow2            4.73e-04  2.62e-04  2.78e-05  2.62e-04  2.78e-05   True
  |   2,205,2      gw150914  gs_half@fast            5.73e-04  2.81e-04  2.58e-05  2.81e-04  2.58e-05   True
  |   2,410,2      aligo02   main                    3.14e-03  1.36e-02  2.61e-04  1.36e-02  2.61e-04   True
  |   2,410,2      aligo02   main_hoisted            1.57e-03  1.54e-02  2.51e-04  1.54e-02  2.51e-04   True
  |   2,410,2      aligo02   gemm_linv               1.56e-03  3.33e-03  3.19e-04  3.33e-03  3.19e-04   True
  |   2,410,2      aligo02   gemm_cinv               6.48e-04  4.74e-04  9.74e-05  4.73e-04  9.74e-05   True
  |   2,410,2      aligo02   gs_pr@pow2              6.48e-04  3.44e-04  1.05e-04  3.45e-04  1.05e-04   True
  |   2,410,2      aligo02   gs_pr@fast              6.48e-04  2.91e-04  1.08e-04  2.91e-04  1.08e-04   True
  |   2,410,2      aligo02   gs_pr_ascoded@pow2      6.48e-04  4.16e-04  1.01e-04  4.17e-04  1.01e-04   True
  |   2,410,2      aligo02   gs_pr_ascoded@fast      7.12e-04  3.87e-04  1.19e-04  3.88e-04  1.19e-04   True
  |   2,410,2      aligo02   gs_full@pow2            7.12e-04  2.98e-04  1.05e-04  2.98e-04  1.05e-04   True
  |   2,410,2      aligo02   gs_full@fast            7.12e-04  3.12e-04  1.08e-04  3.13e-04  1.08e-04   True
  |   2,410,2      aligo02   gs_half@pow2            6.48e-04  3.87e-04  1.10e-04  3.88e-04  1.10e-04   True
  |   2,410,2      aligo02   gs_half@fast            7.12e-04  4.16e-04  1.01e-04  4.17e-04  1.01e-04   True
  |   2,410,2      aligo2    main                    1.35e-03  1.67e-03  7.19e-05  1.67e-03  7.19e-05   True
  |   2,410,2      aligo2    main_hoisted            8.60e-04  1.93e-03  6.13e-05  1.93e-03  6.13e-05   True
  |   2,410,2      aligo2    gemm_linv               8.60e-04  7.98e-04  6.31e-05  7.98e-04  6.31e-05   True
  |   2,410,2      aligo2    gemm_cinv               3.71e-04  1.03e-03  2.49e-05  1.03e-03  2.49e-05   True
  |   2,410,2      aligo2    gs_pr@pow2              3.09e-04  8.59e-04  3.67e-05  8.59e-04  3.67e-05   True
  |   2,410,2      aligo2    gs_pr@fast              3.09e-04  8.28e-04  3.73e-05  8.28e-04  3.73e-05   True
  |   2,410,2      aligo2    gs_pr_ascoded@pow2      3.09e-04  7.66e-04  3.95e-05  7.66e-04  3.95e-05   True
  |   2,410,2      aligo2    gs_pr_ascoded@fast      3.09e-04  8.28e-04  3.93e-05  8.28e-04  3.93e-05   True
  |   2,410,2      aligo2    gs_full@pow2            3.09e-04  6.98e-04  4.30e-05  6.98e-04  4.30e-05   True
  |   2,410,2      aligo2    gs_full@fast            3.09e-04  8.03e-04  3.71e-05  8.03e-04  3.71e-05   True
  |   2,410,2      aligo2    gs_half@pow2            3.09e-04  7.16e-04  3.73e-05  7.16e-04  3.73e-05   True
  |   2,410,2      aligo2    gs_half@fast            3.09e-04  7.60e-04  4.23e-05  7.60e-04  4.23e-05   True
  |   2,410,2      aligo20   main                    2.47e-04  1.15e-02  5.92e-05  1.15e-02  5.92e-05   True
  |   2,410,2      aligo20   main_hoisted            3.08e-04  1.06e-02  5.31e-05  1.06e-02  5.31e-05   True
  |   2,410,2      aligo20   gemm_linv               3.08e-04  8.13e-03  5.26e-05  8.13e-03  5.26e-05   True
  |   2,410,2      aligo20   gemm_cinv               3.96e-04  3.35e-03  4.02e-05  3.35e-03  4.02e-05   True
  |   2,410,2      aligo20   gs_pr@pow2              3.55e-04  6.44e-03  4.25e-05  6.44e-03  4.25e-05   True
  |   2,410,2      aligo20   gs_pr@fast              3.55e-04  3.70e-03  4.57e-05  3.70e-03  4.57e-05   True
  |   2,410,2      aligo20   gs_pr_ascoded@pow2      3.55e-04  3.70e-03  5.09e-05  3.70e-03  5.09e-05   True
  |   2,410,2      aligo20   gs_pr_ascoded@fast      3.85e-04  3.70e-03  4.45e-05  3.70e-03  4.45e-05   True
  |   2,410,2      aligo20   gs_full@pow2            3.55e-04  5.17e-03  5.00e-05  5.17e-03  5.00e-05   True
  |   2,410,2      aligo20   gs_full@fast            3.85e-04  4.38e-03  4.20e-05  4.38e-03  4.20e-05   True
  |   2,410,2      aligo20   gs_half@pow2            3.55e-04  3.02e-03  5.05e-05  3.02e-03  5.05e-05   True
  |   2,410,2      aligo20   gs_half@fast            4.16e-04  3.70e-03  4.69e-05  3.70e-03  4.69e-05   True
  |   2,410,2      expcos    main                    5.88e-03  6.32e-02  2.06e-03  6.32e-02  2.06e-03   True
  |   2,410,2      expcos    main_hoisted            5.70e-03  6.29e-02  2.06e-03  6.29e-02  2.06e-03   True
  |   2,410,2      expcos    gemm_linv               5.70e-03  6.30e-02  2.06e-03  6.30e-02  2.06e-03   True
  |   2,410,2      expcos    gemm_cinv               5.64e-03  6.32e-02  2.06e-03  6.32e-02  2.06e-03   True
  |   2,410,2      expcos    gs_pr@pow2              5.67e-03  6.34e-02  2.06e-03  6.34e-02  2.06e-03   True
  |   2,410,2      expcos    gs_pr@fast              5.67e-03  6.32e-02  2.06e-03  6.32e-02  2.06e-03   True
  |   2,410,2      expcos    gs_pr_ascoded@pow2      5.70e-03  6.32e-02  2.06e-03  6.32e-02  2.06e-03   True
  |   2,410,2      expcos    gs_pr_ascoded@fast      5.70e-03  6.34e-02  2.06e-03  6.34e-02  2.06e-03   True
  |   2,410,2      expcos    gs_full@pow2            5.70e-03  6.31e-02  2.06e-03  6.31e-02  2.06e-03   True
  |   2,410,2      expcos    gs_full@fast            5.64e-03  6.34e-02  2.06e-03  6.34e-02  2.06e-03   True
  |   2,410,2      expcos    gs_half@pow2            5.64e-03  6.29e-02  2.06e-03  6.29e-02  2.06e-03   True
  |   2,410,2      expcos    gs_half@fast            5.64e-03  6.32e-02  2.06e-03  6.32e-02  2.06e-03   True
  |   2,410,2      white     main                    1.45e-04  1.52e-04  4.69e-05  1.52e-04  4.69e-05   True
  |   2,410,2      white     main_hoisted            1.97e-04  1.31e-04  4.50e-05  1.31e-04  4.50e-05   True
  |   2,410,2      white     gemm_linv               1.97e-04  1.25e-04  4.87e-05  1.25e-04  4.87e-05   True
  |   2,410,2      white     gemm_cinv               1.97e-04  1.23e-04  4.59e-05  1.23e-04  4.59e-05   True
  |   2,410,2      white     gs_pr@pow2              1.97e-04  1.21e-04  4.69e-05  1.21e-04  4.69e-05   True
  |   2,410,2      white     gs_pr@fast              1.97e-04  1.38e-04  4.41e-05  1.38e-04  4.41e-05   True
  |   2,410,2      white     gs_pr_ascoded@pow2      1.97e-04  1.21e-04  4.69e-05  1.21e-04  4.69e-05   True
  |   2,410,2      white     gs_pr_ascoded@fast      1.97e-04  1.38e-04  4.41e-05  1.38e-04  4.41e-05   True
  |   2,410,2      white     gs_full@pow2            1.97e-04  1.28e-04  4.77e-05  1.28e-04  4.77e-05   True
  |   2,410,2      white     gs_full@fast            1.97e-04  1.34e-04  4.87e-05  1.34e-04  4.87e-05   True
  |   2,410,2      white     gs_half@pow2            1.97e-04  1.24e-04  4.59e-05  1.24e-04  4.59e-05   True
  |   2,410,2      white     gs_half@fast            2.27e-04  1.32e-04  4.77e-05  1.32e-04  4.77e-05   True
  |   2,410,2      gw150914  main                    5.54e-04  2.16e-04  3.88e-05  2.16e-04  3.88e-05   True
  |   2,410,2      gw150914  main_hoisted            5.53e-04  8.34e-04  4.20e-05  8.34e-04  4.20e-05   True
  |   2,410,2      gw150914  gemm_linv               4.70e-04  1.03e-04  2.83e-05  1.03e-04  2.83e-05   True
  |   2,410,2      gw150914  gemm_cinv               4.70e-04  1.33e-04  2.70e-05  1.33e-04  2.70e-05   True
  |   2,410,2      gw150914  gs_pr@pow2              4.70e-04  1.01e-04  3.03e-05  1.01e-04  3.03e-05   True
  |   2,410,2      gw150914  gs_pr@fast              4.70e-04  1.03e-04  2.83e-05  1.03e-04  2.83e-05   True
  |   2,410,2      gw150914  gs_pr_ascoded@pow2      4.70e-04  1.10e-04  3.01e-05  1.10e-04  3.01e-05   True
  |   2,410,2      gw150914  gs_pr_ascoded@fast      4.70e-04  1.18e-04  3.24e-05  1.18e-04  3.24e-05   True
  |   2,410,2      gw150914  gs_full@pow2            4.70e-04  1.12e-04  3.06e-05  1.12e-04  3.06e-05   True
  |   2,410,2      gw150914  gs_full@fast            4.70e-04  1.05e-04  2.89e-05  1.05e-04  2.89e-05   True
  |   2,410,2      gw150914  gs_half@pow2            4.70e-04  1.01e-04  3.09e-05  1.01e-04  3.09e-05   True
  |   2,410,2      gw150914  gs_half@fast            4.70e-04  1.10e-04  3.09e-05  1.10e-04  3.09e-05   True
  |   2,1024,2     aligo02   main                    1.14e-02  1.55e-02  3.46e-04  1.55e-02  3.46e-04   True
  |   2,1024,2     aligo02   main_hoisted            3.56e-03  1.54e-02  3.77e-04  1.54e-02  3.77e-04   True
  |   2,1024,2     aligo02   gemm_linv               1.41e-03  5.19e-04  2.86e-05  5.19e-04  2.86e-05   True
  |   2,1024,2     aligo02   gemm_cinv               1.41e-03  7.96e-05  2.66e-05  7.96e-05  2.67e-05   True
  |   2,1024,2     aligo02   gs_pr@pow2              1.14e-03  8.96e-05  2.98e-05  8.93e-05  2.98e-05   True
  |   2,1024,2     aligo02   gs_pr@fast              1.14e-03  8.96e-05  2.98e-05  8.93e-05  2.98e-05   True
  |   2,1024,2     aligo02   gs_pr_ascoded@pow2      1.32e-03  1.29e-04  3.10e-05  1.28e-04  3.10e-05   True
  |   2,1024,2     aligo02   gs_pr_ascoded@fast      1.32e-03  1.29e-04  3.10e-05  1.28e-04  3.10e-05   True
  |   2,1024,2     aligo02   gs_full@pow2            1.14e-03  8.19e-05  3.10e-05  8.18e-05  3.10e-05   True
  |   2,1024,2     aligo02   gs_full@fast            1.14e-03  8.19e-05  3.10e-05  8.18e-05  3.10e-05   True
  |   2,1024,2     aligo02   gs_half@pow2            1.41e-03  1.06e-04  2.74e-05  1.06e-04  2.74e-05   True
  |   2,1024,2     aligo02   gs_half@fast            1.41e-03  1.06e-04  2.74e-05  1.06e-04  2.74e-05   True
  |   2,1024,2     aligo2    main                    2.62e-03  1.75e-03  8.67e-05  1.75e-03  8.67e-05   True
  |   2,1024,2     aligo2    main_hoisted            1.16e-03  1.55e-03  9.44e-05  1.55e-03  9.44e-05   True
  |   2,1024,2     aligo2    gemm_linv               6.68e-04  7.58e-04  1.16e-04  7.58e-04  1.16e-04   True
  |   2,1024,2     aligo2    gemm_cinv               6.68e-04  7.58e-04  9.06e-05  7.58e-04  9.06e-05   True
  |   2,1024,2     aligo2    gs_pr@pow2              6.68e-04  7.58e-04  9.28e-05  7.58e-04  9.28e-05   True
  |   2,1024,2     aligo2    gs_pr@fast              6.68e-04  7.58e-04  9.28e-05  7.58e-04  9.28e-05   True
  |   2,1024,2     aligo2    gs_pr_ascoded@pow2      6.68e-04  7.58e-04  9.14e-05  7.58e-04  9.14e-05   True
  |   2,1024,2     aligo2    gs_pr_ascoded@fast      6.68e-04  7.58e-04  9.14e-05  7.58e-04  9.14e-05   True
  |   2,1024,2     aligo2    gs_full@pow2            6.68e-04  7.58e-04  8.98e-05  7.58e-04  8.98e-05   True
  |   2,1024,2     aligo2    gs_full@fast            6.68e-04  7.58e-04  8.98e-05  7.58e-04  8.98e-05   True
  |   2,1024,2     aligo2    gs_half@pow2            6.68e-04  8.37e-04  8.98e-05  8.37e-04  8.98e-05   True
  |   2,1024,2     aligo2    gs_half@fast            6.68e-04  8.37e-04  8.98e-05  8.37e-04  8.98e-05   True
  |   2,1024,2     aligo20   main                    5.41e-04  8.63e-03  5.62e-05  8.63e-03  5.62e-05   True
  |   2,1024,2     aligo20   main_hoisted            6.63e-04  8.87e-03  4.50e-05  8.87e-03  4.50e-05   True
  |   2,1024,2     aligo20   gemm_linv               6.63e-04  5.43e-03  5.42e-05  5.43e-03  5.42e-05   True
  |   2,1024,2     aligo20   gemm_cinv               6.63e-04  7.66e-03  5.87e-05  7.66e-03  5.87e-05   True
  |   2,1024,2     aligo20   gs_pr@pow2              6.63e-04  7.06e-03  4.97e-05  7.06e-03  4.97e-05   True
  |   2,1024,2     aligo20   gs_pr@fast              6.63e-04  7.06e-03  4.97e-05  7.06e-03  4.97e-05   True
  |   2,1024,2     aligo20   gs_pr_ascoded@pow2      6.63e-04  7.30e-03  5.95e-05  7.30e-03  5.95e-05   True
  |   2,1024,2     aligo20   gs_pr_ascoded@fast      6.63e-04  7.30e-03  5.95e-05  7.30e-03  5.95e-05   True
  |   2,1024,2     aligo20   gs_full@pow2            6.63e-04  8.15e-03  4.70e-05  8.15e-03  4.70e-05   True
  |   2,1024,2     aligo20   gs_full@fast            6.63e-04  8.15e-03  4.70e-05  8.15e-03  4.70e-05   True
  |   2,1024,2     aligo20   gs_half@pow2            5.41e-04  6.70e-03  4.63e-05  6.70e-03  4.63e-05   True
  |   2,1024,2     aligo20   gs_half@fast            5.41e-04  6.70e-03  4.63e-05  6.70e-03  4.63e-05   True
  |   2,1024,2     expcos    main                    3.69e-03  7.92e-03  1.02e-03  7.92e-03  1.02e-03   True
  |   2,1024,2     expcos    main_hoisted            3.44e-03  7.94e-03  1.02e-03  7.94e-03  1.02e-03   True
  |   2,1024,2     expcos    gemm_linv               3.56e-03  7.90e-03  1.02e-03  7.90e-03  1.02e-03   True
  |   2,1024,2     expcos    gemm_cinv               3.44e-03  8.00e-03  1.02e-03  8.00e-03  1.02e-03   True
  |   2,1024,2     expcos    gs_pr@pow2              3.56e-03  7.91e-03  1.02e-03  7.91e-03  1.02e-03   True
  |   2,1024,2     expcos    gs_pr@fast              3.56e-03  7.91e-03  1.02e-03  7.91e-03  1.02e-03   True
  |   2,1024,2     expcos    gs_pr_ascoded@pow2      3.56e-03  7.99e-03  1.02e-03  7.99e-03  1.02e-03   True
  |   2,1024,2     expcos    gs_pr_ascoded@fast      3.56e-03  7.99e-03  1.02e-03  7.99e-03  1.02e-03   True
  |   2,1024,2     expcos    gs_full@pow2            3.44e-03  7.94e-03  1.02e-03  7.94e-03  1.02e-03   True
  |   2,1024,2     expcos    gs_full@fast            3.44e-03  7.94e-03  1.02e-03  7.94e-03  1.02e-03   True
  |   2,1024,2     expcos    gs_half@pow2            3.44e-03  7.93e-03  1.02e-03  7.93e-03  1.02e-03   True
  |   2,1024,2     expcos    gs_half@fast            3.44e-03  7.93e-03  1.02e-03  7.93e-03  1.02e-03   True
  |   2,1024,2     white     main                    2.87e-04  7.58e-04  2.07e-05  7.58e-04  2.07e-05   True
  |   2,1024,2     white     main_hoisted            2.87e-04  7.42e-04  1.98e-05  7.42e-04  1.98e-05   True
  |   2,1024,2     white     gemm_linv               2.87e-04  6.87e-04  2.16e-05  6.87e-04  2.16e-05   True
  |   2,1024,2     white     gemm_cinv               2.87e-04  5.99e-04  2.21e-05  5.99e-04  2.21e-05   True
  |   2,1024,2     white     gs_pr@pow2              2.87e-04  7.42e-04  2.02e-05  7.42e-04  2.02e-05   True
  |   2,1024,2     white     gs_pr@fast              2.87e-04  7.42e-04  2.02e-05  7.42e-04  2.02e-05   True
  |   2,1024,2     white     gs_pr_ascoded@pow2      2.87e-04  7.42e-04  2.02e-05  7.42e-04  2.02e-05   True
  |   2,1024,2     white     gs_pr_ascoded@fast      2.87e-04  7.42e-04  2.02e-05  7.42e-04  2.02e-05   True
  |   2,1024,2     white     gs_full@pow2            2.87e-04  6.84e-04  2.24e-05  6.84e-04  2.24e-05   True
  |   2,1024,2     white     gs_full@fast            2.87e-04  6.84e-04  2.24e-05  6.84e-04  2.24e-05   True
  |   2,1024,2     white     gs_half@pow2            2.87e-04  7.11e-04  2.21e-05  7.11e-04  2.21e-05   True
  |   2,1024,2     white     gs_half@fast            2.87e-04  7.11e-04  2.21e-05  7.11e-04  2.21e-05   True
  |   2,1024,2     gw150914  main                    2.46e-03  2.46e-03  5.72e-05  2.46e-03  5.72e-05   True
  |   2,1024,2     gw150914  main_hoisted            8.56e-04  1.22e-03  5.57e-05  1.22e-03  5.57e-05   True
  |   2,1024,2     gw150914  gemm_linv               8.32e-04  1.21e-03  2.67e-05  1.21e-03  2.67e-05   True
  |   2,1024,2     gw150914  gemm_cinv               8.32e-04  1.72e-03  3.54e-05  1.72e-03  3.54e-05   True
  |   2,1024,2     gw150914  gs_pr@pow2              8.32e-04  1.36e-03  4.64e-05  1.36e-03  4.64e-05   True
  |   2,1024,2     gw150914  gs_pr@fast              8.32e-04  1.36e-03  4.64e-05  1.36e-03  4.64e-05   True
  |   2,1024,2     gw150914  gs_pr_ascoded@pow2      8.32e-04  1.47e-03  4.03e-05  1.47e-03  4.03e-05   True
  |   2,1024,2     gw150914  gs_pr_ascoded@fast      8.32e-04  1.47e-03  4.03e-05  1.47e-03  4.03e-05   True
  |   2,1024,2     gw150914  gs_full@pow2            8.32e-04  1.22e-03  4.73e-05  1.22e-03  4.73e-05   True
  |   2,1024,2     gw150914  gs_full@fast            8.32e-04  1.22e-03  4.73e-05  1.22e-03  4.73e-05   True
  |   2,1024,2     gw150914  gs_half@pow2            8.32e-04  1.36e-03  3.69e-05  1.36e-03  3.69e-05   True
  |   2,1024,2     gw150914  gs_half@fast            8.32e-04  1.36e-03  3.69e-05  1.36e-03  3.69e-05   True
  |   2,2048,4     aligo02   main                    5.54e-02  2.01e-02  1.21e-03  2.01e-02  1.21e-03   True
  |   2,2048,4     aligo02   main_hoisted            4.10e-02  1.27e-02  1.60e-03  1.27e-02  1.59e-03   True
  |   2,2048,4     aligo02   gemm_linv               3.63e-03  2.14e-03  2.55e-04  2.14e-03  2.55e-04   True
  |   2,2048,4     aligo02   gemm_cinv               3.63e-03  2.00e-03  2.43e-04  2.00e-03  2.43e-04   True
  |   2,2048,4     aligo02   gs_pr@pow2              3.63e-03  1.97e-03  2.31e-04  1.97e-03  2.31e-04   True
  |   2,2048,4     aligo02   gs_pr@fast              3.63e-03  1.97e-03  2.31e-04  1.97e-03  2.31e-04   True
  |   2,2048,4     aligo02   gs_pr_ascoded@pow2      3.63e-03  1.94e-03  2.43e-04  1.94e-03  2.43e-04   True
  |   2,2048,4     aligo02   gs_pr_ascoded@fast      3.63e-03  1.94e-03  2.43e-04  1.94e-03  2.43e-04   True
  |   2,2048,4     aligo02   gs_full@pow2            2.30e-03  1.97e-03  2.31e-04  1.97e-03  2.31e-04   True
  |   2,2048,4     aligo02   gs_full@fast            2.30e-03  1.97e-03  2.31e-04  1.97e-03  2.31e-04   True
  |   2,2048,4     aligo02   gs_half@pow2            2.30e-03  1.99e-03  2.55e-04  1.99e-03  2.55e-04   True
  |   2,2048,4     aligo02   gs_half@fast            2.30e-03  1.99e-03  2.55e-04  1.99e-03  2.55e-04   True
  |   2,2048,4     aligo2    main                    9.12e-03  8.51e-03  2.65e-04  8.51e-03  2.65e-04   True
  |   2,2048,4     aligo2    main_hoisted            5.91e-03  8.51e-03  2.83e-04  8.51e-03  2.83e-04   True
  |   2,2048,4     aligo2    gemm_linv               5.21e-03  5.43e-03  2.65e-04  5.43e-03  2.65e-04   True
  |   2,2048,4     aligo2    gemm_cinv               5.21e-03  6.01e-03  1.72e-04  6.01e-03  1.72e-04   True
  |   2,2048,4     aligo2    gs_pr@pow2              5.21e-03  5.81e-03  2.65e-04  5.81e-03  2.65e-04   True
  |   2,2048,4     aligo2    gs_pr@fast              5.21e-03  5.81e-03  2.65e-04  5.81e-03  2.65e-04   True
  |   2,2048,4     aligo2    gs_pr_ascoded@pow2      5.21e-03  5.72e-03  2.28e-04  5.72e-03  2.28e-04   True
  |   2,2048,4     aligo2    gs_pr_ascoded@fast      5.21e-03  5.72e-03  2.28e-04  5.72e-03  2.28e-04   True
  |   2,2048,4     aligo2    gs_full@pow2            5.21e-03  5.69e-03  2.46e-04  5.69e-03  2.46e-04   True
  |   2,2048,4     aligo2    gs_full@fast            5.21e-03  5.69e-03  2.46e-04  5.69e-03  2.46e-04   True
  |   2,2048,4     aligo2    gs_half@pow2            5.21e-03  6.01e-03  2.28e-04  6.01e-03  2.28e-04   True
  |   2,2048,4     aligo2    gs_half@fast            5.21e-03  6.01e-03  2.28e-04  6.01e-03  2.28e-04   True
  |   2,2048,4     aligo20   main                    7.26e-03  2.44e-02  2.53e-04  2.44e-02  2.53e-04   True
  |   2,2048,4     aligo20   main_hoisted            7.51e-03  2.46e-02  2.53e-04  2.46e-02  2.53e-04   True
  |   2,2048,4     aligo20   gemm_linv               7.75e-03  2.34e-02  2.35e-04  2.34e-02  2.35e-04   True
  |   2,2048,4     aligo20   gemm_cinv               7.51e-03  2.65e-02  2.24e-04  2.65e-02  2.24e-04   True
  |   2,2048,4     aligo20   gs_pr@pow2              7.51e-03  2.63e-02  2.12e-04  2.63e-02  2.12e-04   True
  |   2,2048,4     aligo20   gs_pr@fast              7.51e-03  2.63e-02  2.12e-04  2.63e-02  2.12e-04   True
  |   2,2048,4     aligo20   gs_pr_ascoded@pow2      7.51e-03  2.63e-02  2.40e-04  2.63e-02  2.40e-04   True
  |   2,2048,4     aligo20   gs_pr_ascoded@fast      7.51e-03  2.63e-02  2.40e-04  2.63e-02  2.40e-04   True
  |   2,2048,4     aligo20   gs_full@pow2            7.49e-03  2.69e-02  2.53e-04  2.69e-02  2.53e-04   True
  |   2,2048,4     aligo20   gs_full@fast            7.49e-03  2.69e-02  2.53e-04  2.69e-02  2.53e-04   True
  |   2,2048,4     aligo20   gs_half@pow2            7.51e-03  2.38e-02  2.40e-04  2.38e-02  2.40e-04   True
  |   2,2048,4     aligo20   gs_half@fast            7.51e-03  2.38e-02  2.40e-04  2.38e-02  2.40e-04   True
  |   2,2048,4     expcos    main                    5.51e-02  2.94e-02  3.91e-03  2.94e-02  3.91e-03   True
  |   2,2048,4     expcos    main_hoisted            5.46e-02  3.17e-02  3.91e-03  3.17e-02  3.91e-03   True
  |   2,2048,4     expcos    gemm_linv               5.46e-02  3.05e-02  3.91e-03  3.05e-02  3.91e-03   True
  |   2,2048,4     expcos    gemm_cinv               5.46e-02  3.01e-02  3.91e-03  3.01e-02  3.91e-03   True
  |   2,2048,4     expcos    gs_pr@pow2              5.46e-02  2.97e-02  3.91e-03  2.97e-02  3.91e-03   True
  |   2,2048,4     expcos    gs_pr@fast              5.46e-02  2.97e-02  3.91e-03  2.97e-02  3.91e-03   True
  |   2,2048,4     expcos    gs_pr_ascoded@pow2      5.46e-02  3.01e-02  3.91e-03  3.01e-02  3.91e-03   True
  |   2,2048,4     expcos    gs_pr_ascoded@fast      5.46e-02  3.01e-02  3.91e-03  3.01e-02  3.91e-03   True
  |   2,2048,4     expcos    gs_full@pow2            5.46e-02  2.94e-02  3.91e-03  2.94e-02  3.91e-03   True
  |   2,2048,4     expcos    gs_full@fast            5.46e-02  2.94e-02  3.91e-03  2.94e-02  3.91e-03   True
  |   2,2048,4     expcos    gs_half@pow2            5.46e-02  3.01e-02  3.92e-03  3.01e-02  3.92e-03   True
  |   2,2048,4     expcos    gs_half@fast            5.46e-02  3.01e-02  3.92e-03  3.01e-02  3.92e-03   True
  |   2,2048,4     white     main                    7.04e-03  1.00e-01  3.54e-04  1.00e-01  3.54e-04   True
  |   2,2048,4     white     main_hoisted            7.04e-03  9.79e-02  3.30e-04  9.79e-02  3.30e-04   True
  |   2,2048,4     white     gemm_linv               7.04e-03  9.75e-02  3.54e-04  9.75e-02  3.54e-04   True
  |   2,2048,4     white     gemm_cinv               7.04e-03  9.75e-02  3.54e-04  9.75e-02  3.54e-04   True
  |   2,2048,4     white     gs_pr@pow2              7.04e-03  9.01e-02  3.59e-04  9.01e-02  3.59e-04   True
  |   2,2048,4     white     gs_pr@fast              7.04e-03  9.01e-02  3.59e-04  9.01e-02  3.59e-04   True
  |   2,2048,4     white     gs_pr_ascoded@pow2      7.04e-03  9.01e-02  3.59e-04  9.01e-02  3.59e-04   True
  |   2,2048,4     white     gs_pr_ascoded@fast      7.04e-03  9.01e-02  3.59e-04  9.01e-02  3.59e-04   True
  |   2,2048,4     white     gs_full@pow2            7.04e-03  9.14e-02  4.08e-04  9.14e-02  4.08e-04   True
  |   2,2048,4     white     gs_full@fast            7.04e-03  9.14e-02  4.08e-04  9.14e-02  4.08e-04   True
  |   2,2048,4     white     gs_half@pow2            7.04e-03  9.41e-02  4.16e-04  9.41e-02  4.16e-04   True
  |   2,2048,4     white     gs_half@fast            7.04e-03  9.41e-02  4.16e-04  9.41e-02  4.16e-04   True
  |   2,2048,4     gw150914  main                    1.70e-02  1.20e-02  1.31e-03  1.20e-02  1.31e-03   True
  |   2,2048,4     gw150914  main_hoisted            1.03e-02  9.84e-03  1.34e-03  9.84e-03  1.34e-03   True
  |   2,2048,4     gw150914  gemm_linv               5.94e-03  1.31e-02  8.67e-04  1.31e-02  8.67e-04   True
  |   2,2048,4     gw150914  gemm_cinv               5.94e-03  1.36e-02  9.01e-04  1.36e-02  9.01e-04   True
  |   2,2048,4     gw150914  gs_pr@pow2              5.08e-03  1.46e-02  9.67e-04  1.46e-02  9.67e-04   True
  |   2,2048,4     gw150914  gs_pr@fast              5.08e-03  1.46e-02  9.67e-04  1.46e-02  9.67e-04   True
  |   2,2048,4     gw150914  gs_pr_ascoded@pow2      5.08e-03  1.38e-02  9.17e-04  1.38e-02  9.17e-04   True
  |   2,2048,4     gw150914  gs_pr_ascoded@fast      5.08e-03  1.38e-02  9.17e-04  1.38e-02  9.17e-04   True
  |   2,2048,4     gw150914  gs_full@pow2            5.08e-03  1.38e-02  9.17e-04  1.38e-02  9.17e-04   True
  |   2,2048,4     gw150914  gs_full@fast            5.08e-03  1.38e-02  9.17e-04  1.38e-02  9.17e-04   True
  |   2,2048,4     gw150914  gs_half@pow2            6.06e-03  1.36e-02  9.01e-04  1.36e-02  9.01e-04   True
  |   2,2048,4     gw150914  gs_half@fast            6.06e-03  1.36e-02  9.01e-04  1.36e-02  9.01e-04   True
  |   3,1024,8     aligo02   main                    3.57e-01  3.87e+00  8.84e-03  3.87e+00  8.84e-03   True
  |   3,1024,8     aligo02   main_hoisted            3.43e-01  3.83e+00  8.75e-03  3.83e+00  8.75e-03   True
  |   3,1024,8     aligo02   gemm_linv               3.47e-01  3.88e+00  8.85e-03  3.88e+00  8.85e-03   True
  |   3,1024,8     aligo02   gemm_cinv               3.47e-01  3.88e+00  8.86e-03  3.88e+00  8.86e-03   True
  |   3,1024,8     aligo02   gs_pr@pow2              3.47e-01  3.88e+00  8.86e-03  3.88e+00  8.86e-03   True
  |   3,1024,8     aligo02   gs_pr@fast              3.47e-01  3.88e+00  8.86e-03  3.88e+00  8.86e-03   True
  |   3,1024,8     aligo02   gs_pr_ascoded@pow2      3.47e-01  3.88e+00  8.86e-03  3.88e+00  8.86e-03   True
  |   3,1024,8     aligo02   gs_pr_ascoded@fast      3.47e-01  3.88e+00  8.86e-03  3.88e+00  8.86e-03   True
  |   3,1024,8     aligo02   gs_full@pow2            3.47e-01  3.88e+00  8.85e-03  3.88e+00  8.85e-03   True
  |   3,1024,8     aligo02   gs_full@fast            3.47e-01  3.88e+00  8.85e-03  3.88e+00  8.85e-03   True
  |   3,1024,8     aligo02   gs_half@pow2            3.47e-01  3.88e+00  8.85e-03  3.88e+00  8.85e-03   True
  |   3,1024,8     aligo02   gs_half@fast            3.47e-01  3.88e+00  8.85e-03  3.88e+00  8.85e-03   True
  |   3,1024,8     aligo2    main                    4.80e-03  7.52e-05  2.31e-05  7.52e-05  2.31e-05   True
  |   3,1024,8     aligo2    main_hoisted            1.34e-03  9.32e-05  2.25e-05  9.32e-05  2.25e-05   True
  |   3,1024,8     aligo2    gemm_linv               1.34e-03  1.41e-05  8.80e-06  1.41e-05  8.80e-06   True
  |   3,1024,8     aligo2    gemm_cinv               1.34e-03  8.48e-06  4.88e-06  8.48e-06  4.88e-06   True
  |   3,1024,8     aligo2    gs_pr@pow2              1.34e-03  6.48e-06  3.04e-06  6.48e-06  3.04e-06   True
  |   3,1024,8     aligo2    gs_pr@fast              1.34e-03  6.48e-06  3.04e-06  6.48e-06  3.04e-06   True
  |   3,1024,8     aligo2    gs_pr_ascoded@pow2      1.34e-03  8.76e-06  4.64e-06  8.76e-06  4.64e-06   True
  |   3,1024,8     aligo2    gs_pr_ascoded@fast      1.34e-03  8.76e-06  4.64e-06  8.76e-06  4.64e-06   True
  |   3,1024,8     aligo2    gs_full@pow2            1.34e-03  1.34e-05  4.59e-06  1.34e-05  4.59e-06   True
  |   3,1024,8     aligo2    gs_full@fast            1.34e-03  1.34e-05  4.59e-06  1.34e-05  4.59e-06   True
  |   3,1024,8     aligo2    gs_half@pow2            1.34e-03  8.58e-06  3.38e-06  8.58e-06  3.38e-06   True
  |   3,1024,8     aligo2    gs_half@fast            1.34e-03  8.58e-06  3.38e-06  8.58e-06  3.38e-06   True
  |   3,1024,8     aligo20   main                    2.17e-02  7.70e-03  1.04e-03  7.70e-03  1.04e-03   True
  |   3,1024,8     aligo20   main_hoisted            2.20e-02  7.70e-03  1.04e-03  7.70e-03  1.04e-03   True
  |   3,1024,8     aligo20   gemm_linv               2.21e-02  7.70e-03  1.04e-03  7.70e-03  1.04e-03   True
  |   3,1024,8     aligo20   gemm_cinv               2.21e-02  7.70e-03  1.04e-03  7.70e-03  1.04e-03   True
  |   3,1024,8     aligo20   gs_pr@pow2              2.20e-02  7.70e-03  1.04e-03  7.70e-03  1.04e-03   True
  |   3,1024,8     aligo20   gs_pr@fast              2.20e-02  7.70e-03  1.04e-03  7.70e-03  1.04e-03   True
  |   3,1024,8     aligo20   gs_pr_ascoded@pow2      2.20e-02  7.70e-03  1.04e-03  7.70e-03  1.04e-03   True
  |   3,1024,8     aligo20   gs_pr_ascoded@fast      2.20e-02  7.70e-03  1.04e-03  7.70e-03  1.04e-03   True
  |   3,1024,8     aligo20   gs_full@pow2            2.21e-02  7.70e-03  1.04e-03  7.70e-03  1.04e-03   True
  |   3,1024,8     aligo20   gs_full@fast            2.21e-02  7.70e-03  1.04e-03  7.70e-03  1.04e-03   True
  |   3,1024,8     aligo20   gs_half@pow2            2.19e-02  7.70e-03  1.04e-03  7.70e-03  1.04e-03   True
  |   3,1024,8     aligo20   gs_half@fast            2.19e-02  7.70e-03  1.04e-03  7.70e-03  1.04e-03   True
  |   3,1024,8     expcos    main                    2.58e-01  1.46e+00  2.59e-02  1.46e+00  2.59e-02   True
  |   3,1024,8     expcos    main_hoisted            2.58e-01  1.42e+00  2.59e-02  1.42e+00  2.59e-02   True
  |   3,1024,8     expcos    gemm_linv               2.58e-01  1.46e+00  2.59e-02  1.46e+00  2.59e-02   True
  |   3,1024,8     expcos    gemm_cinv               2.58e-01  1.42e+00  2.60e-02  1.42e+00  2.60e-02   True
  |   3,1024,8     expcos    gs_pr@pow2              2.58e-01  1.46e+00  2.59e-02  1.46e+00  2.59e-02   True
  |   3,1024,8     expcos    gs_pr@fast              2.58e-01  1.46e+00  2.59e-02  1.46e+00  2.59e-02   True
  |   3,1024,8     expcos    gs_pr_ascoded@pow2      2.58e-01  1.46e+00  2.59e-02  1.46e+00  2.59e-02   True
  |   3,1024,8     expcos    gs_pr_ascoded@fast      2.58e-01  1.46e+00  2.59e-02  1.46e+00  2.59e-02   True
  |   3,1024,8     expcos    gs_full@pow2            2.58e-01  1.41e+00  2.60e-02  1.41e+00  2.60e-02   True
  |   3,1024,8     expcos    gs_full@fast            2.58e-01  1.41e+00  2.60e-02  1.41e+00  2.60e-02   True
  |   3,1024,8     expcos    gs_half@pow2            2.58e-01  1.44e+00  2.60e-02  1.44e+00  2.60e-02   True
  |   3,1024,8     expcos    gs_half@fast            2.58e-01  1.44e+00  2.60e-02  1.44e+00  2.60e-02   True
  |   3,1024,8     white     main                    6.92e-01  8.03e-01  2.56e-02  8.03e-01  2.56e-02   True
  |   3,1024,8     white     main_hoisted            6.92e-01  8.03e-01  2.56e-02  8.03e-01  2.56e-02   True
  |   3,1024,8     white     gemm_linv               6.92e-01  8.03e-01  2.56e-02  8.03e-01  2.56e-02   True
  |   3,1024,8     white     gemm_cinv               6.92e-01  8.03e-01  2.56e-02  8.03e-01  2.56e-02   True
  |   3,1024,8     white     gs_pr@pow2              6.92e-01  8.04e-01  2.56e-02  8.04e-01  2.56e-02   True
  |   3,1024,8     white     gs_pr@fast              6.92e-01  8.04e-01  2.56e-02  8.04e-01  2.56e-02   True
  |   3,1024,8     white     gs_pr_ascoded@pow2      6.92e-01  8.04e-01  2.56e-02  8.04e-01  2.56e-02   True
  |   3,1024,8     white     gs_pr_ascoded@fast      6.92e-01  8.04e-01  2.56e-02  8.04e-01  2.56e-02   True
  |   3,1024,8     white     gs_full@pow2            6.92e-01  8.03e-01  2.56e-02  8.03e-01  2.56e-02   True
  |   3,1024,8     white     gs_full@fast            6.92e-01  8.03e-01  2.56e-02  8.03e-01  2.56e-02   True
  |   3,1024,8     white     gs_half@pow2            6.92e-01  8.04e-01  2.56e-02  8.04e-01  2.56e-02   True
  |   3,1024,8     white     gs_half@fast            6.92e-01  8.04e-01  2.56e-02  8.04e-01  2.56e-02   True
  |   3,1024,8     gw150914  main                    1.96e-01  9.77e-01  1.23e-02  9.77e-01  1.23e-02   True
  |   3,1024,8     gw150914  main_hoisted            1.93e-01  1.12e+00  1.23e-02  1.12e+00  1.23e-02   True
  |   3,1024,8     gw150914  gemm_linv               1.93e-01  1.12e+00  1.23e-02  1.12e+00  1.23e-02   True
  |   3,1024,8     gw150914  gemm_cinv               1.93e-01  9.77e-01  1.23e-02  9.77e-01  1.23e-02   True
  |   3,1024,8     gw150914  gs_pr@pow2              1.93e-01  1.00e+00  1.23e-02  1.00e+00  1.23e-02   True
  |   3,1024,8     gw150914  gs_pr@fast              1.93e-01  1.00e+00  1.23e-02  1.00e+00  1.23e-02   True
  |   3,1024,8     gw150914  gs_pr_ascoded@pow2      1.93e-01  9.60e-01  1.23e-02  9.60e-01  1.23e-02   True
  |   3,1024,8     gw150914  gs_pr_ascoded@fast      1.93e-01  9.60e-01  1.23e-02  9.60e-01  1.23e-02   True
  |   3,1024,8     gw150914  gs_full@pow2            1.93e-01  1.54e+00  1.23e-02  1.54e+00  1.23e-02   True
  |   3,1024,8     gw150914  gs_full@fast            1.93e-01  1.54e+00  1.23e-02  1.54e+00  1.23e-02   True
  |   3,1024,8     gw150914  gs_half@pow2            1.93e-01  1.26e+00  1.23e-02  1.26e+00  1.23e-02   True
  |   3,1024,8     gw150914  gs_half@fast            1.93e-01  1.26e+00  1.23e-02  1.26e+00  1.23e-02   True
  |   2,4096,4     aligo02   main                    6.20e-02  8.75e-03  1.02e-03  8.75e-03  1.02e-03   True
  |   2,4096,4     aligo02   main_hoisted            1.30e-02  1.13e-02  2.23e-03  1.13e-02  2.23e-03   True
  |   2,4096,4     aligo02   gemm_linv               7.42e-03  1.31e-04  1.53e-05  1.31e-04  1.53e-05   True
  |   2,4096,4     aligo02   gemm_cinv               7.42e-03  3.11e-05  4.71e-06  3.11e-05  4.71e-06   True
  |   2,4096,4     aligo02   gs_pr@pow2              7.42e-03  2.82e-05  5.70e-06  2.82e-05  5.70e-06   True
  |   2,4096,4     aligo02   gs_pr@fast              7.42e-03  2.82e-05  5.70e-06  2.82e-05  5.70e-06   True
  |   2,4096,4     aligo02   gs_pr_ascoded@pow2      7.42e-03  3.25e-05  7.86e-06  3.24e-05  7.87e-06   True
  |   2,4096,4     aligo02   gs_pr_ascoded@fast      7.42e-03  3.25e-05  7.86e-06  3.24e-05  7.87e-06   True
  |   2,4096,4     aligo02   gs_full@pow2            7.42e-03  2.80e-05  5.66e-06  2.80e-05  5.66e-06   True
  |   2,4096,4     aligo02   gs_full@fast            7.42e-03  2.80e-05  5.66e-06  2.80e-05  5.66e-06   True
  |   2,4096,4     aligo02   gs_half@pow2            7.42e-03  3.58e-05  6.80e-06  3.59e-05  6.80e-06   True
  |   2,4096,4     aligo02   gs_half@fast            7.42e-03  3.58e-05  6.80e-06  3.59e-05  6.80e-06   True
  |   2,4096,4     aligo2    main                    7.96e-03  1.33e-04  2.63e-05  1.33e-04  2.63e-05   True
  |   2,4096,4     aligo2    main_hoisted            2.10e-03  3.20e-04  3.37e-05  3.20e-04  3.37e-05   True
  |   2,4096,4     aligo2    gemm_linv               2.10e-03  3.63e-04  4.79e-05  3.63e-04  4.79e-05   True
  |   2,4096,4     aligo2    gemm_cinv               2.10e-03  1.34e-05  4.73e-06  1.34e-05  4.73e-06   True
  |   2,4096,4     aligo2    gs_pr@pow2              2.10e-03  1.65e-05  4.55e-06  1.65e-05  4.55e-06   True
  |   2,4096,4     aligo2    gs_pr@fast              2.10e-03  1.65e-05  4.55e-06  1.65e-05  4.55e-06   True
  |   2,4096,4     aligo2    gs_pr_ascoded@pow2      2.10e-03  2.24e-05  4.21e-06  2.24e-05  4.21e-06   True
  |   2,4096,4     aligo2    gs_pr_ascoded@fast      2.10e-03  2.24e-05  4.21e-06  2.24e-05  4.21e-06   True
  |   2,4096,4     aligo2    gs_full@pow2            2.10e-03  1.89e-05  3.97e-06  1.89e-05  3.97e-06   True
  |   2,4096,4     aligo2    gs_full@fast            2.10e-03  1.89e-05  3.97e-06  1.89e-05  3.97e-06   True
  |   2,4096,4     aligo2    gs_half@pow2            2.10e-03  1.75e-05  4.41e-06  1.75e-05  4.41e-06   True
  |   2,4096,4     aligo2    gs_half@fast            2.10e-03  1.75e-05  4.41e-06  1.75e-05  4.41e-06   True
  |   2,4096,4     aligo20   main                    9.49e-04  4.29e-05  1.13e-05  4.29e-05  1.13e-05   True
  |   2,4096,4     aligo20   main_hoisted            4.61e-04  5.31e-05  1.20e-05  5.31e-05  1.20e-05   True
  |   2,4096,4     aligo20   gemm_linv               4.61e-04  1.16e-04  1.53e-05  1.16e-04  1.53e-05   True
  |   2,4096,4     aligo20   gemm_cinv               4.31e-04  2.96e-05  4.14e-06  2.96e-05  4.14e-06   True
  |   2,4096,4     aligo20   gs_pr@pow2              4.61e-04  2.94e-05  3.59e-06  2.94e-05  3.59e-06   True
  |   2,4096,4     aligo20   gs_pr@fast              4.61e-04  2.94e-05  3.59e-06  2.94e-05  3.59e-06   True
  |   2,4096,4     aligo20   gs_pr_ascoded@pow2      4.61e-04  3.09e-05  3.07e-06  3.09e-05  3.07e-06   True
  |   2,4096,4     aligo20   gs_pr_ascoded@fast      4.61e-04  3.09e-05  3.07e-06  3.09e-05  3.07e-06   True
  |   2,4096,4     aligo20   gs_full@pow2            4.31e-04  3.71e-05  3.00e-06  3.71e-05  3.00e-06   True
  |   2,4096,4     aligo20   gs_full@fast            4.31e-04  3.71e-05  3.00e-06  3.71e-05  3.00e-06   True
  |   2,4096,4     aligo20   gs_half@pow2            4.31e-04  2.94e-05  3.86e-06  2.94e-05  3.86e-06   True
  |   2,4096,4     aligo20   gs_half@fast            4.31e-04  2.94e-05  3.86e-06  2.94e-05  3.86e-06   True
  |   2,4096,4     expcos    main                    1.07e-03  5.40e-05  7.61e-06  5.40e-05  7.61e-06   True
  |   2,4096,4     expcos    main_hoisted            5.85e-04  5.75e-05  7.77e-06  5.75e-05  7.77e-06   True
  |   2,4096,4     expcos    gemm_linv               5.85e-04  5.86e-05  6.72e-06  5.86e-05  6.72e-06   True
  |   2,4096,4     expcos    gemm_cinv               5.85e-04  2.57e-05  3.84e-06  2.57e-05  3.84e-06   True
  |   2,4096,4     expcos    gs_pr@pow2              5.85e-04  5.51e-05  7.53e-06  5.51e-05  7.53e-06   True
  |   2,4096,4     expcos    gs_pr@fast              5.85e-04  5.51e-05  7.53e-06  5.51e-05  7.53e-06   True
  |   2,4096,4     expcos    gs_pr_ascoded@pow2      5.85e-04  7.63e-05  6.53e-06  7.63e-05  6.53e-06   True
  |   2,4096,4     expcos    gs_pr_ascoded@fast      5.85e-04  7.63e-05  6.53e-06  7.63e-05  6.53e-06   True
  |   2,4096,4     expcos    gs_full@pow2            5.85e-04  5.66e-05  7.27e-06  5.66e-05  7.27e-06   True
  |   2,4096,4     expcos    gs_full@fast            5.85e-04  5.66e-05  7.27e-06  5.66e-05  7.27e-06   True
  |   2,4096,4     expcos    gs_half@pow2            5.85e-04  3.97e-05  4.89e-06  3.97e-05  4.89e-06   True
  |   2,4096,4     expcos    gs_half@fast            5.85e-04  3.97e-05  4.89e-06  3.97e-05  4.89e-06   True
  |   2,4096,4     white     main                    4.57e-04  7.05e-04  1.40e-05  7.05e-04  1.40e-05   True
  |   2,4096,4     white     main_hoisted            4.57e-04  6.31e-04  1.37e-05  6.31e-04  1.37e-05   True
  |   2,4096,4     white     gemm_linv               4.57e-04  4.08e-04  1.35e-05  4.08e-04  1.35e-05   True
  |   2,4096,4     white     gemm_cinv               4.57e-04  4.14e-04  1.34e-05  4.14e-04  1.34e-05   True
  |   2,4096,4     white     gs_pr@pow2              4.57e-04  8.88e-04  1.29e-05  8.88e-04  1.29e-05   True
  |   2,4096,4     white     gs_pr@fast              4.57e-04  8.88e-04  1.29e-05  8.88e-04  1.29e-05   True
  |   2,4096,4     white     gs_pr_ascoded@pow2      4.57e-04  8.88e-04  1.29e-05  8.88e-04  1.29e-05   True
  |   2,4096,4     white     gs_pr_ascoded@fast      4.57e-04  8.88e-04  1.29e-05  8.88e-04  1.29e-05   True
  |   2,4096,4     white     gs_full@pow2            4.57e-04  7.07e-04  8.93e-06  7.07e-04  8.93e-06   True
  |   2,4096,4     white     gs_full@fast            4.57e-04  7.07e-04  8.93e-06  7.07e-04  8.93e-06   True
  |   2,4096,4     white     gs_half@pow2            4.57e-04  6.65e-04  1.25e-05  6.65e-04  1.25e-05   True
  |   2,4096,4     white     gs_half@fast            4.57e-04  6.65e-04  1.25e-05  6.65e-04  1.25e-05   True
  |   2,4096,4     gw150914  main                    1.50e-01  2.36e+01  4.38e-03  2.38e+01  4.38e-03   True
  |   2,4096,4     gw150914  main_hoisted            4.08e-03  4.70e+01  5.37e-04  4.75e+01  5.37e-04   True
  |   2,4096,4     gw150914  gemm_linv               3.87e-03  4.84e-01  2.75e-04  5.48e-01  2.75e-04   True
  |   2,4096,4     gw150914  gemm_cinv               3.87e-03  7.90e+00  4.19e-04  8.20e+00  4.19e-04   True
  |   2,4096,4     gw150914  gs_pr@pow2              5.76e-03  3.78e+00  3.62e-04  5.22e+00  3.60e-04   True
  |   2,4096,4     gw150914  gs_pr@fast              5.76e-03  3.78e+00  3.62e-04  5.22e+00  3.60e-04   True
  |   2,4096,4     gw150914  gs_pr_ascoded@pow2      5.76e-03  4.16e+00  3.83e-04  5.10e+00  3.80e-04   True
  |   2,4096,4     gw150914  gs_pr_ascoded@fast      5.76e-03  4.16e+00  3.83e-04  5.10e+00  3.80e-04   True
  |   2,4096,4     gw150914  gs_full@pow2            5.76e-03  6.95e+00  3.91e-04  8.74e+00  3.93e-04   True
  |   2,4096,4     gw150914  gs_full@fast            5.76e-03  6.95e+00  3.91e-04  8.74e+00  3.93e-04   True
  |   2,4096,4     gw150914  gs_half@pow2            5.76e-03  8.09e+00  4.52e-04  1.02e+01  4.49e-04   True
  |   2,4096,4     gw150914  gs_half@fast            5.76e-03  8.09e+00  4.52e-04  1.02e+01  4.49e-04   True
  | 
  | === LEG gpu_f32_hi DONE in 574.3 s -> /mnt/home/misi/src/ringdown/benchmarks/gs/results/local.gpu_f32_hi.json ===
  |   (leg wall 581.2 s, exit 0)

=== ALL LEGS DONE in 12695.7 s -> /mnt/home/misi/src/ringdown/benchmarks/gs/results/local.json ===
Next:  python /mnt/home/misi/src/ringdown/benchmarks/gs/analyze_gs.py /mnt/home/misi/src/ringdown/benchmarks/gs/results/local.json
